INSERT INTO CUSTOMERS (id, first_name, last_name) values ('6c5a8cb6-edbe-4931-94a4-dc85b49baa58', 'Kraig', 'Keebler');
INSERT INTO CUSTOMER_IDENTIFIERS (customer_id, identifier_id, identifier_value) values ('6c5a8cb6-edbe-4931-94a4-dc85b49baa58', 103, '780-674-92-65');
INSERT INTO CUSTOMER_ADDRESSES (address_id, customer_id, address_type, street_address, zip_code, city, country) values ('5add03a5-fda2-467a-8739-d5308e94cda8', '6c5a8cb6-edbe-4931-94a4-dc85b49baa58', 'R', '92250 Bernhard Estates', '89942-8390', 'North Al', 'Guinea-Bissau');
INSERT INTO CUSTOMER_ADDRESSES (address_id, customer_id, address_type, street_address, zip_code, city, country) values ('5368afe1-c06a-41a2-a495-71169508966e', '6c5a8cb6-edbe-4931-94a4-dc85b49baa58', 'M', '393 Walton Junction', '82175-5722', 'Elizabethmouth', 'Hong Kong');
INSERT INTO CUSTOMERS (id, first_name, last_name) values ('63f91b99-9bd1-4729-9edc-778f9844dd09', 'Rasheeda', 'Gutmann');
INSERT INTO CUSTOMER_IDENTIFIERS (customer_id, identifier_id, identifier_value) values ('63f91b99-9bd1-4729-9edc-778f9844dd09', 102, '447534735');
INSERT INTO CUSTOMER_ADDRESSES (address_id, customer_id, address_type, street_address, zip_code, city, country) values ('7d39b2a4-43f6-4274-af58-fe217e23e6ee', '63f91b99-9bd1-4729-9edc-778f9844dd09', 'R', '5133 Bergstrom Mills', '99249', 'Port Clydehaven', 'Greenland');
INSERT INTO CUSTOMER_ADDRESSES (address_id, customer_id, address_type, street_address, zip_code, city, country) values ('dafd7f17-0115-4c74-adc7-c0af7b189a3c', '63f91b99-9bd1-4729-9edc-778f9844dd09', 'M', '99833 Shaunda Tunnel', '75788', 'Jeremyton', 'Falkland Islands (Malvinas)');
INSERT INTO CUSTOMERS (id, first_name, last_name) values ('504a3e58-9608-4a3d-9206-3684021f5da6', 'Stephani', 'Klocko');
INSERT INTO CUSTOMER_IDENTIFIERS (customer_id, identifier_id, identifier_value) values ('504a3e58-9608-4a3d-9206-3684021f5da6', 101, '82530870073');
INSERT INTO CUSTOMER_ADDRESSES (address_id, customer_id, address_type, street_address, zip_code, city, country) values ('561532ad-44b6-413c-99d5-99af140c54ac', '504a3e58-9608-4a3d-9206-3684021f5da6', 'R', '21537 Waelchi Ford', '81486', 'Noblemouth', 'India');
INSERT INTO CUSTOMER_ADDRESSES (address_id, customer_id, address_type, street_address, zip_code, city, country) values ('b4168e88-224e-4d7c-9ca7-2680ff9cea38', '504a3e58-9608-4a3d-9206-3684021f5da6', 'M', '44349 Marquardt Place', '31966', 'Harrisonfurt', 'Guinea-Bissau');
INSERT INTO CUSTOMERS (id, first_name, last_name) values ('a416c07a-7f0d-4da5-a7d0-d4ad4ccaed52', 'Dana', 'Dooley');
INSERT INTO CUSTOMER_IDENTIFIERS (customer_id, identifier_id, identifier_value) values ('a416c07a-7f0d-4da5-a7d0-d4ad4ccaed52', 101, '13469014675');
INSERT INTO CUSTOMER_IDENTIFIERS (customer_id, identifier_id, identifier_value) values ('a416c07a-7f0d-4da5-a7d0-d4ad4ccaed52', 102, '611751885');
INSERT INTO CUSTOMER_IDENTIFIERS (customer_id, identifier_id, identifier_value) values ('a416c07a-7f0d-4da5-a7d0-d4ad4ccaed52', 103, '369-347-16-38');
INSERT INTO CUSTOMER_ADDRESSES (address_id, customer_id, address_type, street_address, zip_code, city, country) values ('264d6f83-ca1f-4212-b8c2-8e0fc21cb82d', 'a416c07a-7f0d-4da5-a7d0-d4ad4ccaed52', 'R', '68241 Bruen Spurs', '70603-3762', 'Port Vikki', 'Myanmar');
INSERT INTO CUSTOMERS (id, first_name, last_name) values ('dfb8abfe-5638-4c2a-8e54-f724a64a61b2', 'Cory', 'Weimann');
INSERT INTO CUSTOMER_IDENTIFIERS (customer_id, identifier_id, identifier_value) values ('dfb8abfe-5638-4c2a-8e54-f724a64a61b2', 103, '711-568-40-81');
INSERT INTO CUSTOMER_ADDRESSES (address_id, customer_id, address_type, street_address, zip_code, city, country) values ('6ce79d8c-2cc7-4229-bb21-c8f29aef4d68', 'dfb8abfe-5638-4c2a-8e54-f724a64a61b2', 'R', '2959 Thiel Plains', '98751', 'Mooremouth', 'Albania');
INSERT INTO CUSTOMERS (id, first_name, last_name) values ('94e0ec33-4336-48ce-a911-40aa610b8b7b', 'Thanh', 'Schmidt');
INSERT INTO CUSTOMER_IDENTIFIERS (customer_id, identifier_id, identifier_value) values ('94e0ec33-4336-48ce-a911-40aa610b8b7b', 102, '646461993');
INSERT INTO CUSTOMER_IDENTIFIERS (customer_id, identifier_id, identifier_value) values ('94e0ec33-4336-48ce-a911-40aa610b8b7b', 103, '611-454-27-84');
INSERT INTO CUSTOMER_ADDRESSES (address_id, customer_id, address_type, street_address, zip_code, city, country) values ('37cb9542-b7aa-427c-a8e7-1028b11c1e7b', '94e0ec33-4336-48ce-a911-40aa610b8b7b', 'R', '94306 Domenic Extension', '72505', 'Lake Scottie', 'Papua New Guinea');
INSERT INTO CUSTOMERS (id, first_name, last_name) values ('e78293cf-bc98-4177-8569-63f5ea4e8544', 'Darline', 'Carroll');
INSERT INTO CUSTOMER_IDENTIFIERS (customer_id, identifier_id, identifier_value) values ('e78293cf-bc98-4177-8569-63f5ea4e8544', 102, '216335632');
INSERT INTO CUSTOMER_IDENTIFIERS (customer_id, identifier_id, identifier_value) values ('e78293cf-bc98-4177-8569-63f5ea4e8544', 103, '986-419-93-81');
INSERT INTO CUSTOMER_ADDRESSES (address_id, customer_id, address_type, street_address, zip_code, city, country) values ('1be26af0-6151-417e-8026-43a1c202bc17', 'e78293cf-bc98-4177-8569-63f5ea4e8544', 'R', '463 Greenholt Burg', '38164', 'Maggioshire', 'Panama');
INSERT INTO CUSTOMER_ADDRESSES (address_id, customer_id, address_type, street_address, zip_code, city, country) values ('b1420c41-84ab-4f6c-9b3b-f0471f0320fe', 'e78293cf-bc98-4177-8569-63f5ea4e8544', 'M', '04615 Mariano Brook', '35478-0002', 'Hintzchester', 'Grenada');
INSERT INTO CUSTOMERS (id, first_name, last_name) values ('64570ea8-f2fa-4235-a23e-1665d3a19a17', 'Saturnina', 'Gutkowski');
INSERT INTO CUSTOMER_IDENTIFIERS (customer_id, identifier_id, identifier_value) values ('64570ea8-f2fa-4235-a23e-1665d3a19a17', 101, '41720042963');
INSERT INTO CUSTOMER_IDENTIFIERS (customer_id, identifier_id, identifier_value) values ('64570ea8-f2fa-4235-a23e-1665d3a19a17', 102, '524573137');
INSERT INTO CUSTOMER_ADDRESSES (address_id, customer_id, address_type, street_address, zip_code, city, country) values ('f6eacf33-a260-4987-8e8a-b91fc8c4b642', '64570ea8-f2fa-4235-a23e-1665d3a19a17', 'R', '01240 Etta Hollow', '35393-0847', 'West Trevorhaven', 'Taiwan');
INSERT INTO CUSTOMERS (id, first_name, last_name) values ('e766eb27-681d-4abe-8d71-c75bf253391c', 'Anya', 'Hoeger');
INSERT INTO CUSTOMER_IDENTIFIERS (customer_id, identifier_id, identifier_value) values ('e766eb27-681d-4abe-8d71-c75bf253391c', 101, '47192032477');
INSERT INTO CUSTOMER_IDENTIFIERS (customer_id, identifier_id, identifier_value) values ('e766eb27-681d-4abe-8d71-c75bf253391c', 102, '587277720');
INSERT INTO CUSTOMER_ADDRESSES (address_id, customer_id, address_type, street_address, zip_code, city, country) values ('8fab7d71-d13a-4ba2-9948-861a4b3bf5a3', 'e766eb27-681d-4abe-8d71-c75bf253391c', 'R', '81938 Graham Ferry', '24025', 'O''Reillymouth', 'Hong Kong');
INSERT INTO CUSTOMERS (id, first_name, last_name) values ('4bc3cad6-5e45-48b6-9708-11d3c4ce673e', 'Cary', 'White');
INSERT INTO CUSTOMER_IDENTIFIERS (customer_id, identifier_id, identifier_value) values ('4bc3cad6-5e45-48b6-9708-11d3c4ce673e', 101, '67570144889');
INSERT INTO CUSTOMER_IDENTIFIERS (customer_id, identifier_id, identifier_value) values ('4bc3cad6-5e45-48b6-9708-11d3c4ce673e', 102, '527523090');
INSERT INTO CUSTOMER_ADDRESSES (address_id, customer_id, address_type, street_address, zip_code, city, country) values ('4aefb991-84ee-477d-b7a4-08f83b2b439e', '4bc3cad6-5e45-48b6-9708-11d3c4ce673e', 'R', '64574 Russel Inlet', '90049-2707', 'East Agatha', 'Saint Vincent and the Grenadines');
INSERT INTO CUSTOMERS (id, first_name, last_name) values ('ee7fec26-054c-48ff-843d-c340cba0ad2b', 'Armand', 'Pacocha');
INSERT INTO CUSTOMER_IDENTIFIERS (customer_id, identifier_id, identifier_value) values ('ee7fec26-054c-48ff-843d-c340cba0ad2b', 103, '695-492-44-76');
INSERT INTO CUSTOMER_ADDRESSES (address_id, customer_id, address_type, street_address, zip_code, city, country) values ('e34cb6b1-7fe7-43b0-bacd-4563c1b00531', 'ee7fec26-054c-48ff-843d-c340cba0ad2b', 'R', '946 Alfonzo Crescent', '58065', 'Seemachester', 'Cayman Islands');
INSERT INTO CUSTOMERS (id, first_name, last_name) values ('3f29127d-6bee-4cd2-a1bc-64a6c7e134c9', 'Virgilio', 'Ebert');
INSERT INTO CUSTOMER_IDENTIFIERS (customer_id, identifier_id, identifier_value) values ('3f29127d-6bee-4cd2-a1bc-64a6c7e134c9', 101, '34782363170');
INSERT INTO CUSTOMER_ADDRESSES (address_id, customer_id, address_type, street_address, zip_code, city, country) values ('d4e48887-355c-4168-a0a7-c0a3874ee8f7', '3f29127d-6bee-4cd2-a1bc-64a6c7e134c9', 'R', '867 Romaguera Village', '78112', 'Collinschester', 'Saint Vincent and the Grenadines');
INSERT INTO CUSTOMERS (id, first_name, last_name) values ('c603c59d-d157-4094-abe5-049dc80f8a43', 'Inger', 'Moore');
INSERT INTO CUSTOMER_IDENTIFIERS (customer_id, identifier_id, identifier_value) values ('c603c59d-d157-4094-abe5-049dc80f8a43', 101, '18309713686');
INSERT INTO CUSTOMER_IDENTIFIERS (customer_id, identifier_id, identifier_value) values ('c603c59d-d157-4094-abe5-049dc80f8a43', 102, '728813751');
INSERT INTO CUSTOMER_IDENTIFIERS (customer_id, identifier_id, identifier_value) values ('c603c59d-d157-4094-abe5-049dc80f8a43', 103, '529-561-78-20');
INSERT INTO CUSTOMER_ADDRESSES (address_id, customer_id, address_type, street_address, zip_code, city, country) values ('4b87ccff-f3ef-45f5-9b83-c77bd0a80bfd', 'c603c59d-d157-4094-abe5-049dc80f8a43', 'R', '519 Rudy Extension', '73952-1557', 'Jackmouth', 'British Indian Ocean Territory (Chagos Archipelago)');
INSERT INTO CUSTOMER_ADDRESSES (address_id, customer_id, address_type, street_address, zip_code, city, country) values ('f6bdfdd4-acd6-4fd6-8648-51eaef5b65aa', 'c603c59d-d157-4094-abe5-049dc80f8a43', 'M', '04564 Koch Road', '45584', 'North Celestine', 'Lithuania');
INSERT INTO CUSTOMERS (id, first_name, last_name) values ('da4d7e45-69e8-4882-8681-d76c4becb265', 'Cory', 'O''Reilly');
INSERT INTO CUSTOMER_IDENTIFIERS (customer_id, identifier_id, identifier_value) values ('da4d7e45-69e8-4882-8681-d76c4becb265', 102, '313479272');
INSERT INTO CUSTOMER_ADDRESSES (address_id, customer_id, address_type, street_address, zip_code, city, country) values ('6631dd66-1c28-4e49-84e3-6c5fd0cd0829', 'da4d7e45-69e8-4882-8681-d76c4becb265', 'R', '44509 Kub Mall', '00599-2302', 'South Laurelchester', 'Solomon Islands');
INSERT INTO CUSTOMERS (id, first_name, last_name) values ('b39962a9-5588-433b-bdc1-2d9d879d1d88', 'Jolene', 'Waelchi');
INSERT INTO CUSTOMER_IDENTIFIERS (customer_id, identifier_id, identifier_value) values ('b39962a9-5588-433b-bdc1-2d9d879d1d88', 103, '827-868-02-57');
INSERT INTO CUSTOMER_ADDRESSES (address_id, customer_id, address_type, street_address, zip_code, city, country) values ('c25aaf53-cd0b-4961-bb34-40c67b0cb320', 'b39962a9-5588-433b-bdc1-2d9d879d1d88', 'R', '23677 Bins Inlet', '70832', 'Lake Lucasport', 'Georgia');
INSERT INTO CUSTOMER_ADDRESSES (address_id, customer_id, address_type, street_address, zip_code, city, country) values ('522514ea-4d27-443a-8872-effcb1399dab', 'b39962a9-5588-433b-bdc1-2d9d879d1d88', 'M', '774 Doyle Lane', '34130', 'Deckowhaven', 'Colombia');
INSERT INTO CUSTOMERS (id, first_name, last_name) values ('8bc43217-4504-4d9f-952b-59dcaa257fc6', 'Heriberto', 'Ullrich');
INSERT INTO CUSTOMER_IDENTIFIERS (customer_id, identifier_id, identifier_value) values ('8bc43217-4504-4d9f-952b-59dcaa257fc6', 101, '19436505044');
INSERT INTO CUSTOMER_IDENTIFIERS (customer_id, identifier_id, identifier_value) values ('8bc43217-4504-4d9f-952b-59dcaa257fc6', 102, '035856480');
INSERT INTO CUSTOMER_IDENTIFIERS (customer_id, identifier_id, identifier_value) values ('8bc43217-4504-4d9f-952b-59dcaa257fc6', 103, '039-069-05-80');
INSERT INTO CUSTOMER_ADDRESSES (address_id, customer_id, address_type, street_address, zip_code, city, country) values ('7758da62-7068-4000-90e7-f331791989cc', '8bc43217-4504-4d9f-952b-59dcaa257fc6', 'R', '092 Beer Rest', '24991', 'Morissetteville', 'Mozambique');
INSERT INTO CUSTOMERS (id, first_name, last_name) values ('cbb9d725-e970-4c18-8dcd-72cd4f94e9e9', 'Jacalyn', 'Pfannerstill');
INSERT INTO CUSTOMER_IDENTIFIERS (customer_id, identifier_id, identifier_value) values ('cbb9d725-e970-4c18-8dcd-72cd4f94e9e9', 101, '74029990200');
INSERT INTO CUSTOMER_IDENTIFIERS (customer_id, identifier_id, identifier_value) values ('cbb9d725-e970-4c18-8dcd-72cd4f94e9e9', 102, '704294325');
INSERT INTO CUSTOMER_ADDRESSES (address_id, customer_id, address_type, street_address, zip_code, city, country) values ('156fc58e-56ff-4a84-bf60-437571b1e9a4', 'cbb9d725-e970-4c18-8dcd-72cd4f94e9e9', 'R', '468 Cassidy Streets', '01342-9911', 'New Angelitaside', 'Uruguay');
INSERT INTO CUSTOMERS (id, first_name, last_name) values ('854b9f04-5ec5-4e14-8f5c-025f53212d43', 'Charleen', 'Runte');
INSERT INTO CUSTOMER_IDENTIFIERS (customer_id, identifier_id, identifier_value) values ('854b9f04-5ec5-4e14-8f5c-025f53212d43', 102, '847581746');
INSERT INTO CUSTOMER_ADDRESSES (address_id, customer_id, address_type, street_address, zip_code, city, country) values ('c8c61827-9fd3-4fb0-92e3-aa44ebc8891f', '854b9f04-5ec5-4e14-8f5c-025f53212d43', 'R', '69819 Hodkiewicz Fields', '97026-4641', 'Clarissastad', 'Tunisia');
INSERT INTO CUSTOMER_ADDRESSES (address_id, customer_id, address_type, street_address, zip_code, city, country) values ('1290359c-82da-4be2-a345-ad71c9e19f19', '854b9f04-5ec5-4e14-8f5c-025f53212d43', 'M', '8053 Vandervort Fields', '74445', 'New Lashondabury', 'Yemen');
INSERT INTO CUSTOMERS (id, first_name, last_name) values ('78a73900-4680-4cee-9c34-4661cc697da4', 'Damion', 'Pagac');
INSERT INTO CUSTOMER_IDENTIFIERS (customer_id, identifier_id, identifier_value) values ('78a73900-4680-4cee-9c34-4661cc697da4', 101, '29675788277');
INSERT INTO CUSTOMER_ADDRESSES (address_id, customer_id, address_type, street_address, zip_code, city, country) values ('8e6b491d-1396-46a8-b862-6f561876e922', '78a73900-4680-4cee-9c34-4661cc697da4', 'R', '820 Eric Stream', '67755-1622', 'Wittingshire', 'Greenland');
INSERT INTO CUSTOMERS (id, first_name, last_name) values ('86ecb27a-c2a0-4076-992f-bb3797120664', 'Jeffry', 'Mills');
INSERT INTO CUSTOMER_IDENTIFIERS (customer_id, identifier_id, identifier_value) values ('86ecb27a-c2a0-4076-992f-bb3797120664', 101, '24284559661');
INSERT INTO CUSTOMER_IDENTIFIERS (customer_id, identifier_id, identifier_value) values ('86ecb27a-c2a0-4076-992f-bb3797120664', 102, '548978463');
INSERT INTO CUSTOMER_ADDRESSES (address_id, customer_id, address_type, street_address, zip_code, city, country) values ('c190b4eb-e8ec-47d6-9730-5c5a23101140', '86ecb27a-c2a0-4076-992f-bb3797120664', 'R', '341 Lynch Square', '22387', 'South Oren', 'Bosnia and Herzegovina');
INSERT INTO CUSTOMER_ADDRESSES (address_id, customer_id, address_type, street_address, zip_code, city, country) values ('b6c819a9-14fc-483a-94ea-4609cf582c85', '86ecb27a-c2a0-4076-992f-bb3797120664', 'M', '72717 Odis Corner', '08452', 'Isaiasberg', 'Canada');
INSERT INTO CUSTOMERS (id, first_name, last_name) values ('d87e5292-000e-486f-a446-99c1f74f7bb8', 'Crista', 'Pagac');
INSERT INTO CUSTOMER_IDENTIFIERS (customer_id, identifier_id, identifier_value) values ('d87e5292-000e-486f-a446-99c1f74f7bb8', 101, '64320761588');
INSERT INTO CUSTOMER_ADDRESSES (address_id, customer_id, address_type, street_address, zip_code, city, country) values ('434a53ea-ab8b-45b2-ae9f-97ca0599b196', 'd87e5292-000e-486f-a446-99c1f74f7bb8', 'R', '253 Kerluke Brook', '99669-5850', 'Vanbury', 'Trinidad and Tobago');
INSERT INTO CUSTOMER_ADDRESSES (address_id, customer_id, address_type, street_address, zip_code, city, country) values ('379bf7d8-8eb7-44cd-baf3-5444e9a70f02', 'd87e5292-000e-486f-a446-99c1f74f7bb8', 'M', '54740 Bahringer Crossing', '80579-1364', 'Port Fletcherfurt', 'Ethiopia');
INSERT INTO CUSTOMERS (id, first_name, last_name) values ('c752b741-1e64-47e1-be73-c9615de25e31', 'Lorette', 'Conn');
INSERT INTO CUSTOMER_IDENTIFIERS (customer_id, identifier_id, identifier_value) values ('c752b741-1e64-47e1-be73-c9615de25e31', 102, '071776255');
INSERT INTO CUSTOMER_ADDRESSES (address_id, customer_id, address_type, street_address, zip_code, city, country) values ('6a6cc23a-2191-4e72-b8da-73654275cbea', 'c752b741-1e64-47e1-be73-c9615de25e31', 'R', '0647 Auer Mall', '03452-8335', 'Kunzeburgh', 'Samoa');
INSERT INTO CUSTOMER_ADDRESSES (address_id, customer_id, address_type, street_address, zip_code, city, country) values ('694d79ae-a3ef-4680-9e83-b2d3b38b65f3', 'c752b741-1e64-47e1-be73-c9615de25e31', 'M', '39843 Ahmad Lodge', '13758', 'New Amberly', 'Cocos (Keeling) Islands');
INSERT INTO CUSTOMERS (id, first_name, last_name) values ('58713b64-76d1-46a5-bc6a-9fdd83f8858b', 'Nick', 'Lind');
INSERT INTO CUSTOMER_IDENTIFIERS (customer_id, identifier_id, identifier_value) values ('58713b64-76d1-46a5-bc6a-9fdd83f8858b', 101, '83255248419');
INSERT INTO CUSTOMER_IDENTIFIERS (customer_id, identifier_id, identifier_value) values ('58713b64-76d1-46a5-bc6a-9fdd83f8858b', 102, '596019361');
INSERT INTO CUSTOMER_ADDRESSES (address_id, customer_id, address_type, street_address, zip_code, city, country) values ('e1feb299-a15e-4393-9de3-070ea56462e7', '58713b64-76d1-46a5-bc6a-9fdd83f8858b', 'R', '01463 Mann Throughway', '48607-1158', 'South Katia', 'Qatar');
INSERT INTO CUSTOMERS (id, first_name, last_name) values ('204b29e0-58e2-4f90-b406-674c5829c537', 'Maryann', 'O''Kon');
INSERT INTO CUSTOMER_IDENTIFIERS (customer_id, identifier_id, identifier_value) values ('204b29e0-58e2-4f90-b406-674c5829c537', 103, '894-168-09-66');
INSERT INTO CUSTOMER_ADDRESSES (address_id, customer_id, address_type, street_address, zip_code, city, country) values ('e66b5b3b-8c79-4984-b34e-5cd8c68455fd', '204b29e0-58e2-4f90-b406-674c5829c537', 'R', '7272 Felicidad Green', '48618-8225', 'South Mai', 'Mayotte');
INSERT INTO CUSTOMERS (id, first_name, last_name) values ('334994f9-b41b-4e9d-a920-96d47cbc16f5', 'Tessa', 'Runte');
INSERT INTO CUSTOMER_IDENTIFIERS (customer_id, identifier_id, identifier_value) values ('334994f9-b41b-4e9d-a920-96d47cbc16f5', 101, '68561906975');
INSERT INTO CUSTOMER_IDENTIFIERS (customer_id, identifier_id, identifier_value) values ('334994f9-b41b-4e9d-a920-96d47cbc16f5', 102, '165201664');
INSERT INTO CUSTOMER_ADDRESSES (address_id, customer_id, address_type, street_address, zip_code, city, country) values ('e10d8ddd-cac4-4663-b377-abe8b25c8b42', '334994f9-b41b-4e9d-a920-96d47cbc16f5', 'R', '61336 Leffler Mews', '76204', 'New Lorenport', 'Georgia');
INSERT INTO CUSTOMERS (id, first_name, last_name) values ('f3fe7df6-30e6-4726-9d2b-51f14718336d', 'Alonso', 'Simonis');
INSERT INTO CUSTOMER_IDENTIFIERS (customer_id, identifier_id, identifier_value) values ('f3fe7df6-30e6-4726-9d2b-51f14718336d', 102, '820441546');
INSERT INTO CUSTOMER_ADDRESSES (address_id, customer_id, address_type, street_address, zip_code, city, country) values ('e5509b37-ea96-4703-9536-8766cc9a0516', 'f3fe7df6-30e6-4726-9d2b-51f14718336d', 'R', '82821 Cindie Landing', '02791-9138', 'Moenland', 'Turks and Caicos Islands');
INSERT INTO CUSTOMER_ADDRESSES (address_id, customer_id, address_type, street_address, zip_code, city, country) values ('6b4f1ccc-aff7-41b0-bc00-b27a4b92b3ed', 'f3fe7df6-30e6-4726-9d2b-51f14718336d', 'M', '569 Stoltenberg Circles', '83585-9971', 'Steuberfort', 'Iceland');
INSERT INTO CUSTOMERS (id, first_name, last_name) values ('09ade3db-9bf7-4368-8558-0bd64e933b86', 'Lance', 'Dach');
INSERT INTO CUSTOMER_IDENTIFIERS (customer_id, identifier_id, identifier_value) values ('09ade3db-9bf7-4368-8558-0bd64e933b86', 101, '13400376077');
INSERT INTO CUSTOMER_IDENTIFIERS (customer_id, identifier_id, identifier_value) values ('09ade3db-9bf7-4368-8558-0bd64e933b86', 102, '605849876');
INSERT INTO CUSTOMER_IDENTIFIERS (customer_id, identifier_id, identifier_value) values ('09ade3db-9bf7-4368-8558-0bd64e933b86', 103, '250-890-02-84');
INSERT INTO CUSTOMER_ADDRESSES (address_id, customer_id, address_type, street_address, zip_code, city, country) values ('53fae801-9414-4406-a398-46ed45bdb6c2', '09ade3db-9bf7-4368-8558-0bd64e933b86', 'R', '582 Rosenbaum Vista', '73367', 'Liliabury', 'Turks and Caicos Islands');
INSERT INTO CUSTOMERS (id, first_name, last_name) values ('ce99e28f-929c-4929-8d9d-4bb647e68f7a', 'Rogelio', 'Mueller');
INSERT INTO CUSTOMER_IDENTIFIERS (customer_id, identifier_id, identifier_value) values ('ce99e28f-929c-4929-8d9d-4bb647e68f7a', 101, '58960644088');
INSERT INTO CUSTOMER_IDENTIFIERS (customer_id, identifier_id, identifier_value) values ('ce99e28f-929c-4929-8d9d-4bb647e68f7a', 102, '001750075');
INSERT INTO CUSTOMER_IDENTIFIERS (customer_id, identifier_id, identifier_value) values ('ce99e28f-929c-4929-8d9d-4bb647e68f7a', 103, '451-770-21-55');
INSERT INTO CUSTOMER_ADDRESSES (address_id, customer_id, address_type, street_address, zip_code, city, country) values ('36b32173-08b8-4f69-a3b8-da89514f3f94', 'ce99e28f-929c-4929-8d9d-4bb647e68f7a', 'R', '782 Schinner Locks', '18236-1821', 'East Mauriceborough', 'Netherlands');
INSERT INTO CUSTOMERS (id, first_name, last_name) values ('de30e01e-d790-4133-9c8a-d6595cf95b25', 'Shayna', 'Sipes');
INSERT INTO CUSTOMER_IDENTIFIERS (customer_id, identifier_id, identifier_value) values ('de30e01e-d790-4133-9c8a-d6595cf95b25', 101, '22637073075');
INSERT INTO CUSTOMER_IDENTIFIERS (customer_id, identifier_id, identifier_value) values ('de30e01e-d790-4133-9c8a-d6595cf95b25', 102, '603730734');
INSERT INTO CUSTOMER_IDENTIFIERS (customer_id, identifier_id, identifier_value) values ('de30e01e-d790-4133-9c8a-d6595cf95b25', 103, '221-216-12-62');
INSERT INTO CUSTOMER_ADDRESSES (address_id, customer_id, address_type, street_address, zip_code, city, country) values ('f68bbce2-be14-474d-ab18-00167ead0995', 'de30e01e-d790-4133-9c8a-d6595cf95b25', 'R', '951 Danette Estates', '03965', 'Lacyview', 'Denmark');
INSERT INTO CUSTOMERS (id, first_name, last_name) values ('b6c96688-e3c9-4622-8f6f-49924677d922', 'Joselyn', 'Kshlerin');
INSERT INTO CUSTOMER_IDENTIFIERS (customer_id, identifier_id, identifier_value) values ('b6c96688-e3c9-4622-8f6f-49924677d922', 103, '262-121-62-52');
INSERT INTO CUSTOMER_ADDRESSES (address_id, customer_id, address_type, street_address, zip_code, city, country) values ('1e8cc657-093a-4713-a0c1-da5aee439426', 'b6c96688-e3c9-4622-8f6f-49924677d922', 'R', '9361 Gilbert Manors', '48126', 'East Winfordview', 'Sweden');
INSERT INTO CUSTOMERS (id, first_name, last_name) values ('386fcb42-d361-4acd-9d58-ba3027ca0963', 'Lyman', 'Hand');
INSERT INTO CUSTOMER_IDENTIFIERS (customer_id, identifier_id, identifier_value) values ('386fcb42-d361-4acd-9d58-ba3027ca0963', 101, '82262301665');
INSERT INTO CUSTOMER_IDENTIFIERS (customer_id, identifier_id, identifier_value) values ('386fcb42-d361-4acd-9d58-ba3027ca0963', 102, '902559863');
INSERT INTO CUSTOMER_IDENTIFIERS (customer_id, identifier_id, identifier_value) values ('386fcb42-d361-4acd-9d58-ba3027ca0963', 103, '312-713-65-01');
INSERT INTO CUSTOMER_ADDRESSES (address_id, customer_id, address_type, street_address, zip_code, city, country) values ('4d5e6730-44d5-475c-bfdc-ab37e65ad2f1', '386fcb42-d361-4acd-9d58-ba3027ca0963', 'R', '57296 Alycia Spur', '97496-8130', 'New Cynthia', 'United States Minor Outlying Islands');
INSERT INTO CUSTOMERS (id, first_name, last_name) values ('f6557bad-ee3c-4d81-931c-7ce536d9973d', 'Exie', 'Hamill');
INSERT INTO CUSTOMER_IDENTIFIERS (customer_id, identifier_id, identifier_value) values ('f6557bad-ee3c-4d81-931c-7ce536d9973d', 103, '988-365-36-23');
INSERT INTO CUSTOMER_ADDRESSES (address_id, customer_id, address_type, street_address, zip_code, city, country) values ('812e0e52-ec0c-4919-86a9-49e1da86bcdf', 'f6557bad-ee3c-4d81-931c-7ce536d9973d', 'R', '0233 Maggio Unions', '89565-7822', 'Port Samualfort', 'Vietnam');
INSERT INTO CUSTOMERS (id, first_name, last_name) values ('fb0b3ca5-b6c3-4046-b7a4-35a393ad59e2', 'Alan', 'Parker');
INSERT INTO CUSTOMER_IDENTIFIERS (customer_id, identifier_id, identifier_value) values ('fb0b3ca5-b6c3-4046-b7a4-35a393ad59e2', 102, '585186514');
INSERT INTO CUSTOMER_IDENTIFIERS (customer_id, identifier_id, identifier_value) values ('fb0b3ca5-b6c3-4046-b7a4-35a393ad59e2', 103, '309-914-64-87');
INSERT INTO CUSTOMER_ADDRESSES (address_id, customer_id, address_type, street_address, zip_code, city, country) values ('d0c5eca4-7b0e-4998-9cd1-2ac21b683f23', 'fb0b3ca5-b6c3-4046-b7a4-35a393ad59e2', 'R', '25504 Maybelle Hill', '59814-3957', 'West Busterfort', 'Cameroon');
INSERT INTO CUSTOMERS (id, first_name, last_name) values ('5050ea68-f77a-4096-9a54-0522e45b8398', 'Cordia', 'Altenwerth');
INSERT INTO CUSTOMER_IDENTIFIERS (customer_id, identifier_id, identifier_value) values ('5050ea68-f77a-4096-9a54-0522e45b8398', 103, '911-488-17-30');
INSERT INTO CUSTOMER_ADDRESSES (address_id, customer_id, address_type, street_address, zip_code, city, country) values ('2f51b36f-cd19-48d3-b470-b73e63861e91', '5050ea68-f77a-4096-9a54-0522e45b8398', 'R', '11084 Volkman Estates', '36479-1537', 'Pricemouth', 'Solomon Islands');
INSERT INTO CUSTOMERS (id, first_name, last_name) values ('c4d5f1d9-f077-44de-8fef-3c504b73c65d', 'Mathew', 'Legros');
INSERT INTO CUSTOMER_IDENTIFIERS (customer_id, identifier_id, identifier_value) values ('c4d5f1d9-f077-44de-8fef-3c504b73c65d', 102, '191308706');
INSERT INTO CUSTOMER_ADDRESSES (address_id, customer_id, address_type, street_address, zip_code, city, country) values ('c3a30ee2-d4ee-4742-91f3-c72b06997155', 'c4d5f1d9-f077-44de-8fef-3c504b73c65d', 'R', '6211 White Loaf', '69414', 'Sengershire', 'Russian Federation');
INSERT INTO CUSTOMERS (id, first_name, last_name) values ('c7796361-7f8c-4a28-91e1-e965f3da672e', 'Tangela', 'Fay');
INSERT INTO CUSTOMER_IDENTIFIERS (customer_id, identifier_id, identifier_value) values ('c7796361-7f8c-4a28-91e1-e965f3da672e', 103, '696-081-14-17');
INSERT INTO CUSTOMER_ADDRESSES (address_id, customer_id, address_type, street_address, zip_code, city, country) values ('af47b115-3a54-4af0-b476-d873db443b85', 'c7796361-7f8c-4a28-91e1-e965f3da672e', 'R', '9679 Roland Roads', '80212', 'Port Frankiehaven', 'Antarctica (the territory South of 60 deg S)');
INSERT INTO CUSTOMERS (id, first_name, last_name) values ('8c9ba32f-b6f2-4e92-bb2b-a4171adfd01e', 'Matt', 'Kozey');
INSERT INTO CUSTOMER_IDENTIFIERS (customer_id, identifier_id, identifier_value) values ('8c9ba32f-b6f2-4e92-bb2b-a4171adfd01e', 101, '98548476345');
INSERT INTO CUSTOMER_ADDRESSES (address_id, customer_id, address_type, street_address, zip_code, city, country) values ('7fac549e-5cac-499b-beef-951ff7b870c6', '8c9ba32f-b6f2-4e92-bb2b-a4171adfd01e', 'R', '002 Luther Estate', '56953-4788', 'New Royce', 'Jamaica');
INSERT INTO CUSTOMERS (id, first_name, last_name) values ('6439c147-bbcf-40a3-8ecc-29ae807c6ec7', 'Domenic', 'Bauch');
INSERT INTO CUSTOMER_IDENTIFIERS (customer_id, identifier_id, identifier_value) values ('6439c147-bbcf-40a3-8ecc-29ae807c6ec7', 102, '257452779');
INSERT INTO CUSTOMER_IDENTIFIERS (customer_id, identifier_id, identifier_value) values ('6439c147-bbcf-40a3-8ecc-29ae807c6ec7', 103, '756-956-72-65');
INSERT INTO CUSTOMER_ADDRESSES (address_id, customer_id, address_type, street_address, zip_code, city, country) values ('dbb3e8a3-687c-4d92-a7d1-fe058f49047d', '6439c147-bbcf-40a3-8ecc-29ae807c6ec7', 'R', '74890 Morissette Neck', '47984-6751', 'Tommieborough', 'Afghanistan');
INSERT INTO CUSTOMER_ADDRESSES (address_id, customer_id, address_type, street_address, zip_code, city, country) values ('4fbe3af7-a42e-4750-8d0e-378481258d55', '6439c147-bbcf-40a3-8ecc-29ae807c6ec7', 'M', '57127 Kendall Freeway', '65833-6191', 'West Yurikobury', 'Martinique');
INSERT INTO CUSTOMERS (id, first_name, last_name) values ('e4a37f7b-9a35-485f-a92f-56a94e9d1fb3', 'Darlene', 'Feeney');
INSERT INTO CUSTOMER_IDENTIFIERS (customer_id, identifier_id, identifier_value) values ('e4a37f7b-9a35-485f-a92f-56a94e9d1fb3', 101, '48378857182');
INSERT INTO CUSTOMER_IDENTIFIERS (customer_id, identifier_id, identifier_value) values ('e4a37f7b-9a35-485f-a92f-56a94e9d1fb3', 103, '743-327-00-96');
INSERT INTO CUSTOMER_ADDRESSES (address_id, customer_id, address_type, street_address, zip_code, city, country) values ('fd47342d-7329-4192-92f7-9521d3c1b894', 'e4a37f7b-9a35-485f-a92f-56a94e9d1fb3', 'R', '83472 Volkman Fields', '04764', 'Eldonberg', 'Lebanon');
INSERT INTO CUSTOMER_ADDRESSES (address_id, customer_id, address_type, street_address, zip_code, city, country) values ('c550c3de-a45c-4cfd-b8ef-2700a0be6fea', 'e4a37f7b-9a35-485f-a92f-56a94e9d1fb3', 'M', '8990 Dietrich Creek', '24617', 'Hettingerville', 'Timor-Leste');
INSERT INTO CUSTOMERS (id, first_name, last_name) values ('fb913411-5fa0-4987-b20c-4e5ff78c3264', 'Hanh', 'Dietrich');
INSERT INTO CUSTOMER_IDENTIFIERS (customer_id, identifier_id, identifier_value) values ('fb913411-5fa0-4987-b20c-4e5ff78c3264', 103, '739-916-45-77');
INSERT INTO CUSTOMER_ADDRESSES (address_id, customer_id, address_type, street_address, zip_code, city, country) values ('cbdd4953-9586-4b12-bd1c-ae0d51821757', 'fb913411-5fa0-4987-b20c-4e5ff78c3264', 'R', '2497 Hahn Corners', '69842', 'South Monte', 'Macedonia');
INSERT INTO CUSTOMERS (id, first_name, last_name) values ('7ff56f00-5191-4486-8ca2-7716095d36e9', 'Stanley', 'Rau');
INSERT INTO CUSTOMER_IDENTIFIERS (customer_id, identifier_id, identifier_value) values ('7ff56f00-5191-4486-8ca2-7716095d36e9', 102, '234708148');
INSERT INTO CUSTOMER_IDENTIFIERS (customer_id, identifier_id, identifier_value) values ('7ff56f00-5191-4486-8ca2-7716095d36e9', 103, '669-626-10-70');
INSERT INTO CUSTOMER_ADDRESSES (address_id, customer_id, address_type, street_address, zip_code, city, country) values ('699d179c-2568-4700-8a1f-df24a1e815f0', '7ff56f00-5191-4486-8ca2-7716095d36e9', 'R', '740 Anthony Burg', '88993-2072', 'Lake Jarodberg', 'Kuwait');
INSERT INTO CUSTOMERS (id, first_name, last_name) values ('d5905f1f-bb82-4c95-8d10-6a018167ec70', 'Layne', 'Zieme');
INSERT INTO CUSTOMER_IDENTIFIERS (customer_id, identifier_id, identifier_value) values ('d5905f1f-bb82-4c95-8d10-6a018167ec70', 102, '296457408');
INSERT INTO CUSTOMER_IDENTIFIERS (customer_id, identifier_id, identifier_value) values ('d5905f1f-bb82-4c95-8d10-6a018167ec70', 103, '537-457-65-81');
INSERT INTO CUSTOMER_ADDRESSES (address_id, customer_id, address_type, street_address, zip_code, city, country) values ('74335a39-1a36-442c-a1df-2443d3e6f020', 'd5905f1f-bb82-4c95-8d10-6a018167ec70', 'R', '353 Feeney Walks', '34474-7265', 'Robinberg', 'Seychelles');
INSERT INTO CUSTOMERS (id, first_name, last_name) values ('630f9979-432d-40e7-ad1d-a024271d1fa7', 'Sammie', 'Kreiger');
INSERT INTO CUSTOMER_IDENTIFIERS (customer_id, identifier_id, identifier_value) values ('630f9979-432d-40e7-ad1d-a024271d1fa7', 102, '079532226');
INSERT INTO CUSTOMER_ADDRESSES (address_id, customer_id, address_type, street_address, zip_code, city, country) values ('ab688eed-3f5a-4649-a6d1-30c735eb05de', '630f9979-432d-40e7-ad1d-a024271d1fa7', 'R', '696 Veum Walk', '82780-8386', 'Lake Percyland', 'Andorra');
INSERT INTO CUSTOMERS (id, first_name, last_name) values ('9a0eed0d-e00a-4676-9a10-d03fb87c029c', 'Tommie', 'Ferry');
INSERT INTO CUSTOMER_IDENTIFIERS (customer_id, identifier_id, identifier_value) values ('9a0eed0d-e00a-4676-9a10-d03fb87c029c', 101, '38664786409');
INSERT INTO CUSTOMER_IDENTIFIERS (customer_id, identifier_id, identifier_value) values ('9a0eed0d-e00a-4676-9a10-d03fb87c029c', 102, '174595429');
INSERT INTO CUSTOMER_ADDRESSES (address_id, customer_id, address_type, street_address, zip_code, city, country) values ('4b90d243-87a6-4363-aba9-5c5349d2726c', '9a0eed0d-e00a-4676-9a10-d03fb87c029c', 'R', '158 Koch Gardens', '61455', 'Nienowmouth', 'Czech Republic');
INSERT INTO CUSTOMERS (id, first_name, last_name) values ('c3c086a2-70ba-4d0f-b0b0-85b4bf917341', 'Antonia', 'Dare');
INSERT INTO CUSTOMER_IDENTIFIERS (customer_id, identifier_id, identifier_value) values ('c3c086a2-70ba-4d0f-b0b0-85b4bf917341', 101, '96542754547');
INSERT INTO CUSTOMER_IDENTIFIERS (customer_id, identifier_id, identifier_value) values ('c3c086a2-70ba-4d0f-b0b0-85b4bf917341', 102, '953274940');
INSERT INTO CUSTOMER_IDENTIFIERS (customer_id, identifier_id, identifier_value) values ('c3c086a2-70ba-4d0f-b0b0-85b4bf917341', 103, '117-980-84-29');
INSERT INTO CUSTOMER_ADDRESSES (address_id, customer_id, address_type, street_address, zip_code, city, country) values ('4de53006-3d70-429c-ba81-a0bd5b7536b5', 'c3c086a2-70ba-4d0f-b0b0-85b4bf917341', 'R', '544 Monnie Falls', '90825-4165', 'Skilesburgh', 'Nigeria');
INSERT INTO CUSTOMERS (id, first_name, last_name) values ('eb67b544-cb8f-4f32-a9ad-329a6dcb95c8', 'Omar', 'O''Reilly');
INSERT INTO CUSTOMER_IDENTIFIERS (customer_id, identifier_id, identifier_value) values ('eb67b544-cb8f-4f32-a9ad-329a6dcb95c8', 101, '30668643011');
INSERT INTO CUSTOMER_IDENTIFIERS (customer_id, identifier_id, identifier_value) values ('eb67b544-cb8f-4f32-a9ad-329a6dcb95c8', 103, '528-974-07-12');
INSERT INTO CUSTOMER_ADDRESSES (address_id, customer_id, address_type, street_address, zip_code, city, country) values ('688ed522-fcd0-43fc-8e5a-8ecaa7923177', 'eb67b544-cb8f-4f32-a9ad-329a6dcb95c8', 'R', '743 Conroy Ways', '00626', 'Robbyshire', 'Armenia');
INSERT INTO CUSTOMER_ADDRESSES (address_id, customer_id, address_type, street_address, zip_code, city, country) values ('49eaa6b2-34fa-4147-94f5-6b753eb7d413', 'eb67b544-cb8f-4f32-a9ad-329a6dcb95c8', 'M', '995 Maisie Viaduct', '91682', 'Gaylordland', 'Bermuda');
INSERT INTO CUSTOMERS (id, first_name, last_name) values ('d7d98ddc-9589-4255-b00f-03e6d63ee6de', 'Daryl', 'Grady');
INSERT INTO CUSTOMER_IDENTIFIERS (customer_id, identifier_id, identifier_value) values ('d7d98ddc-9589-4255-b00f-03e6d63ee6de', 101, '01038940184');
INSERT INTO CUSTOMER_ADDRESSES (address_id, customer_id, address_type, street_address, zip_code, city, country) values ('c490de83-e522-4c7c-9421-432f9d7de6b0', 'd7d98ddc-9589-4255-b00f-03e6d63ee6de', 'R', '13748 Darby Locks', '80765', 'West Thanh', 'Svalbard & Jan Mayen Islands');
INSERT INTO CUSTOMERS (id, first_name, last_name) values ('21eee519-9d76-4f3b-8d73-76845b127ffa', 'Cassidy', 'Pfeffer');
INSERT INTO CUSTOMER_IDENTIFIERS (customer_id, identifier_id, identifier_value) values ('21eee519-9d76-4f3b-8d73-76845b127ffa', 101, '14437836025');
INSERT INTO CUSTOMER_ADDRESSES (address_id, customer_id, address_type, street_address, zip_code, city, country) values ('9fd85e4a-f834-423b-b098-6e29fc13c255', '21eee519-9d76-4f3b-8d73-76845b127ffa', 'R', '61204 Kessler Manor', '30657', 'Port Marxport', 'Guyana');
INSERT INTO CUSTOMERS (id, first_name, last_name) values ('05f023dd-c3cf-4594-a2e8-6a097036de92', 'Trista', 'Lesch');
INSERT INTO CUSTOMER_IDENTIFIERS (customer_id, identifier_id, identifier_value) values ('05f023dd-c3cf-4594-a2e8-6a097036de92', 102, '065390923');
INSERT INTO CUSTOMER_ADDRESSES (address_id, customer_id, address_type, street_address, zip_code, city, country) values ('3b39b187-41fc-440b-8b29-24fadaffe6ac', '05f023dd-c3cf-4594-a2e8-6a097036de92', 'R', '53817 Jere Spring', '58950-3905', 'South Lewis', 'Madagascar');
INSERT INTO CUSTOMERS (id, first_name, last_name) values ('ba484133-aa94-418e-9cfa-76b31702812a', 'Irena', 'Hegmann');
INSERT INTO CUSTOMER_IDENTIFIERS (customer_id, identifier_id, identifier_value) values ('ba484133-aa94-418e-9cfa-76b31702812a', 101, '48537783555');
INSERT INTO CUSTOMER_IDENTIFIERS (customer_id, identifier_id, identifier_value) values ('ba484133-aa94-418e-9cfa-76b31702812a', 102, '927173346');
INSERT INTO CUSTOMER_IDENTIFIERS (customer_id, identifier_id, identifier_value) values ('ba484133-aa94-418e-9cfa-76b31702812a', 103, '506-633-23-64');
INSERT INTO CUSTOMER_ADDRESSES (address_id, customer_id, address_type, street_address, zip_code, city, country) values ('588ab4ea-8881-4354-92d8-cb9d00b71bd0', 'ba484133-aa94-418e-9cfa-76b31702812a', 'R', '586 Stepanie Neck', '81080', 'Bergstromfurt', 'Thailand');
INSERT INTO CUSTOMERS (id, first_name, last_name) values ('e303e959-07a3-4bb7-a73f-15a39d1ad467', 'Willia', 'Johnson');
INSERT INTO CUSTOMER_IDENTIFIERS (customer_id, identifier_id, identifier_value) values ('e303e959-07a3-4bb7-a73f-15a39d1ad467', 101, '14504098198');
INSERT INTO CUSTOMER_IDENTIFIERS (customer_id, identifier_id, identifier_value) values ('e303e959-07a3-4bb7-a73f-15a39d1ad467', 102, '448149667');
INSERT INTO CUSTOMER_IDENTIFIERS (customer_id, identifier_id, identifier_value) values ('e303e959-07a3-4bb7-a73f-15a39d1ad467', 103, '490-535-14-37');
INSERT INTO CUSTOMER_ADDRESSES (address_id, customer_id, address_type, street_address, zip_code, city, country) values ('507bb9aa-9800-4ff6-a223-ceb9ebe48969', 'e303e959-07a3-4bb7-a73f-15a39d1ad467', 'R', '5083 Marks Mission', '04040-9955', 'New Fridafurt', 'Switzerland');
INSERT INTO CUSTOMERS (id, first_name, last_name) values ('8cec5042-a48a-4377-80ad-c9a26fc4bb30', 'Carrol', 'Rippin');
INSERT INTO CUSTOMER_IDENTIFIERS (customer_id, identifier_id, identifier_value) values ('8cec5042-a48a-4377-80ad-c9a26fc4bb30', 103, '206-304-46-97');
INSERT INTO CUSTOMER_ADDRESSES (address_id, customer_id, address_type, street_address, zip_code, city, country) values ('f24eb632-f155-4592-934c-8bdb616a037a', '8cec5042-a48a-4377-80ad-c9a26fc4bb30', 'R', '96730 Jani Camp', '58987', 'Jeanborough', 'Guyana');
INSERT INTO CUSTOMER_ADDRESSES (address_id, customer_id, address_type, street_address, zip_code, city, country) values ('975d7dd7-40b2-4ce3-8a55-7894a6c298ab', '8cec5042-a48a-4377-80ad-c9a26fc4bb30', 'M', '69218 Wiegand Lock', '65085-9063', 'North Latina', 'Bahamas');
INSERT INTO CUSTOMERS (id, first_name, last_name) values ('6cc7ec0b-b971-402f-bfe8-00cea1272e30', 'Cecila', 'Baumbach');
INSERT INTO CUSTOMER_IDENTIFIERS (customer_id, identifier_id, identifier_value) values ('6cc7ec0b-b971-402f-bfe8-00cea1272e30', 101, '71195396971');
INSERT INTO CUSTOMER_IDENTIFIERS (customer_id, identifier_id, identifier_value) values ('6cc7ec0b-b971-402f-bfe8-00cea1272e30', 102, '756472704');
INSERT INTO CUSTOMER_IDENTIFIERS (customer_id, identifier_id, identifier_value) values ('6cc7ec0b-b971-402f-bfe8-00cea1272e30', 103, '343-064-39-58');
INSERT INTO CUSTOMER_ADDRESSES (address_id, customer_id, address_type, street_address, zip_code, city, country) values ('694060f3-a4cc-48fe-894b-ee65a9a12fe6', '6cc7ec0b-b971-402f-bfe8-00cea1272e30', 'R', '9474 Bode Squares', '94667', 'South Zackary', 'Tonga');
INSERT INTO CUSTOMERS (id, first_name, last_name) values ('8a37b877-e7f3-4aa3-9314-d448d6cf2e14', 'Fred', 'Hoppe');
INSERT INTO CUSTOMER_IDENTIFIERS (customer_id, identifier_id, identifier_value) values ('8a37b877-e7f3-4aa3-9314-d448d6cf2e14', 101, '26108849621');
INSERT INTO CUSTOMER_IDENTIFIERS (customer_id, identifier_id, identifier_value) values ('8a37b877-e7f3-4aa3-9314-d448d6cf2e14', 102, '014257327');
INSERT INTO CUSTOMER_ADDRESSES (address_id, customer_id, address_type, street_address, zip_code, city, country) values ('296b6915-8aca-40d6-9cef-f8c529b74592', '8a37b877-e7f3-4aa3-9314-d448d6cf2e14', 'R', '808 Schroeder Expressway', '58442', 'New Emilee', 'Vietnam');
INSERT INTO CUSTOMERS (id, first_name, last_name) values ('2d2f229c-a96f-4b4d-8371-e4b10a6634d8', 'Charley', 'Bednar');
INSERT INTO CUSTOMER_IDENTIFIERS (customer_id, identifier_id, identifier_value) values ('2d2f229c-a96f-4b4d-8371-e4b10a6634d8', 101, '44507801287');
INSERT INTO CUSTOMER_IDENTIFIERS (customer_id, identifier_id, identifier_value) values ('2d2f229c-a96f-4b4d-8371-e4b10a6634d8', 102, '695923303');
INSERT INTO CUSTOMER_ADDRESSES (address_id, customer_id, address_type, street_address, zip_code, city, country) values ('e1d42bfa-d251-4b09-a765-485ec5683e53', '2d2f229c-a96f-4b4d-8371-e4b10a6634d8', 'R', '1930 Abernathy Hills', '44848', 'Erminiafort', 'Moldova');
INSERT INTO CUSTOMERS (id, first_name, last_name) values ('8a6451c9-6e44-4daa-8cdb-8787ace69758', 'Francesca', 'Bogisich');
INSERT INTO CUSTOMER_IDENTIFIERS (customer_id, identifier_id, identifier_value) values ('8a6451c9-6e44-4daa-8cdb-8787ace69758', 101, '85776712164');
INSERT INTO CUSTOMER_ADDRESSES (address_id, customer_id, address_type, street_address, zip_code, city, country) values ('da70d220-946d-4bcf-9dc4-a0c27e2626e2', '8a6451c9-6e44-4daa-8cdb-8787ace69758', 'R', '56862 Kandi Bridge', '00854', 'Rodriguezside', 'Azerbaijan');
INSERT INTO CUSTOMER_ADDRESSES (address_id, customer_id, address_type, street_address, zip_code, city, country) values ('f82d7874-bb49-4da7-baad-625ad05b3b9e', '8a6451c9-6e44-4daa-8cdb-8787ace69758', 'M', '191 Waters Ridge', '90903', 'Port Else', 'Burundi');
INSERT INTO CUSTOMERS (id, first_name, last_name) values ('bc8657f8-ab8b-4f97-bf94-0dc6bd110b1f', 'Jake', 'Monahan');
INSERT INTO CUSTOMER_IDENTIFIERS (customer_id, identifier_id, identifier_value) values ('bc8657f8-ab8b-4f97-bf94-0dc6bd110b1f', 102, '474992170');
INSERT INTO CUSTOMER_ADDRESSES (address_id, customer_id, address_type, street_address, zip_code, city, country) values ('91f9979e-2dfc-4bc8-be3a-6f910f086c05', 'bc8657f8-ab8b-4f97-bf94-0dc6bd110b1f', 'R', '725 Swift Corner', '46225', 'Blandaland', 'Niue');
INSERT INTO CUSTOMERS (id, first_name, last_name) values ('3c87dc8c-f2b7-4923-9705-d7e2da4b8fe3', 'Carmina', 'Larson');
INSERT INTO CUSTOMER_IDENTIFIERS (customer_id, identifier_id, identifier_value) values ('3c87dc8c-f2b7-4923-9705-d7e2da4b8fe3', 101, '35843127373');
INSERT INTO CUSTOMER_ADDRESSES (address_id, customer_id, address_type, street_address, zip_code, city, country) values ('66d2dd79-6f35-4526-9574-3bb27962fe8d', '3c87dc8c-f2b7-4923-9705-d7e2da4b8fe3', 'R', '8378 Goodwin Summit', '15067', 'Darrylland', 'Taiwan');
INSERT INTO CUSTOMER_ADDRESSES (address_id, customer_id, address_type, street_address, zip_code, city, country) values ('9bccaddb-3eca-4311-99a5-05cd682b9129', '3c87dc8c-f2b7-4923-9705-d7e2da4b8fe3', 'M', '8499 McLaughlin Cape', '27530-4237', 'Gerlachmouth', 'Israel');
INSERT INTO CUSTOMERS (id, first_name, last_name) values ('58f9a5e1-22cd-4506-be95-a97a2e36a09f', 'Man', 'Frami');
INSERT INTO CUSTOMER_IDENTIFIERS (customer_id, identifier_id, identifier_value) values ('58f9a5e1-22cd-4506-be95-a97a2e36a09f', 101, '01324715454');
INSERT INTO CUSTOMER_IDENTIFIERS (customer_id, identifier_id, identifier_value) values ('58f9a5e1-22cd-4506-be95-a97a2e36a09f', 103, '048-774-50-31');
INSERT INTO CUSTOMER_ADDRESSES (address_id, customer_id, address_type, street_address, zip_code, city, country) values ('154aec68-5377-44b9-8bd6-f868c4147f0b', '58f9a5e1-22cd-4506-be95-a97a2e36a09f', 'R', '4146 Isidro Well', '93059', 'Lake Chasidy', 'Gabon');
INSERT INTO CUSTOMER_ADDRESSES (address_id, customer_id, address_type, street_address, zip_code, city, country) values ('d02264c4-dc16-42b9-a7b6-9fd39be20b75', '58f9a5e1-22cd-4506-be95-a97a2e36a09f', 'M', '6569 Silas Hollow', '29622', 'East Luciana', 'Anguilla');
INSERT INTO CUSTOMERS (id, first_name, last_name) values ('3ec6ee63-3e9b-46f8-8087-1b6fc484dcaa', 'Art', 'Crooks');
INSERT INTO CUSTOMER_IDENTIFIERS (customer_id, identifier_id, identifier_value) values ('3ec6ee63-3e9b-46f8-8087-1b6fc484dcaa', 101, '01639209441');
INSERT INTO CUSTOMER_ADDRESSES (address_id, customer_id, address_type, street_address, zip_code, city, country) values ('6d4e0ab3-5c8e-4ae0-9295-183c4412441c', '3ec6ee63-3e9b-46f8-8087-1b6fc484dcaa', 'R', '4932 Zackary Course', '87023', 'East Veronicaport', 'Brunei Darussalam');
INSERT INTO CUSTOMERS (id, first_name, last_name) values ('3cb9dfb2-aad9-4398-97c6-dc2b602d44f1', 'Lena', 'Ortiz');
INSERT INTO CUSTOMER_IDENTIFIERS (customer_id, identifier_id, identifier_value) values ('3cb9dfb2-aad9-4398-97c6-dc2b602d44f1', 101, '60955597972');
INSERT INTO CUSTOMER_IDENTIFIERS (customer_id, identifier_id, identifier_value) values ('3cb9dfb2-aad9-4398-97c6-dc2b602d44f1', 102, '751974089');
INSERT INTO CUSTOMER_IDENTIFIERS (customer_id, identifier_id, identifier_value) values ('3cb9dfb2-aad9-4398-97c6-dc2b602d44f1', 103, '457-263-87-78');
INSERT INTO CUSTOMER_ADDRESSES (address_id, customer_id, address_type, street_address, zip_code, city, country) values ('69bf44dc-118e-4fac-9a46-cb60dad0eff2', '3cb9dfb2-aad9-4398-97c6-dc2b602d44f1', 'R', '9691 Karlyn Forge', '72037-4100', 'South Kylemouth', 'Tajikistan');
INSERT INTO CUSTOMERS (id, first_name, last_name) values ('3923a788-da6f-410c-ad2e-9cfbb9156723', 'Eric', 'Bednar');
INSERT INTO CUSTOMER_IDENTIFIERS (customer_id, identifier_id, identifier_value) values ('3923a788-da6f-410c-ad2e-9cfbb9156723', 101, '15631719720');
INSERT INTO CUSTOMER_IDENTIFIERS (customer_id, identifier_id, identifier_value) values ('3923a788-da6f-410c-ad2e-9cfbb9156723', 102, '928929383');
INSERT INTO CUSTOMER_IDENTIFIERS (customer_id, identifier_id, identifier_value) values ('3923a788-da6f-410c-ad2e-9cfbb9156723', 103, '613-983-59-95');
INSERT INTO CUSTOMER_ADDRESSES (address_id, customer_id, address_type, street_address, zip_code, city, country) values ('e548dc27-2796-498b-8663-a0f491788702', '3923a788-da6f-410c-ad2e-9cfbb9156723', 'R', '20372 Osinski Valleys', '60447-1707', 'Juanburgh', 'Indonesia');
INSERT INTO CUSTOMERS (id, first_name, last_name) values ('501074b0-edc0-4b65-9f3b-fd635a02f9f1', 'Isiah', 'Feeney');
INSERT INTO CUSTOMER_IDENTIFIERS (customer_id, identifier_id, identifier_value) values ('501074b0-edc0-4b65-9f3b-fd635a02f9f1', 101, '68482983790');
INSERT INTO CUSTOMER_IDENTIFIERS (customer_id, identifier_id, identifier_value) values ('501074b0-edc0-4b65-9f3b-fd635a02f9f1', 102, '605104256');
INSERT INTO CUSTOMER_IDENTIFIERS (customer_id, identifier_id, identifier_value) values ('501074b0-edc0-4b65-9f3b-fd635a02f9f1', 103, '367-337-31-89');
INSERT INTO CUSTOMER_ADDRESSES (address_id, customer_id, address_type, street_address, zip_code, city, country) values ('11c0fde5-ce62-421d-b548-5a6b0cce398e', '501074b0-edc0-4b65-9f3b-fd635a02f9f1', 'R', '8439 Patricia Grove', '30814-2644', 'Pourosburgh', 'British Indian Ocean Territory (Chagos Archipelago)');
INSERT INTO CUSTOMERS (id, first_name, last_name) values ('87d8db08-778b-4dee-b23f-f95fc7125016', 'Maria', 'Price');
INSERT INTO CUSTOMER_IDENTIFIERS (customer_id, identifier_id, identifier_value) values ('87d8db08-778b-4dee-b23f-f95fc7125016', 101, '28019090932');
INSERT INTO CUSTOMER_IDENTIFIERS (customer_id, identifier_id, identifier_value) values ('87d8db08-778b-4dee-b23f-f95fc7125016', 102, '014673116');
INSERT INTO CUSTOMER_IDENTIFIERS (customer_id, identifier_id, identifier_value) values ('87d8db08-778b-4dee-b23f-f95fc7125016', 103, '472-465-12-05');
INSERT INTO CUSTOMER_ADDRESSES (address_id, customer_id, address_type, street_address, zip_code, city, country) values ('4616849c-5a7e-4422-8fa6-ba41c42ed564', '87d8db08-778b-4dee-b23f-f95fc7125016', 'R', '995 Turner Estate', '35799-4602', 'North Jodyhaven', 'Norfolk Island');
INSERT INTO CUSTOMER_ADDRESSES (address_id, customer_id, address_type, street_address, zip_code, city, country) values ('3136bd36-4595-4599-9765-37b68f8a9dd8', '87d8db08-778b-4dee-b23f-f95fc7125016', 'M', '0933 Rolfson Underpass', '81143-0838', 'North Elisha', 'Albania');
INSERT INTO CUSTOMERS (id, first_name, last_name) values ('4f71f55b-1930-4bd1-a521-e7fa9347f713', 'Marcelino', 'Stroman');
INSERT INTO CUSTOMER_IDENTIFIERS (customer_id, identifier_id, identifier_value) values ('4f71f55b-1930-4bd1-a521-e7fa9347f713', 102, '403636724');
INSERT INTO CUSTOMER_IDENTIFIERS (customer_id, identifier_id, identifier_value) values ('4f71f55b-1930-4bd1-a521-e7fa9347f713', 103, '535-863-51-71');
INSERT INTO CUSTOMER_ADDRESSES (address_id, customer_id, address_type, street_address, zip_code, city, country) values ('7ed8a2bc-ead1-4c02-bc7e-e5f6e24a36c2', '4f71f55b-1930-4bd1-a521-e7fa9347f713', 'R', '64577 Boehm Pass', '17347', 'Alitaberg', 'Madagascar');
INSERT INTO CUSTOMERS (id, first_name, last_name) values ('bca79311-2c9e-4278-9024-ff8908e6df07', 'Dan', 'Barrows');
INSERT INTO CUSTOMER_IDENTIFIERS (customer_id, identifier_id, identifier_value) values ('bca79311-2c9e-4278-9024-ff8908e6df07', 102, '141780881');
INSERT INTO CUSTOMER_IDENTIFIERS (customer_id, identifier_id, identifier_value) values ('bca79311-2c9e-4278-9024-ff8908e6df07', 103, '594-723-09-95');
INSERT INTO CUSTOMER_ADDRESSES (address_id, customer_id, address_type, street_address, zip_code, city, country) values ('06334cf7-f343-4880-a28f-17375cedc80f', 'bca79311-2c9e-4278-9024-ff8908e6df07', 'R', '061 Fritsch Pine', '49469', 'Port Arlyne', 'Lao People''s Democratic Republic');
INSERT INTO CUSTOMER_ADDRESSES (address_id, customer_id, address_type, street_address, zip_code, city, country) values ('6b121c76-8229-4cb2-b26e-10ab47f263f9', 'bca79311-2c9e-4278-9024-ff8908e6df07', 'M', '629 Awilda Extensions', '67172', 'Medaville', 'Mayotte');
INSERT INTO CUSTOMERS (id, first_name, last_name) values ('156ece1f-53bb-4d87-9cca-aec856a88f9d', 'Morton', 'Baumbach');
INSERT INTO CUSTOMER_IDENTIFIERS (customer_id, identifier_id, identifier_value) values ('156ece1f-53bb-4d87-9cca-aec856a88f9d', 103, '045-035-09-16');
INSERT INTO CUSTOMER_ADDRESSES (address_id, customer_id, address_type, street_address, zip_code, city, country) values ('054752b2-cc48-429a-8c2d-06e8d9347d50', '156ece1f-53bb-4d87-9cca-aec856a88f9d', 'R', '824 Zemlak Plains', '88133', 'Dooleytown', 'Bermuda');
INSERT INTO CUSTOMER_ADDRESSES (address_id, customer_id, address_type, street_address, zip_code, city, country) values ('fc6fde30-c06e-4638-b599-a3c5163fbcef', '156ece1f-53bb-4d87-9cca-aec856a88f9d', 'M', '40952 Carmen Land', '47679', 'North Renaefurt', 'Andorra');
INSERT INTO CUSTOMERS (id, first_name, last_name) values ('c4c1511d-db93-43ca-9361-08f075f28184', 'Sylvie', 'Zieme');
INSERT INTO CUSTOMER_IDENTIFIERS (customer_id, identifier_id, identifier_value) values ('c4c1511d-db93-43ca-9361-08f075f28184', 103, '341-458-66-08');
INSERT INTO CUSTOMER_ADDRESSES (address_id, customer_id, address_type, street_address, zip_code, city, country) values ('b2fec4a9-bbbb-4212-808d-ca394732960e', 'c4c1511d-db93-43ca-9361-08f075f28184', 'R', '4677 Carleen Overpass', '92007-0026', 'North Frediafurt', 'Russian Federation');
INSERT INTO CUSTOMER_ADDRESSES (address_id, customer_id, address_type, street_address, zip_code, city, country) values ('6a9217ce-ae47-4b39-8f38-666f6fdf5ae0', 'c4c1511d-db93-43ca-9361-08f075f28184', 'M', '1694 Romaguera Roads', '53063', 'South Sharmaine', 'Brunei Darussalam');
INSERT INTO CUSTOMERS (id, first_name, last_name) values ('cb7750f5-825c-4d8c-b3b0-e4294677660e', 'Malia', 'Grimes');
INSERT INTO CUSTOMER_IDENTIFIERS (customer_id, identifier_id, identifier_value) values ('cb7750f5-825c-4d8c-b3b0-e4294677660e', 101, '13422123332');
INSERT INTO CUSTOMER_IDENTIFIERS (customer_id, identifier_id, identifier_value) values ('cb7750f5-825c-4d8c-b3b0-e4294677660e', 102, '593085341');
INSERT INTO CUSTOMER_ADDRESSES (address_id, customer_id, address_type, street_address, zip_code, city, country) values ('667a1913-1c00-4575-853b-b52025e0d95c', 'cb7750f5-825c-4d8c-b3b0-e4294677660e', 'R', '044 Jimmie Ridge', '37139-2942', 'West Kiethchester', 'Montserrat');
INSERT INTO CUSTOMERS (id, first_name, last_name) values ('d3fa75dd-d559-4c42-8578-d5713d099cde', 'Eboni', 'Torphy');
INSERT INTO CUSTOMER_IDENTIFIERS (customer_id, identifier_id, identifier_value) values ('d3fa75dd-d559-4c42-8578-d5713d099cde', 102, '350910747');
INSERT INTO CUSTOMER_IDENTIFIERS (customer_id, identifier_id, identifier_value) values ('d3fa75dd-d559-4c42-8578-d5713d099cde', 103, '145-884-92-21');
INSERT INTO CUSTOMER_ADDRESSES (address_id, customer_id, address_type, street_address, zip_code, city, country) values ('700a4fea-980d-4510-9ab7-d14240fc8fb5', 'd3fa75dd-d559-4c42-8578-d5713d099cde', 'R', '9152 Jennie Place', '78800-5688', 'Port Blair', 'Nicaragua');
INSERT INTO CUSTOMERS (id, first_name, last_name) values ('48b6a960-08bf-4f5b-ae85-0d51daf970b6', 'Delana', 'Lang');
INSERT INTO CUSTOMER_IDENTIFIERS (customer_id, identifier_id, identifier_value) values ('48b6a960-08bf-4f5b-ae85-0d51daf970b6', 102, '480976255');
INSERT INTO CUSTOMER_ADDRESSES (address_id, customer_id, address_type, street_address, zip_code, city, country) values ('d84572a9-b90b-4bf9-b109-7d01cda308c9', '48b6a960-08bf-4f5b-ae85-0d51daf970b6', 'R', '23127 Elvin Lodge', '53364-3666', 'Cherville', 'Ukraine');
INSERT INTO CUSTOMERS (id, first_name, last_name) values ('c5f1b98c-42bb-4094-916c-0a5f378ef85b', 'Marnie', 'Daugherty');
INSERT INTO CUSTOMER_IDENTIFIERS (customer_id, identifier_id, identifier_value) values ('c5f1b98c-42bb-4094-916c-0a5f378ef85b', 101, '14771021158');
INSERT INTO CUSTOMER_IDENTIFIERS (customer_id, identifier_id, identifier_value) values ('c5f1b98c-42bb-4094-916c-0a5f378ef85b', 103, '472-873-57-64');
INSERT INTO CUSTOMER_ADDRESSES (address_id, customer_id, address_type, street_address, zip_code, city, country) values ('b2877cc5-639b-4589-b5c8-4031ef6864b8', 'c5f1b98c-42bb-4094-916c-0a5f378ef85b', 'R', '760 Kristofer Mountains', '88850', 'Lake Rea', 'Niue');
INSERT INTO CUSTOMER_ADDRESSES (address_id, customer_id, address_type, street_address, zip_code, city, country) values ('64b31a0b-b060-4c05-ace3-089010de1d11', 'c5f1b98c-42bb-4094-916c-0a5f378ef85b', 'M', '21638 Casey Motorway', '70177-9358', 'West Ernestside', 'Belarus');
INSERT INTO CUSTOMERS (id, first_name, last_name) values ('8c979cc7-a4b9-43dd-b190-4dee3be16879', 'Grant', 'Huel');
INSERT INTO CUSTOMER_IDENTIFIERS (customer_id, identifier_id, identifier_value) values ('8c979cc7-a4b9-43dd-b190-4dee3be16879', 101, '30822845204');
INSERT INTO CUSTOMER_ADDRESSES (address_id, customer_id, address_type, street_address, zip_code, city, country) values ('0427821a-f3fb-4c3d-adb0-57ead825abc3', '8c979cc7-a4b9-43dd-b190-4dee3be16879', 'R', '6697 Reginia Club', '60555-9952', 'Port Rayfordburgh', 'Virgin Islands, U.S.');
INSERT INTO CUSTOMER_ADDRESSES (address_id, customer_id, address_type, street_address, zip_code, city, country) values ('44a94a2e-3436-4c98-9e96-7dcdf20657df', '8c979cc7-a4b9-43dd-b190-4dee3be16879', 'M', '8207 Julienne Hill', '94585-7706', 'North Lovella', 'Japan');
INSERT INTO CUSTOMERS (id, first_name, last_name) values ('9688161d-c347-486f-9412-6bc82c28c397', 'Benny', 'Collier');
INSERT INTO CUSTOMER_IDENTIFIERS (customer_id, identifier_id, identifier_value) values ('9688161d-c347-486f-9412-6bc82c28c397', 102, '111305731');
INSERT INTO CUSTOMER_IDENTIFIERS (customer_id, identifier_id, identifier_value) values ('9688161d-c347-486f-9412-6bc82c28c397', 103, '133-845-98-34');
INSERT INTO CUSTOMER_ADDRESSES (address_id, customer_id, address_type, street_address, zip_code, city, country) values ('6961c3f7-f07c-42f6-b37d-ac3bacd7e6c6', '9688161d-c347-486f-9412-6bc82c28c397', 'R', '8076 Yundt Estate', '87129', 'New Rudolf', 'Turkey');
INSERT INTO CUSTOMER_ADDRESSES (address_id, customer_id, address_type, street_address, zip_code, city, country) values ('55bf5a9d-a422-497c-b908-24c83525382d', '9688161d-c347-486f-9412-6bc82c28c397', 'M', '0281 Melinda Shore', '93307', 'South Beckie', 'Tonga');
INSERT INTO CUSTOMERS (id, first_name, last_name) values ('a83361e8-ce10-4377-be0c-772dbe37c0a5', 'Teena', 'Hane');
INSERT INTO CUSTOMER_IDENTIFIERS (customer_id, identifier_id, identifier_value) values ('a83361e8-ce10-4377-be0c-772dbe37c0a5', 101, '85606957664');
INSERT INTO CUSTOMER_IDENTIFIERS (customer_id, identifier_id, identifier_value) values ('a83361e8-ce10-4377-be0c-772dbe37c0a5', 102, '575711197');
INSERT INTO CUSTOMER_ADDRESSES (address_id, customer_id, address_type, street_address, zip_code, city, country) values ('0d3a8da3-9ed8-4275-9f91-2b11378fca04', 'a83361e8-ce10-4377-be0c-772dbe37c0a5', 'R', '0900 Lynn Mount', '06202', 'West Carliside', 'Timor-Leste');
INSERT INTO CUSTOMERS (id, first_name, last_name) values ('4e381556-cb5c-4199-9ca2-5a23a5990785', 'Carey', 'Sauer');
INSERT INTO CUSTOMER_IDENTIFIERS (customer_id, identifier_id, identifier_value) values ('4e381556-cb5c-4199-9ca2-5a23a5990785', 101, '11901391672');
INSERT INTO CUSTOMER_IDENTIFIERS (customer_id, identifier_id, identifier_value) values ('4e381556-cb5c-4199-9ca2-5a23a5990785', 102, '196728546');
INSERT INTO CUSTOMER_ADDRESSES (address_id, customer_id, address_type, street_address, zip_code, city, country) values ('6c84daf1-0928-491f-bb40-3b920c5c77d4', '4e381556-cb5c-4199-9ca2-5a23a5990785', 'R', '27427 Elsa Oval', '23178', 'Rennershire', 'Brazil');
INSERT INTO CUSTOMERS (id, first_name, last_name) values ('acff5d03-429e-42a0-a841-f6607b8cc96c', 'Rudy', 'Ward');
INSERT INTO CUSTOMER_IDENTIFIERS (customer_id, identifier_id, identifier_value) values ('acff5d03-429e-42a0-a841-f6607b8cc96c', 102, '181303591');
INSERT INTO CUSTOMER_IDENTIFIERS (customer_id, identifier_id, identifier_value) values ('acff5d03-429e-42a0-a841-f6607b8cc96c', 103, '988-129-80-53');
INSERT INTO CUSTOMER_ADDRESSES (address_id, customer_id, address_type, street_address, zip_code, city, country) values ('2169c7f3-11d9-4c43-8cd7-ec8465e3a42a', 'acff5d03-429e-42a0-a841-f6607b8cc96c', 'R', '37529 Houston Track', '14635-5465', 'North Royal', 'Cote d''Ivoire');
INSERT INTO CUSTOMERS (id, first_name, last_name) values ('d7f0e90a-6037-405e-984f-b8800c52aedb', 'Gerry', 'Kiehn');
INSERT INTO CUSTOMER_IDENTIFIERS (customer_id, identifier_id, identifier_value) values ('d7f0e90a-6037-405e-984f-b8800c52aedb', 101, '23222270796');
INSERT INTO CUSTOMER_ADDRESSES (address_id, customer_id, address_type, street_address, zip_code, city, country) values ('4693b7e2-b84d-49ba-a7a7-a729f9dbd6bc', 'd7f0e90a-6037-405e-984f-b8800c52aedb', 'R', '61504 Renner Ways', '70307-3102', 'Kirlinside', 'India');
INSERT INTO CUSTOMER_ADDRESSES (address_id, customer_id, address_type, street_address, zip_code, city, country) values ('93827f6f-cc68-400b-b97b-fafad06b897b', 'd7f0e90a-6037-405e-984f-b8800c52aedb', 'M', '6220 Mai Burg', '00738', 'Smithamview', 'Guyana');
INSERT INTO CUSTOMERS (id, first_name, last_name) values ('3c1fa79b-238d-43e9-9351-e854bae57f1e', 'Eda', 'Rowe');
INSERT INTO CUSTOMER_IDENTIFIERS (customer_id, identifier_id, identifier_value) values ('3c1fa79b-238d-43e9-9351-e854bae57f1e', 101, '62391443419');
INSERT INTO CUSTOMER_IDENTIFIERS (customer_id, identifier_id, identifier_value) values ('3c1fa79b-238d-43e9-9351-e854bae57f1e', 102, '506989453');
INSERT INTO CUSTOMER_IDENTIFIERS (customer_id, identifier_id, identifier_value) values ('3c1fa79b-238d-43e9-9351-e854bae57f1e', 103, '938-937-01-64');
INSERT INTO CUSTOMER_ADDRESSES (address_id, customer_id, address_type, street_address, zip_code, city, country) values ('b17f9135-74d7-461d-985e-d6660b1d9d68', '3c1fa79b-238d-43e9-9351-e854bae57f1e', 'R', '9696 Alan Creek', '70876-4654', 'West Caleb', 'Kazakhstan');
INSERT INTO CUSTOMERS (id, first_name, last_name) values ('c1646cf1-0ca5-4106-bc49-afbef88babcb', 'Lissa', 'Lowe');
INSERT INTO CUSTOMER_IDENTIFIERS (customer_id, identifier_id, identifier_value) values ('c1646cf1-0ca5-4106-bc49-afbef88babcb', 102, '562168008');
INSERT INTO CUSTOMER_IDENTIFIERS (customer_id, identifier_id, identifier_value) values ('c1646cf1-0ca5-4106-bc49-afbef88babcb', 103, '677-603-36-71');
INSERT INTO CUSTOMER_ADDRESSES (address_id, customer_id, address_type, street_address, zip_code, city, country) values ('cb6fda4b-d0c8-4b7b-98f3-776bd0d8c6a5', 'c1646cf1-0ca5-4106-bc49-afbef88babcb', 'R', '827 Lourdes Pines', '19099-0127', 'West Dorianhaven', 'Saint Lucia');
INSERT INTO CUSTOMER_ADDRESSES (address_id, customer_id, address_type, street_address, zip_code, city, country) values ('e8cb1e23-9ace-4e61-9ceb-5d19b3112d85', 'c1646cf1-0ca5-4106-bc49-afbef88babcb', 'M', '340 Zackary Mission', '95181-4552', 'Lake Niki', 'Saint Lucia');
INSERT INTO CUSTOMERS (id, first_name, last_name) values ('7add63f3-89c4-4653-aa0f-d9dfaa5051ce', 'Elmo', 'Abshire');
INSERT INTO CUSTOMER_IDENTIFIERS (customer_id, identifier_id, identifier_value) values ('7add63f3-89c4-4653-aa0f-d9dfaa5051ce', 102, '226054638');
INSERT INTO CUSTOMER_ADDRESSES (address_id, customer_id, address_type, street_address, zip_code, city, country) values ('d3867710-ca82-43b0-bfb9-828f285b9fcd', '7add63f3-89c4-4653-aa0f-d9dfaa5051ce', 'R', '328 Hermann Prairie', '86683-1333', 'MacGyverfort', 'Austria');
INSERT INTO CUSTOMERS (id, first_name, last_name) values ('a9c285e3-7aa0-4bb4-b0b8-7ebe75287796', 'Yasmine', 'Windler');
INSERT INTO CUSTOMER_IDENTIFIERS (customer_id, identifier_id, identifier_value) values ('a9c285e3-7aa0-4bb4-b0b8-7ebe75287796', 101, '09800843972');
INSERT INTO CUSTOMER_ADDRESSES (address_id, customer_id, address_type, street_address, zip_code, city, country) values ('6941dbf0-1c0c-4863-8bfb-5d536b0f8680', 'a9c285e3-7aa0-4bb4-b0b8-7ebe75287796', 'R', '639 Darcy Court', '20526-9509', 'Port Clarencefurt', 'Philippines');
INSERT INTO CUSTOMERS (id, first_name, last_name) values ('a802b0cc-7c75-4043-8c20-b713b4dff9a0', 'Steve', 'Gutkowski');
INSERT INTO CUSTOMER_IDENTIFIERS (customer_id, identifier_id, identifier_value) values ('a802b0cc-7c75-4043-8c20-b713b4dff9a0', 102, '167521937');
INSERT INTO CUSTOMER_ADDRESSES (address_id, customer_id, address_type, street_address, zip_code, city, country) values ('b4d0caf8-0230-4dad-8317-7475e6a7f2af', 'a802b0cc-7c75-4043-8c20-b713b4dff9a0', 'R', '06584 Lenny Gateway', '95884', 'North Chanceside', 'Austria');
INSERT INTO CUSTOMER_ADDRESSES (address_id, customer_id, address_type, street_address, zip_code, city, country) values ('12b26701-18bc-46d4-8e72-9a5626076280', 'a802b0cc-7c75-4043-8c20-b713b4dff9a0', 'M', '5732 Wuckert Square', '84496', 'Port Jamika', 'New Caledonia');
INSERT INTO CUSTOMERS (id, first_name, last_name) values ('e368bb28-15bc-42bb-a93f-0451c35fa980', 'Boyd', 'McLaughlin');
INSERT INTO CUSTOMER_IDENTIFIERS (customer_id, identifier_id, identifier_value) values ('e368bb28-15bc-42bb-a93f-0451c35fa980', 101, '66495065064');
INSERT INTO CUSTOMER_IDENTIFIERS (customer_id, identifier_id, identifier_value) values ('e368bb28-15bc-42bb-a93f-0451c35fa980', 102, '760073961');
INSERT INTO CUSTOMER_IDENTIFIERS (customer_id, identifier_id, identifier_value) values ('e368bb28-15bc-42bb-a93f-0451c35fa980', 103, '399-254-40-73');
INSERT INTO CUSTOMER_ADDRESSES (address_id, customer_id, address_type, street_address, zip_code, city, country) values ('3540d9ab-336d-47ec-a0b4-bb8f4bb79b56', 'e368bb28-15bc-42bb-a93f-0451c35fa980', 'R', '4530 Jada Pine', '81936', 'Lake Adellamouth', 'Moldova');
INSERT INTO CUSTOMERS (id, first_name, last_name) values ('e17421bc-a1f2-40d9-be4b-f56a5f246092', 'Hiram', 'Parker');
INSERT INTO CUSTOMER_IDENTIFIERS (customer_id, identifier_id, identifier_value) values ('e17421bc-a1f2-40d9-be4b-f56a5f246092', 101, '34453431509');
INSERT INTO CUSTOMER_IDENTIFIERS (customer_id, identifier_id, identifier_value) values ('e17421bc-a1f2-40d9-be4b-f56a5f246092', 102, '683484020');
INSERT INTO CUSTOMER_ADDRESSES (address_id, customer_id, address_type, street_address, zip_code, city, country) values ('a5c2ad5f-85a9-4fb7-8f97-7481f75e4caa', 'e17421bc-a1f2-40d9-be4b-f56a5f246092', 'R', '052 Tremblay Prairie', '00363-3854', 'North Na', 'Greece');
INSERT INTO CUSTOMERS (id, first_name, last_name) values ('725b4a7c-ee20-426e-a37e-8e076f50cc8c', 'Elouise', 'Lemke');
INSERT INTO CUSTOMER_IDENTIFIERS (customer_id, identifier_id, identifier_value) values ('725b4a7c-ee20-426e-a37e-8e076f50cc8c', 101, '54487403026');
INSERT INTO CUSTOMER_ADDRESSES (address_id, customer_id, address_type, street_address, zip_code, city, country) values ('7fd29858-04db-4a5a-8d50-05fba86694da', '725b4a7c-ee20-426e-a37e-8e076f50cc8c', 'R', '8495 Rafael Gateway', '43915', 'Hudsonport', 'Swaziland');
INSERT INTO CUSTOMERS (id, first_name, last_name) values ('cad5427f-9051-4876-b84d-28e44c2a36b8', 'Kent', 'Kling');
INSERT INTO CUSTOMER_IDENTIFIERS (customer_id, identifier_id, identifier_value) values ('cad5427f-9051-4876-b84d-28e44c2a36b8', 102, '382036584');
INSERT INTO CUSTOMER_IDENTIFIERS (customer_id, identifier_id, identifier_value) values ('cad5427f-9051-4876-b84d-28e44c2a36b8', 103, '668-818-80-87');
INSERT INTO CUSTOMER_ADDRESSES (address_id, customer_id, address_type, street_address, zip_code, city, country) values ('354dcab6-10a6-46e8-bfd8-e9a9415acb19', 'cad5427f-9051-4876-b84d-28e44c2a36b8', 'R', '3097 Waldo Prairie', '60385-3098', 'Lake Bradystad', 'Pakistan');
INSERT INTO CUSTOMER_ADDRESSES (address_id, customer_id, address_type, street_address, zip_code, city, country) values ('a72a3d86-63e7-451c-a76a-92a120e56490', 'cad5427f-9051-4876-b84d-28e44c2a36b8', 'M', '7927 Jenkins Plains', '26533', 'Gerlachmouth', 'Sierra Leone');
INSERT INTO CUSTOMERS (id, first_name, last_name) values ('ce3aa67c-0fcb-461a-965b-67ab3002f9be', 'Cherelle', 'Wintheiser');
INSERT INTO CUSTOMER_IDENTIFIERS (customer_id, identifier_id, identifier_value) values ('ce3aa67c-0fcb-461a-965b-67ab3002f9be', 101, '43029932170');
INSERT INTO CUSTOMER_IDENTIFIERS (customer_id, identifier_id, identifier_value) values ('ce3aa67c-0fcb-461a-965b-67ab3002f9be', 102, '868686275');
INSERT INTO CUSTOMER_IDENTIFIERS (customer_id, identifier_id, identifier_value) values ('ce3aa67c-0fcb-461a-965b-67ab3002f9be', 103, '791-294-26-50');
INSERT INTO CUSTOMER_ADDRESSES (address_id, customer_id, address_type, street_address, zip_code, city, country) values ('725efbd9-0aa4-4d45-963b-bb10a0a09da0', 'ce3aa67c-0fcb-461a-965b-67ab3002f9be', 'R', '593 Emerald Fall', '03632', 'Jacktown', 'Japan');
INSERT INTO CUSTOMER_ADDRESSES (address_id, customer_id, address_type, street_address, zip_code, city, country) values ('e5dff858-5078-4ca8-8bd9-6288cc8f91a0', 'ce3aa67c-0fcb-461a-965b-67ab3002f9be', 'M', '2732 Titus Row', '03339', 'North Marcoston', 'Seychelles');
INSERT INTO CUSTOMERS (id, first_name, last_name) values ('7f1cba67-30ac-4659-8fb4-71e5a634ae77', 'Leatha', 'Ondricka');
INSERT INTO CUSTOMER_IDENTIFIERS (customer_id, identifier_id, identifier_value) values ('7f1cba67-30ac-4659-8fb4-71e5a634ae77', 101, '79110786832');
INSERT INTO CUSTOMER_ADDRESSES (address_id, customer_id, address_type, street_address, zip_code, city, country) values ('987346c5-6980-433d-9126-141b0aaf44c1', '7f1cba67-30ac-4659-8fb4-71e5a634ae77', 'R', '018 Dicki Prairie', '22519-3775', 'West Domingaborough', 'Luxembourg');
INSERT INTO CUSTOMERS (id, first_name, last_name) values ('aedf299c-70fd-4166-85f0-46703d4daf53', 'Broderick', 'Kilback');
INSERT INTO CUSTOMER_IDENTIFIERS (customer_id, identifier_id, identifier_value) values ('aedf299c-70fd-4166-85f0-46703d4daf53', 102, '338272794');
INSERT INTO CUSTOMER_ADDRESSES (address_id, customer_id, address_type, street_address, zip_code, city, country) values ('a71418bf-b55f-4f91-b8f5-bbc4d3ce265d', 'aedf299c-70fd-4166-85f0-46703d4daf53', 'R', '0002 Bergstrom Shoal', '83112', 'Murphyside', 'United Kingdom');
INSERT INTO CUSTOMERS (id, first_name, last_name) values ('22f64c63-a9e3-4d38-a5ae-efecd72cb7ea', 'Joanie', 'Yost');
INSERT INTO CUSTOMER_IDENTIFIERS (customer_id, identifier_id, identifier_value) values ('22f64c63-a9e3-4d38-a5ae-efecd72cb7ea', 103, '848-003-82-19');
INSERT INTO CUSTOMER_ADDRESSES (address_id, customer_id, address_type, street_address, zip_code, city, country) values ('bf41792b-acdb-4c92-88cf-58b66a253547', '22f64c63-a9e3-4d38-a5ae-efecd72cb7ea', 'R', '43268 Quinton Creek', '71260-9705', 'West Douglaston', 'El Salvador');
INSERT INTO CUSTOMERS (id, first_name, last_name) values ('90c706bf-7474-469a-8d40-a1048f81a1e9', 'Veronica', 'Hintz');
INSERT INTO CUSTOMER_IDENTIFIERS (customer_id, identifier_id, identifier_value) values ('90c706bf-7474-469a-8d40-a1048f81a1e9', 101, '55039920205');
INSERT INTO CUSTOMER_IDENTIFIERS (customer_id, identifier_id, identifier_value) values ('90c706bf-7474-469a-8d40-a1048f81a1e9', 103, '383-760-66-50');
INSERT INTO CUSTOMER_ADDRESSES (address_id, customer_id, address_type, street_address, zip_code, city, country) values ('0095037f-54ce-4be5-bcf5-dc0367b1d2d6', '90c706bf-7474-469a-8d40-a1048f81a1e9', 'R', '6551 Gaylord Mount', '60276', 'Port Kathytown', 'Hungary');
INSERT INTO CUSTOMERS (id, first_name, last_name) values ('5c9c4f1e-80fd-4ffb-be7a-1d7d93ef441a', 'Ferdinand', 'Mills');
INSERT INTO CUSTOMER_IDENTIFIERS (customer_id, identifier_id, identifier_value) values ('5c9c4f1e-80fd-4ffb-be7a-1d7d93ef441a', 103, '218-411-90-41');
INSERT INTO CUSTOMER_ADDRESSES (address_id, customer_id, address_type, street_address, zip_code, city, country) values ('e6890fec-a6eb-4dd5-a8c2-c1efd9fabfc5', '5c9c4f1e-80fd-4ffb-be7a-1d7d93ef441a', 'R', '13583 Smitham Center', '29073-6594', 'Hoppeland', 'San Marino');
INSERT INTO CUSTOMERS (id, first_name, last_name) values ('4406f851-902e-43af-a12a-dd7bce2aaa6d', 'Ronny', 'Schmitt');
INSERT INTO CUSTOMER_IDENTIFIERS (customer_id, identifier_id, identifier_value) values ('4406f851-902e-43af-a12a-dd7bce2aaa6d', 102, '443645687');
INSERT INTO CUSTOMER_IDENTIFIERS (customer_id, identifier_id, identifier_value) values ('4406f851-902e-43af-a12a-dd7bce2aaa6d', 103, '637-575-87-60');
INSERT INTO CUSTOMER_ADDRESSES (address_id, customer_id, address_type, street_address, zip_code, city, country) values ('49de7092-3b37-4bc7-9c8a-1f5211258e90', '4406f851-902e-43af-a12a-dd7bce2aaa6d', 'R', '138 Lauren Drive', '17120-9043', 'Clementechester', 'Haiti');
INSERT INTO CUSTOMER_ADDRESSES (address_id, customer_id, address_type, street_address, zip_code, city, country) values ('8f3395c3-9d2e-45ad-818e-e66e91abb20a', '4406f851-902e-43af-a12a-dd7bce2aaa6d', 'M', '90457 Kunde Stravenue', '82345', 'Streichhaven', 'New Zealand');
INSERT INTO CUSTOMERS (id, first_name, last_name) values ('26b67aca-118e-41e1-906e-c81f7b7051cf', 'Anderson', 'Beer');
INSERT INTO CUSTOMER_IDENTIFIERS (customer_id, identifier_id, identifier_value) values ('26b67aca-118e-41e1-906e-c81f7b7051cf', 101, '05599302256');
INSERT INTO CUSTOMER_IDENTIFIERS (customer_id, identifier_id, identifier_value) values ('26b67aca-118e-41e1-906e-c81f7b7051cf', 102, '111855316');
INSERT INTO CUSTOMER_IDENTIFIERS (customer_id, identifier_id, identifier_value) values ('26b67aca-118e-41e1-906e-c81f7b7051cf', 103, '519-705-05-84');
INSERT INTO CUSTOMER_ADDRESSES (address_id, customer_id, address_type, street_address, zip_code, city, country) values ('c7de1aee-9e7f-4758-bf96-f1d980838cdb', '26b67aca-118e-41e1-906e-c81f7b7051cf', 'R', '4596 Kuphal Canyon', '51228', 'North Donovan', 'Tunisia');
INSERT INTO CUSTOMERS (id, first_name, last_name) values ('357b4234-5859-4133-9170-5bc188a6662e', 'Amalia', 'Boyle');
INSERT INTO CUSTOMER_IDENTIFIERS (customer_id, identifier_id, identifier_value) values ('357b4234-5859-4133-9170-5bc188a6662e', 101, '08052073271');
INSERT INTO CUSTOMER_IDENTIFIERS (customer_id, identifier_id, identifier_value) values ('357b4234-5859-4133-9170-5bc188a6662e', 102, '452877103');
INSERT INTO CUSTOMER_IDENTIFIERS (customer_id, identifier_id, identifier_value) values ('357b4234-5859-4133-9170-5bc188a6662e', 103, '489-446-24-82');
INSERT INTO CUSTOMER_ADDRESSES (address_id, customer_id, address_type, street_address, zip_code, city, country) values ('04cd887e-a92b-4c76-95f9-be25680b06db', '357b4234-5859-4133-9170-5bc188a6662e', 'R', '93549 Kertzmann Isle', '67432-6406', 'Allegrastad', 'Cayman Islands');
INSERT INTO CUSTOMERS (id, first_name, last_name) values ('8ffeae31-7358-43da-94cb-51ce9e287230', 'Stephany', 'Osinski');
INSERT INTO CUSTOMER_IDENTIFIERS (customer_id, identifier_id, identifier_value) values ('8ffeae31-7358-43da-94cb-51ce9e287230', 102, '449296021');
INSERT INTO CUSTOMER_ADDRESSES (address_id, customer_id, address_type, street_address, zip_code, city, country) values ('633e47a1-2881-49b8-9ce0-5cca01f4fd1e', '8ffeae31-7358-43da-94cb-51ce9e287230', 'R', '9379 Anderson Cape', '21304', 'East Dong', 'Venezuela');
INSERT INTO CUSTOMERS (id, first_name, last_name) values ('60453eea-a4d8-4dfe-be33-73545cf98a86', 'Thurman', 'Spinka');
INSERT INTO CUSTOMER_IDENTIFIERS (customer_id, identifier_id, identifier_value) values ('60453eea-a4d8-4dfe-be33-73545cf98a86', 103, '846-998-43-14');
INSERT INTO CUSTOMER_ADDRESSES (address_id, customer_id, address_type, street_address, zip_code, city, country) values ('ba0cb79f-bf98-4da0-80be-2e268a636cf0', '60453eea-a4d8-4dfe-be33-73545cf98a86', 'R', '30114 Sherilyn Circles', '87377', 'Lake Romeoport', 'Timor-Leste');
INSERT INTO CUSTOMERS (id, first_name, last_name) values ('e985fb2c-dcbf-41f0-a61a-20d2b7fabd2a', 'Augustine', 'Romaguera');
INSERT INTO CUSTOMER_IDENTIFIERS (customer_id, identifier_id, identifier_value) values ('e985fb2c-dcbf-41f0-a61a-20d2b7fabd2a', 102, '519318477');
INSERT INTO CUSTOMER_ADDRESSES (address_id, customer_id, address_type, street_address, zip_code, city, country) values ('8613c58b-388d-407f-aaa3-a89940418399', 'e985fb2c-dcbf-41f0-a61a-20d2b7fabd2a', 'R', '7162 Greg Turnpike', '11643', 'Steuberside', 'Colombia');
INSERT INTO CUSTOMERS (id, first_name, last_name) values ('4f6d63ab-29c4-4aea-a841-674a0fca3ed2', 'Hassan', 'Veum');
INSERT INTO CUSTOMER_IDENTIFIERS (customer_id, identifier_id, identifier_value) values ('4f6d63ab-29c4-4aea-a841-674a0fca3ed2', 101, '78894349925');
INSERT INTO CUSTOMER_IDENTIFIERS (customer_id, identifier_id, identifier_value) values ('4f6d63ab-29c4-4aea-a841-674a0fca3ed2', 102, '699281410');
INSERT INTO CUSTOMER_ADDRESSES (address_id, customer_id, address_type, street_address, zip_code, city, country) values ('3dd53840-c9a8-4411-a646-729596ea9638', '4f6d63ab-29c4-4aea-a841-674a0fca3ed2', 'R', '5424 Jacobs Views', '07165', 'Shieldsstad', 'Equatorial Guinea');
INSERT INTO CUSTOMER_ADDRESSES (address_id, customer_id, address_type, street_address, zip_code, city, country) values ('633c67ee-68c5-4582-93fa-584b8fad3d11', '4f6d63ab-29c4-4aea-a841-674a0fca3ed2', 'M', '0147 Brekke Extension', '61182-9116', 'Shirleeview', 'Syrian Arab Republic');
INSERT INTO CUSTOMERS (id, first_name, last_name) values ('7bf71061-177b-4e7d-a97b-465db08c27be', 'Shirley', 'Trantow');
INSERT INTO CUSTOMER_IDENTIFIERS (customer_id, identifier_id, identifier_value) values ('7bf71061-177b-4e7d-a97b-465db08c27be', 101, '29319769726');
INSERT INTO CUSTOMER_IDENTIFIERS (customer_id, identifier_id, identifier_value) values ('7bf71061-177b-4e7d-a97b-465db08c27be', 102, '895972350');
INSERT INTO CUSTOMER_ADDRESSES (address_id, customer_id, address_type, street_address, zip_code, city, country) values ('0967b58c-a7cc-4975-a73e-1a398456f872', '7bf71061-177b-4e7d-a97b-465db08c27be', 'R', '371 Fadel Junctions', '51436-0621', 'North Lizzie', 'Slovenia');
INSERT INTO CUSTOMERS (id, first_name, last_name) values ('9c8846f1-a8f2-4c26-9e40-a65509e4442c', 'Fermin', 'Farrell');
INSERT INTO CUSTOMER_IDENTIFIERS (customer_id, identifier_id, identifier_value) values ('9c8846f1-a8f2-4c26-9e40-a65509e4442c', 102, '002476349');
INSERT INTO CUSTOMER_IDENTIFIERS (customer_id, identifier_id, identifier_value) values ('9c8846f1-a8f2-4c26-9e40-a65509e4442c', 103, '822-356-33-57');
INSERT INTO CUSTOMER_ADDRESSES (address_id, customer_id, address_type, street_address, zip_code, city, country) values ('9596c0d9-6197-466a-a24d-20d2c4cfdf91', '9c8846f1-a8f2-4c26-9e40-a65509e4442c', 'R', '80671 Jamel Harbors', '93002-9252', 'Lorenhaven', 'Bouvet Island (Bouvetoya)');
INSERT INTO CUSTOMER_ADDRESSES (address_id, customer_id, address_type, street_address, zip_code, city, country) values ('7a0f05e5-e621-4626-9f1a-cea5cd722130', '9c8846f1-a8f2-4c26-9e40-a65509e4442c', 'M', '6516 Kessler Divide', '17377-3137', 'Lesleyland', 'Pitcairn Islands');
INSERT INTO CUSTOMERS (id, first_name, last_name) values ('5d287837-8e95-40f4-ad99-b515e73c8dc9', 'Claretta', 'Gerhold');
INSERT INTO CUSTOMER_IDENTIFIERS (customer_id, identifier_id, identifier_value) values ('5d287837-8e95-40f4-ad99-b515e73c8dc9', 102, '068189192');
INSERT INTO CUSTOMER_ADDRESSES (address_id, customer_id, address_type, street_address, zip_code, city, country) values ('0e346b2f-d460-4ee4-94cb-53d440b8f713', '5d287837-8e95-40f4-ad99-b515e73c8dc9', 'R', '8268 Mueller Port', '04252-0929', 'Kindratown', 'Russian Federation');
INSERT INTO CUSTOMER_ADDRESSES (address_id, customer_id, address_type, street_address, zip_code, city, country) values ('6680c444-7240-471f-b0ac-3fabb391e23e', '5d287837-8e95-40f4-ad99-b515e73c8dc9', 'M', '3902 Adrian Springs', '90430-4677', 'East Reggie', 'Malta');
INSERT INTO CUSTOMERS (id, first_name, last_name) values ('ad95ca34-9770-4d66-a031-aa72851a645d', 'Russell', 'Douglas');
INSERT INTO CUSTOMER_IDENTIFIERS (customer_id, identifier_id, identifier_value) values ('ad95ca34-9770-4d66-a031-aa72851a645d', 102, '147823091');
INSERT INTO CUSTOMER_ADDRESSES (address_id, customer_id, address_type, street_address, zip_code, city, country) values ('d6452dcd-6a5e-415f-bee7-b3a901b4c59d', 'ad95ca34-9770-4d66-a031-aa72851a645d', 'R', '641 Christia Shoal', '34702-6300', 'South Justin', 'Ukraine');
INSERT INTO CUSTOMER_ADDRESSES (address_id, customer_id, address_type, street_address, zip_code, city, country) values ('ccad378d-99fd-4b2d-b0be-fb4dfb2655c6', 'ad95ca34-9770-4d66-a031-aa72851a645d', 'M', '216 Funk Crest', '40556', 'South Antonystad', 'Macedonia');
INSERT INTO CUSTOMERS (id, first_name, last_name) values ('bc854da0-22c2-4d82-9c9b-1efe24903aee', 'Lino', 'Hand');
INSERT INTO CUSTOMER_IDENTIFIERS (customer_id, identifier_id, identifier_value) values ('bc854da0-22c2-4d82-9c9b-1efe24903aee', 101, '43819101311');
INSERT INTO CUSTOMER_IDENTIFIERS (customer_id, identifier_id, identifier_value) values ('bc854da0-22c2-4d82-9c9b-1efe24903aee', 103, '133-829-22-71');
INSERT INTO CUSTOMER_ADDRESSES (address_id, customer_id, address_type, street_address, zip_code, city, country) values ('a87987f1-c64d-435a-8fcc-c399cb4b3e43', 'bc854da0-22c2-4d82-9c9b-1efe24903aee', 'R', '183 Chris Throughway', '12332-0368', 'Omashire', 'Tunisia');
INSERT INTO CUSTOMERS (id, first_name, last_name) values ('62c7d1ee-5f36-4fcb-9d8c-81bc1e16c0a7', 'Diedra', 'Kiehn');
INSERT INTO CUSTOMER_IDENTIFIERS (customer_id, identifier_id, identifier_value) values ('62c7d1ee-5f36-4fcb-9d8c-81bc1e16c0a7', 101, '28087447330');
INSERT INTO CUSTOMER_IDENTIFIERS (customer_id, identifier_id, identifier_value) values ('62c7d1ee-5f36-4fcb-9d8c-81bc1e16c0a7', 103, '266-878-75-86');
INSERT INTO CUSTOMER_ADDRESSES (address_id, customer_id, address_type, street_address, zip_code, city, country) values ('bef73fc4-8778-4e75-b1a4-7590ff1b8a85', '62c7d1ee-5f36-4fcb-9d8c-81bc1e16c0a7', 'R', '370 Grady Plains', '55597', 'Port Jacintochester', 'United States Minor Outlying Islands');
INSERT INTO CUSTOMERS (id, first_name, last_name) values ('68790b1d-5b39-4537-90d1-d3f67a4fea55', 'Darryl', 'Swift');
INSERT INTO CUSTOMER_IDENTIFIERS (customer_id, identifier_id, identifier_value) values ('68790b1d-5b39-4537-90d1-d3f67a4fea55', 101, '21818263525');
INSERT INTO CUSTOMER_ADDRESSES (address_id, customer_id, address_type, street_address, zip_code, city, country) values ('2a130243-f081-4c47-a123-c7d1219961dd', '68790b1d-5b39-4537-90d1-d3f67a4fea55', 'R', '42742 Reynalda Track', '17575-6707', 'Randolphberg', 'Guernsey');
INSERT INTO CUSTOMER_ADDRESSES (address_id, customer_id, address_type, street_address, zip_code, city, country) values ('fba2dd28-5e44-430f-825f-9ee4824d1d59', '68790b1d-5b39-4537-90d1-d3f67a4fea55', 'M', '4250 Ebert Curve', '90248', 'New Deonnaberg', 'Algeria');
INSERT INTO CUSTOMERS (id, first_name, last_name) values ('1f5d9353-b87f-4516-97cf-f4606bf20b3c', 'Willie', 'Stiedemann');
INSERT INTO CUSTOMER_IDENTIFIERS (customer_id, identifier_id, identifier_value) values ('1f5d9353-b87f-4516-97cf-f4606bf20b3c', 103, '948-017-35-63');
INSERT INTO CUSTOMER_ADDRESSES (address_id, customer_id, address_type, street_address, zip_code, city, country) values ('b9d7ca9d-14e4-4054-9ef0-94419cae7f90', '1f5d9353-b87f-4516-97cf-f4606bf20b3c', 'R', '9143 Brendon Highway', '96315-2165', 'Hoegerhaven', 'Lao People''s Democratic Republic');
INSERT INTO CUSTOMERS (id, first_name, last_name) values ('f2cc71e5-28a7-442c-a302-e0ef7430d092', 'Vivienne', 'Cummings');
INSERT INTO CUSTOMER_IDENTIFIERS (customer_id, identifier_id, identifier_value) values ('f2cc71e5-28a7-442c-a302-e0ef7430d092', 101, '91363733497');
INSERT INTO CUSTOMER_IDENTIFIERS (customer_id, identifier_id, identifier_value) values ('f2cc71e5-28a7-442c-a302-e0ef7430d092', 102, '644707783');
INSERT INTO CUSTOMER_IDENTIFIERS (customer_id, identifier_id, identifier_value) values ('f2cc71e5-28a7-442c-a302-e0ef7430d092', 103, '723-626-55-27');
INSERT INTO CUSTOMER_ADDRESSES (address_id, customer_id, address_type, street_address, zip_code, city, country) values ('dde4e91a-7771-4601-a17c-58aba2b0cd78', 'f2cc71e5-28a7-442c-a302-e0ef7430d092', 'R', '79794 Ryan Crescent', '10995', 'Sharashire', 'Cook Islands');
INSERT INTO CUSTOMERS (id, first_name, last_name) values ('e4434ba7-86fe-4108-a2fe-e16e94f279f1', 'Adele', 'Wyman');
INSERT INTO CUSTOMER_IDENTIFIERS (customer_id, identifier_id, identifier_value) values ('e4434ba7-86fe-4108-a2fe-e16e94f279f1', 101, '08091669642');
INSERT INTO CUSTOMER_IDENTIFIERS (customer_id, identifier_id, identifier_value) values ('e4434ba7-86fe-4108-a2fe-e16e94f279f1', 102, '855628509');
INSERT INTO CUSTOMER_ADDRESSES (address_id, customer_id, address_type, street_address, zip_code, city, country) values ('16365609-9a64-47bc-85c4-29042adea93d', 'e4434ba7-86fe-4108-a2fe-e16e94f279f1', 'R', '54722 Rosamond Rapids', '04999-3391', 'South Joe', 'Ghana');
INSERT INTO CUSTOMERS (id, first_name, last_name) values ('6fe86037-27b4-4ab1-8188-5bf9f03224d7', 'Stephen', 'Murphy');
INSERT INTO CUSTOMER_IDENTIFIERS (customer_id, identifier_id, identifier_value) values ('6fe86037-27b4-4ab1-8188-5bf9f03224d7', 102, '315842328');
INSERT INTO CUSTOMER_ADDRESSES (address_id, customer_id, address_type, street_address, zip_code, city, country) values ('b1fb57b8-e5a0-4f40-a09c-c256d608b5dd', '6fe86037-27b4-4ab1-8188-5bf9f03224d7', 'R', '6688 Larson Motorway', '00501-4972', 'Lake Joellaside', 'French Polynesia');
INSERT INTO CUSTOMERS (id, first_name, last_name) values ('ef455e7d-5a56-4fc5-9a7c-3d8aadd3260c', 'Florance', 'Volkman');
INSERT INTO CUSTOMER_IDENTIFIERS (customer_id, identifier_id, identifier_value) values ('ef455e7d-5a56-4fc5-9a7c-3d8aadd3260c', 102, '927196965');
INSERT INTO CUSTOMER_ADDRESSES (address_id, customer_id, address_type, street_address, zip_code, city, country) values ('d52bfeda-42af-4344-9338-ccc07ab4822e', 'ef455e7d-5a56-4fc5-9a7c-3d8aadd3260c', 'R', '22945 Gracie Rest', '99014', 'Donnyburgh', 'Argentina');
INSERT INTO CUSTOMERS (id, first_name, last_name) values ('9131a788-adec-441c-89ca-9dd7b719b1d9', 'Chung', 'Kuhlman');
INSERT INTO CUSTOMER_IDENTIFIERS (customer_id, identifier_id, identifier_value) values ('9131a788-adec-441c-89ca-9dd7b719b1d9', 101, '09405765591');
INSERT INTO CUSTOMER_ADDRESSES (address_id, customer_id, address_type, street_address, zip_code, city, country) values ('8fb95ff8-434d-440a-948d-e489da926819', '9131a788-adec-441c-89ca-9dd7b719b1d9', 'R', '1289 Lin Heights', '45488-7380', 'West Elmoburgh', 'Zambia');
INSERT INTO CUSTOMERS (id, first_name, last_name) values ('a61a02ce-f489-4c91-9240-0f5ca655790e', 'Roy', 'Dare');
INSERT INTO CUSTOMER_IDENTIFIERS (customer_id, identifier_id, identifier_value) values ('a61a02ce-f489-4c91-9240-0f5ca655790e', 103, '033-248-64-90');
INSERT INTO CUSTOMER_ADDRESSES (address_id, customer_id, address_type, street_address, zip_code, city, country) values ('17400b49-989e-40f2-a810-a90be04d7ee7', 'a61a02ce-f489-4c91-9240-0f5ca655790e', 'R', '0154 Earle Falls', '52825', 'North Haydeeburgh', 'Monaco');
INSERT INTO CUSTOMER_ADDRESSES (address_id, customer_id, address_type, street_address, zip_code, city, country) values ('61a3031f-c59d-4303-91f2-3fcaa5e4801a', 'a61a02ce-f489-4c91-9240-0f5ca655790e', 'M', '20670 Smith Brook', '10422', 'New Donovanberg', 'Western Sahara');
INSERT INTO CUSTOMERS (id, first_name, last_name) values ('adf7fe69-3902-44e2-9138-22b94cce3ae5', 'Ivory', 'Torphy');
INSERT INTO CUSTOMER_IDENTIFIERS (customer_id, identifier_id, identifier_value) values ('adf7fe69-3902-44e2-9138-22b94cce3ae5', 102, '969734812');
INSERT INTO CUSTOMER_IDENTIFIERS (customer_id, identifier_id, identifier_value) values ('adf7fe69-3902-44e2-9138-22b94cce3ae5', 103, '514-348-16-34');
INSERT INTO CUSTOMER_ADDRESSES (address_id, customer_id, address_type, street_address, zip_code, city, country) values ('dddfacf6-4200-44e2-bc7f-978fb99455cd', 'adf7fe69-3902-44e2-9138-22b94cce3ae5', 'R', '492 Beier Burgs', '91608', 'Lake Isabelle', 'Libyan Arab Jamahiriya');
INSERT INTO CUSTOMER_ADDRESSES (address_id, customer_id, address_type, street_address, zip_code, city, country) values ('40d88240-d8ca-41ce-9c8c-3b27a880c694', 'adf7fe69-3902-44e2-9138-22b94cce3ae5', 'M', '544 Renner Vista', '71421-8681', 'Katieborough', 'Myanmar');
INSERT INTO CUSTOMERS (id, first_name, last_name) values ('8b74d4c4-220f-497b-b597-ae6fad2167a4', 'Floy', 'Collins');
INSERT INTO CUSTOMER_IDENTIFIERS (customer_id, identifier_id, identifier_value) values ('8b74d4c4-220f-497b-b597-ae6fad2167a4', 102, '532283572');
INSERT INTO CUSTOMER_ADDRESSES (address_id, customer_id, address_type, street_address, zip_code, city, country) values ('59765384-ec64-4830-8ceb-f4f578d6e50e', '8b74d4c4-220f-497b-b597-ae6fad2167a4', 'R', '316 Aufderhar Canyon', '44024-8440', 'Malisaborough', 'Serbia');
INSERT INTO CUSTOMERS (id, first_name, last_name) values ('a01ff15a-44c5-474e-9f71-a7f4df3fc250', 'Ian', 'Sawayn');
INSERT INTO CUSTOMER_IDENTIFIERS (customer_id, identifier_id, identifier_value) values ('a01ff15a-44c5-474e-9f71-a7f4df3fc250', 102, '874323447');
INSERT INTO CUSTOMER_IDENTIFIERS (customer_id, identifier_id, identifier_value) values ('a01ff15a-44c5-474e-9f71-a7f4df3fc250', 103, '024-160-24-57');
INSERT INTO CUSTOMER_ADDRESSES (address_id, customer_id, address_type, street_address, zip_code, city, country) values ('52bcfa22-30a5-435e-8f99-93fa019dd501', 'a01ff15a-44c5-474e-9f71-a7f4df3fc250', 'R', '623 Kertzmann Forges', '43555-5347', 'Salvatoreland', 'Democratic People''s Republic of Korea');
INSERT INTO CUSTOMERS (id, first_name, last_name) values ('257097bb-a04a-42c1-898f-ebc65daf95e6', 'Lee', 'D''Amore');
INSERT INTO CUSTOMER_IDENTIFIERS (customer_id, identifier_id, identifier_value) values ('257097bb-a04a-42c1-898f-ebc65daf95e6', 103, '243-120-49-08');
INSERT INTO CUSTOMER_ADDRESSES (address_id, customer_id, address_type, street_address, zip_code, city, country) values ('a86cbb17-bdf3-4e79-9537-601e22f94944', '257097bb-a04a-42c1-898f-ebc65daf95e6', 'R', '496 Schamberger Motorway', '87413', 'East Michaeletown', 'Macao');
INSERT INTO CUSTOMER_ADDRESSES (address_id, customer_id, address_type, street_address, zip_code, city, country) values ('184a9d4b-407d-47a5-9f22-b06054347198', '257097bb-a04a-42c1-898f-ebc65daf95e6', 'M', '72354 Logan Passage', '61927', 'Balistreriborough', 'Cocos (Keeling) Islands');
INSERT INTO CUSTOMERS (id, first_name, last_name) values ('9e910076-4cf1-4fcc-809c-2f7db621045f', 'Willodean', 'Hudson');
INSERT INTO CUSTOMER_IDENTIFIERS (customer_id, identifier_id, identifier_value) values ('9e910076-4cf1-4fcc-809c-2f7db621045f', 101, '06209498256');
INSERT INTO CUSTOMER_IDENTIFIERS (customer_id, identifier_id, identifier_value) values ('9e910076-4cf1-4fcc-809c-2f7db621045f', 102, '849026323');
INSERT INTO CUSTOMER_IDENTIFIERS (customer_id, identifier_id, identifier_value) values ('9e910076-4cf1-4fcc-809c-2f7db621045f', 103, '612-164-19-27');
INSERT INTO CUSTOMER_ADDRESSES (address_id, customer_id, address_type, street_address, zip_code, city, country) values ('9d29901d-b182-4141-a1c3-d3a9a721bd95', '9e910076-4cf1-4fcc-809c-2f7db621045f', 'R', '18859 Torphy Ports', '75067-8038', 'New Rhett', 'Burundi');
INSERT INTO CUSTOMERS (id, first_name, last_name) values ('840d28eb-e8b9-4afb-a207-65d02240129c', 'Trenton', 'Mertz');
INSERT INTO CUSTOMER_IDENTIFIERS (customer_id, identifier_id, identifier_value) values ('840d28eb-e8b9-4afb-a207-65d02240129c', 101, '39841488513');
INSERT INTO CUSTOMER_IDENTIFIERS (customer_id, identifier_id, identifier_value) values ('840d28eb-e8b9-4afb-a207-65d02240129c', 102, '801648774');
INSERT INTO CUSTOMER_ADDRESSES (address_id, customer_id, address_type, street_address, zip_code, city, country) values ('388ca13a-d26e-4631-8d5f-5e082fe32832', '840d28eb-e8b9-4afb-a207-65d02240129c', 'R', '9434 Corwin Turnpike', '57443-9059', 'Brentchester', 'Greece');
INSERT INTO CUSTOMERS (id, first_name, last_name) values ('ce149573-d17e-42e3-9e6e-e66e12287715', 'Jack', 'Cronin');
INSERT INTO CUSTOMER_IDENTIFIERS (customer_id, identifier_id, identifier_value) values ('ce149573-d17e-42e3-9e6e-e66e12287715', 101, '73966525024');
INSERT INTO CUSTOMER_IDENTIFIERS (customer_id, identifier_id, identifier_value) values ('ce149573-d17e-42e3-9e6e-e66e12287715', 102, '255449669');
INSERT INTO CUSTOMER_IDENTIFIERS (customer_id, identifier_id, identifier_value) values ('ce149573-d17e-42e3-9e6e-e66e12287715', 103, '200-666-22-87');
INSERT INTO CUSTOMER_ADDRESSES (address_id, customer_id, address_type, street_address, zip_code, city, country) values ('d9a7e834-8230-43dc-bbc1-f631690d83ba', 'ce149573-d17e-42e3-9e6e-e66e12287715', 'R', '168 D''Amore Estate', '39413', 'Hermistonhaven', 'Switzerland');
INSERT INTO CUSTOMER_ADDRESSES (address_id, customer_id, address_type, street_address, zip_code, city, country) values ('23b0d5a8-0d50-42bf-bbbd-308ede32f470', 'ce149573-d17e-42e3-9e6e-e66e12287715', 'M', '4769 Cyndy Mountain', '63742-6641', 'New Max', 'Mali');
INSERT INTO CUSTOMERS (id, first_name, last_name) values ('1bd322e1-edb7-4fc3-83c6-8c9a1f07ead7', 'Stephine', 'Brakus');
INSERT INTO CUSTOMER_IDENTIFIERS (customer_id, identifier_id, identifier_value) values ('1bd322e1-edb7-4fc3-83c6-8c9a1f07ead7', 101, '79339275055');
INSERT INTO CUSTOMER_IDENTIFIERS (customer_id, identifier_id, identifier_value) values ('1bd322e1-edb7-4fc3-83c6-8c9a1f07ead7', 102, '253919809');
INSERT INTO CUSTOMER_ADDRESSES (address_id, customer_id, address_type, street_address, zip_code, city, country) values ('590dd4c6-ceec-4054-801e-1c612f792429', '1bd322e1-edb7-4fc3-83c6-8c9a1f07ead7', 'R', '5983 Trenton Divide', '29260-1083', 'Marcelinoburgh', 'Bouvet Island (Bouvetoya)');
INSERT INTO CUSTOMERS (id, first_name, last_name) values ('c86311c8-d961-4c8d-8ebe-5590f4bcb783', 'Mertie', 'Borer');
INSERT INTO CUSTOMER_IDENTIFIERS (customer_id, identifier_id, identifier_value) values ('c86311c8-d961-4c8d-8ebe-5590f4bcb783', 102, '729251188');
INSERT INTO CUSTOMER_ADDRESSES (address_id, customer_id, address_type, street_address, zip_code, city, country) values ('90d804e0-d422-4775-8fb9-65165273837a', 'c86311c8-d961-4c8d-8ebe-5590f4bcb783', 'R', '62752 Nathanael Springs', '22946-2803', 'O''Konfort', 'Lithuania');
INSERT INTO CUSTOMERS (id, first_name, last_name) values ('729da1d8-6e00-403a-88ee-5836847c833b', 'Izola', 'Zieme');
INSERT INTO CUSTOMER_IDENTIFIERS (customer_id, identifier_id, identifier_value) values ('729da1d8-6e00-403a-88ee-5836847c833b', 101, '88437807218');
INSERT INTO CUSTOMER_IDENTIFIERS (customer_id, identifier_id, identifier_value) values ('729da1d8-6e00-403a-88ee-5836847c833b', 102, '114244322');
INSERT INTO CUSTOMER_IDENTIFIERS (customer_id, identifier_id, identifier_value) values ('729da1d8-6e00-403a-88ee-5836847c833b', 103, '891-600-52-76');
INSERT INTO CUSTOMER_ADDRESSES (address_id, customer_id, address_type, street_address, zip_code, city, country) values ('f6e11a0d-0ea7-4f28-b368-712cdb59a880', '729da1d8-6e00-403a-88ee-5836847c833b', 'R', '632 Bruen Junction', '23294', 'New Tomaschester', 'Reunion');
INSERT INTO CUSTOMERS (id, first_name, last_name) values ('d6882172-ca35-4214-b044-1a0d9678ec3b', 'Hulda', 'Stehr');
INSERT INTO CUSTOMER_IDENTIFIERS (customer_id, identifier_id, identifier_value) values ('d6882172-ca35-4214-b044-1a0d9678ec3b', 102, '136185001');
INSERT INTO CUSTOMER_IDENTIFIERS (customer_id, identifier_id, identifier_value) values ('d6882172-ca35-4214-b044-1a0d9678ec3b', 103, '670-501-30-55');
INSERT INTO CUSTOMER_ADDRESSES (address_id, customer_id, address_type, street_address, zip_code, city, country) values ('4f5ae56b-6885-4f14-a5c2-48885276d4f3', 'd6882172-ca35-4214-b044-1a0d9678ec3b', 'R', '05543 Marcus Ports', '76464-3496', 'Eduardoburgh', 'American Samoa');
INSERT INTO CUSTOMERS (id, first_name, last_name) values ('d280e926-b4f7-4117-9db5-5e16a3acabec', 'Classie', 'Wisoky');
INSERT INTO CUSTOMER_IDENTIFIERS (customer_id, identifier_id, identifier_value) values ('d280e926-b4f7-4117-9db5-5e16a3acabec', 101, '47567747684');
INSERT INTO CUSTOMER_IDENTIFIERS (customer_id, identifier_id, identifier_value) values ('d280e926-b4f7-4117-9db5-5e16a3acabec', 102, '734879292');
INSERT INTO CUSTOMER_ADDRESSES (address_id, customer_id, address_type, street_address, zip_code, city, country) values ('97a71376-032a-463b-bf0e-d9a21b55e2ea', 'd280e926-b4f7-4117-9db5-5e16a3acabec', 'R', '574 Lonny Turnpike', '66140-9067', 'Blocktown', 'Saint Martin');
INSERT INTO CUSTOMERS (id, first_name, last_name) values ('eb5fbe7d-6e6a-4e3e-97c0-22dbbbef1d4e', 'Zoe', 'Altenwerth');
INSERT INTO CUSTOMER_IDENTIFIERS (customer_id, identifier_id, identifier_value) values ('eb5fbe7d-6e6a-4e3e-97c0-22dbbbef1d4e', 101, '80968347649');
INSERT INTO CUSTOMER_IDENTIFIERS (customer_id, identifier_id, identifier_value) values ('eb5fbe7d-6e6a-4e3e-97c0-22dbbbef1d4e', 102, '052104125');
INSERT INTO CUSTOMER_ADDRESSES (address_id, customer_id, address_type, street_address, zip_code, city, country) values ('9d4b2a49-341b-4d39-bda1-04ee8834c9c0', 'eb5fbe7d-6e6a-4e3e-97c0-22dbbbef1d4e', 'R', '2304 Brain Spur', '22241-4399', 'New Chanteside', 'Macao');
INSERT INTO CUSTOMERS (id, first_name, last_name) values ('0d2db0a1-a65d-4502-b246-5753f3d60c8b', 'Adelaida', 'Hackett');
INSERT INTO CUSTOMER_IDENTIFIERS (customer_id, identifier_id, identifier_value) values ('0d2db0a1-a65d-4502-b246-5753f3d60c8b', 101, '10068731225');
INSERT INTO CUSTOMER_IDENTIFIERS (customer_id, identifier_id, identifier_value) values ('0d2db0a1-a65d-4502-b246-5753f3d60c8b', 103, '956-175-85-86');
INSERT INTO CUSTOMER_ADDRESSES (address_id, customer_id, address_type, street_address, zip_code, city, country) values ('98a1a1be-f549-479f-ae61-52a71296c02d', '0d2db0a1-a65d-4502-b246-5753f3d60c8b', 'R', '52596 Drucilla Park', '17841', 'Port Cammy', 'Sierra Leone');
INSERT INTO CUSTOMER_ADDRESSES (address_id, customer_id, address_type, street_address, zip_code, city, country) values ('bd30c381-13af-4f62-b19f-aa5ae0a0572b', '0d2db0a1-a65d-4502-b246-5753f3d60c8b', 'M', '97293 Green Way', '43947', 'Jacobsonport', 'Lao People''s Democratic Republic');
INSERT INTO CUSTOMERS (id, first_name, last_name) values ('33b68b72-24e3-4ab8-9e1c-36e244116956', 'Joe', 'Schulist');
INSERT INTO CUSTOMER_IDENTIFIERS (customer_id, identifier_id, identifier_value) values ('33b68b72-24e3-4ab8-9e1c-36e244116956', 101, '42356387270');
INSERT INTO CUSTOMER_IDENTIFIERS (customer_id, identifier_id, identifier_value) values ('33b68b72-24e3-4ab8-9e1c-36e244116956', 102, '077356181');
INSERT INTO CUSTOMER_ADDRESSES (address_id, customer_id, address_type, street_address, zip_code, city, country) values ('c2a2655b-fd12-41f7-961b-bff09ac65c21', '33b68b72-24e3-4ab8-9e1c-36e244116956', 'R', '8060 Ellan Brook', '19350', 'Kuhlmanland', 'Venezuela');
INSERT INTO CUSTOMERS (id, first_name, last_name) values ('33095e85-0503-4f30-bed4-a7db1bb28fce', 'Natisha', 'Harvey');
INSERT INTO CUSTOMER_IDENTIFIERS (customer_id, identifier_id, identifier_value) values ('33095e85-0503-4f30-bed4-a7db1bb28fce', 102, '411407785');
INSERT INTO CUSTOMER_ADDRESSES (address_id, customer_id, address_type, street_address, zip_code, city, country) values ('a9690af7-4960-4e43-a638-4f09b7cc8996', '33095e85-0503-4f30-bed4-a7db1bb28fce', 'R', '8089 Julietta Forges', '84916', 'North Boyd', 'Vietnam');
INSERT INTO CUSTOMERS (id, first_name, last_name) values ('c30fc523-ef76-4e9e-b59a-a452c1cc36f7', 'Jewell', 'Carroll');
INSERT INTO CUSTOMER_IDENTIFIERS (customer_id, identifier_id, identifier_value) values ('c30fc523-ef76-4e9e-b59a-a452c1cc36f7', 101, '74477910573');
INSERT INTO CUSTOMER_ADDRESSES (address_id, customer_id, address_type, street_address, zip_code, city, country) values ('7c613f47-6048-4911-89ca-6ce689c02af0', 'c30fc523-ef76-4e9e-b59a-a452c1cc36f7', 'R', '54778 Collier Plaza', '73356-2436', 'Stantonton', 'Panama');
INSERT INTO CUSTOMERS (id, first_name, last_name) values ('e3b5b119-44fe-4b0e-bfeb-c6cda64864e0', 'Leticia', 'Mayert');
INSERT INTO CUSTOMER_IDENTIFIERS (customer_id, identifier_id, identifier_value) values ('e3b5b119-44fe-4b0e-bfeb-c6cda64864e0', 101, '62889614307');
INSERT INTO CUSTOMER_IDENTIFIERS (customer_id, identifier_id, identifier_value) values ('e3b5b119-44fe-4b0e-bfeb-c6cda64864e0', 102, '526619922');
INSERT INTO CUSTOMER_IDENTIFIERS (customer_id, identifier_id, identifier_value) values ('e3b5b119-44fe-4b0e-bfeb-c6cda64864e0', 103, '740-153-90-48');
INSERT INTO CUSTOMER_ADDRESSES (address_id, customer_id, address_type, street_address, zip_code, city, country) values ('19e28a1f-107a-41f5-a848-9b3a68465dee', 'e3b5b119-44fe-4b0e-bfeb-c6cda64864e0', 'R', '23874 Clifton Way', '04917-5257', 'New Anastasiashire', 'Trinidad and Tobago');
INSERT INTO CUSTOMERS (id, first_name, last_name) values ('dc6c0b94-45b9-4e79-8f6c-a364065c1a5e', 'Bernardo', 'Thompson');
INSERT INTO CUSTOMER_IDENTIFIERS (customer_id, identifier_id, identifier_value) values ('dc6c0b94-45b9-4e79-8f6c-a364065c1a5e', 101, '90227001700');
INSERT INTO CUSTOMER_ADDRESSES (address_id, customer_id, address_type, street_address, zip_code, city, country) values ('cac14f28-f199-4aa9-9498-47fa68ab67e5', 'dc6c0b94-45b9-4e79-8f6c-a364065c1a5e', 'R', '172 Randolph Run', '65631-5788', 'Millerbury', 'Nigeria');
INSERT INTO CUSTOMER_ADDRESSES (address_id, customer_id, address_type, street_address, zip_code, city, country) values ('2310b1ec-4c59-4342-971e-e5c1da5bbb6b', 'dc6c0b94-45b9-4e79-8f6c-a364065c1a5e', 'M', '24166 O''Conner Corners', '09754-7202', 'East Leopoldo', 'Lithuania');
INSERT INTO CUSTOMERS (id, first_name, last_name) values ('ca53e3da-b5e5-4373-b02a-45851a6cf095', 'Tracy', 'Osinski');
INSERT INTO CUSTOMER_IDENTIFIERS (customer_id, identifier_id, identifier_value) values ('ca53e3da-b5e5-4373-b02a-45851a6cf095', 101, '95534097954');
INSERT INTO CUSTOMER_IDENTIFIERS (customer_id, identifier_id, identifier_value) values ('ca53e3da-b5e5-4373-b02a-45851a6cf095', 102, '449985359');
INSERT INTO CUSTOMER_IDENTIFIERS (customer_id, identifier_id, identifier_value) values ('ca53e3da-b5e5-4373-b02a-45851a6cf095', 103, '888-795-42-93');
INSERT INTO CUSTOMER_ADDRESSES (address_id, customer_id, address_type, street_address, zip_code, city, country) values ('f55181b1-c83b-49d3-b390-efb5e62cbbbc', 'ca53e3da-b5e5-4373-b02a-45851a6cf095', 'R', '4836 Wolff Club', '04681', 'Ethelynberg', 'Montenegro');
INSERT INTO CUSTOMER_ADDRESSES (address_id, customer_id, address_type, street_address, zip_code, city, country) values ('899bd7ee-7226-4b40-8c1e-9b09c4e5e757', 'ca53e3da-b5e5-4373-b02a-45851a6cf095', 'M', '7765 Odette Parkways', '91592-0333', 'South Roxie', 'Falkland Islands (Malvinas)');
INSERT INTO CUSTOMERS (id, first_name, last_name) values ('bdca8bd1-51ac-4c94-b25c-87c8c3cff966', 'Ella', 'Kuphal');
INSERT INTO CUSTOMER_IDENTIFIERS (customer_id, identifier_id, identifier_value) values ('bdca8bd1-51ac-4c94-b25c-87c8c3cff966', 101, '51283804237');
INSERT INTO CUSTOMER_IDENTIFIERS (customer_id, identifier_id, identifier_value) values ('bdca8bd1-51ac-4c94-b25c-87c8c3cff966', 102, '039577681');
INSERT INTO CUSTOMER_ADDRESSES (address_id, customer_id, address_type, street_address, zip_code, city, country) values ('2b66f598-bd94-4daf-93b9-a0befd5a0cc2', 'bdca8bd1-51ac-4c94-b25c-87c8c3cff966', 'R', '6696 Rayford Junctions', '29551', 'Larkinland', 'Mozambique');
INSERT INTO CUSTOMER_ADDRESSES (address_id, customer_id, address_type, street_address, zip_code, city, country) values ('f50641a9-bf53-4ed5-bdbf-752635559740', 'bdca8bd1-51ac-4c94-b25c-87c8c3cff966', 'M', '454 Thiel Port', '28396', 'Veumfurt', 'Cameroon');
INSERT INTO CUSTOMERS (id, first_name, last_name) values ('3d78736d-2cf3-4e19-9eb2-c7d1c9c51018', 'Antony', 'Von');
INSERT INTO CUSTOMER_IDENTIFIERS (customer_id, identifier_id, identifier_value) values ('3d78736d-2cf3-4e19-9eb2-c7d1c9c51018', 103, '925-432-16-25');
INSERT INTO CUSTOMER_ADDRESSES (address_id, customer_id, address_type, street_address, zip_code, city, country) values ('5e9402a4-969e-4cb2-b829-b4e6da9f98a2', '3d78736d-2cf3-4e19-9eb2-c7d1c9c51018', 'R', '05386 Gorczany Pines', '76521-7198', 'Klinghaven', 'Ukraine');
INSERT INTO CUSTOMER_ADDRESSES (address_id, customer_id, address_type, street_address, zip_code, city, country) values ('66611226-ebd0-4440-9e33-5faa86568423', '3d78736d-2cf3-4e19-9eb2-c7d1c9c51018', 'M', '436 Milo Ports', '35446-4056', 'Curtisshire', 'San Marino');
INSERT INTO CUSTOMERS (id, first_name, last_name) values ('f90fe657-0f1b-4443-9932-ce3582f147f8', 'Christiane', 'Lakin');
INSERT INTO CUSTOMER_IDENTIFIERS (customer_id, identifier_id, identifier_value) values ('f90fe657-0f1b-4443-9932-ce3582f147f8', 102, '396674523');
INSERT INTO CUSTOMER_IDENTIFIERS (customer_id, identifier_id, identifier_value) values ('f90fe657-0f1b-4443-9932-ce3582f147f8', 103, '727-356-68-87');
INSERT INTO CUSTOMER_ADDRESSES (address_id, customer_id, address_type, street_address, zip_code, city, country) values ('c300ce46-f656-4281-a47c-5aebc32bb250', 'f90fe657-0f1b-4443-9932-ce3582f147f8', 'R', '85438 Dionna Green', '27460', 'East Man', 'Colombia');
INSERT INTO CUSTOMERS (id, first_name, last_name) values ('43d9b875-9965-4dd5-8c13-d6a68ee68f9d', 'Carla', 'Connelly');
INSERT INTO CUSTOMER_IDENTIFIERS (customer_id, identifier_id, identifier_value) values ('43d9b875-9965-4dd5-8c13-d6a68ee68f9d', 103, '601-467-79-59');
INSERT INTO CUSTOMER_ADDRESSES (address_id, customer_id, address_type, street_address, zip_code, city, country) values ('cc15b3ba-fed8-4380-9767-2d6467c34366', '43d9b875-9965-4dd5-8c13-d6a68ee68f9d', 'R', '14433 Kyung Lodge', '73271', 'Danniestad', 'Central African Republic');
INSERT INTO CUSTOMER_ADDRESSES (address_id, customer_id, address_type, street_address, zip_code, city, country) values ('de9354d7-f7a4-4e22-a0a2-17bb1ea9215f', '43d9b875-9965-4dd5-8c13-d6a68ee68f9d', 'M', '419 Farrell Inlet', '92971-8235', 'South Rosario', 'Pakistan');
INSERT INTO CUSTOMERS (id, first_name, last_name) values ('f025b713-24b3-4828-908c-811123a96af0', 'Ardelia', 'Larkin');
INSERT INTO CUSTOMER_IDENTIFIERS (customer_id, identifier_id, identifier_value) values ('f025b713-24b3-4828-908c-811123a96af0', 102, '545357446');
INSERT INTO CUSTOMER_IDENTIFIERS (customer_id, identifier_id, identifier_value) values ('f025b713-24b3-4828-908c-811123a96af0', 103, '788-488-58-69');
INSERT INTO CUSTOMER_ADDRESSES (address_id, customer_id, address_type, street_address, zip_code, city, country) values ('9f13ec34-cd9a-4f9e-8d17-8575ae15a453', 'f025b713-24b3-4828-908c-811123a96af0', 'R', '81670 Sanford Roads', '88339-6107', 'Andreasview', 'Mauritania');
INSERT INTO CUSTOMERS (id, first_name, last_name) values ('e5f9e70e-666b-4601-a672-99a5e73808f8', 'Guillermo', 'Strosin');
INSERT INTO CUSTOMER_IDENTIFIERS (customer_id, identifier_id, identifier_value) values ('e5f9e70e-666b-4601-a672-99a5e73808f8', 101, '47747417423');
INSERT INTO CUSTOMER_IDENTIFIERS (customer_id, identifier_id, identifier_value) values ('e5f9e70e-666b-4601-a672-99a5e73808f8', 103, '920-255-93-19');
INSERT INTO CUSTOMER_ADDRESSES (address_id, customer_id, address_type, street_address, zip_code, city, country) values ('334f5364-ab9d-41d6-97ff-a5130f7816c3', 'e5f9e70e-666b-4601-a672-99a5e73808f8', 'R', '89950 Karrie Brooks', '87651-1160', 'Lake Stevieport', 'Brunei Darussalam');
INSERT INTO CUSTOMERS (id, first_name, last_name) values ('70afa675-06f3-40d2-8fc8-4ac8c18487a2', 'Micheal', 'Watsica');
INSERT INTO CUSTOMER_IDENTIFIERS (customer_id, identifier_id, identifier_value) values ('70afa675-06f3-40d2-8fc8-4ac8c18487a2', 101, '69092265620');
INSERT INTO CUSTOMER_IDENTIFIERS (customer_id, identifier_id, identifier_value) values ('70afa675-06f3-40d2-8fc8-4ac8c18487a2', 102, '419003473');
INSERT INTO CUSTOMER_ADDRESSES (address_id, customer_id, address_type, street_address, zip_code, city, country) values ('6399be16-8a93-40d8-bb9e-8b5ca59d714e', '70afa675-06f3-40d2-8fc8-4ac8c18487a2', 'R', '371 Howe Neck', '96569-7854', 'Manuelview', 'Guadeloupe');
INSERT INTO CUSTOMER_ADDRESSES (address_id, customer_id, address_type, street_address, zip_code, city, country) values ('6ade1fa1-2bc2-4916-92af-598a141a2fc1', '70afa675-06f3-40d2-8fc8-4ac8c18487a2', 'M', '53483 Doretha Island', '89841-4323', 'Carlton', 'Dominica');
INSERT INTO CUSTOMERS (id, first_name, last_name) values ('1df7b1e3-3d6f-4217-9eec-30a002d98a42', 'Francisco', 'Thompson');
INSERT INTO CUSTOMER_IDENTIFIERS (customer_id, identifier_id, identifier_value) values ('1df7b1e3-3d6f-4217-9eec-30a002d98a42', 101, '57749446543');
INSERT INTO CUSTOMER_IDENTIFIERS (customer_id, identifier_id, identifier_value) values ('1df7b1e3-3d6f-4217-9eec-30a002d98a42', 102, '518139308');
INSERT INTO CUSTOMER_ADDRESSES (address_id, customer_id, address_type, street_address, zip_code, city, country) values ('940ec168-09e6-49f8-9529-b4bb99533cdc', '1df7b1e3-3d6f-4217-9eec-30a002d98a42', 'R', '56762 Cummerata Roads', '25378', 'Barrowsfurt', 'Uganda');
INSERT INTO CUSTOMER_ADDRESSES (address_id, customer_id, address_type, street_address, zip_code, city, country) values ('01b01aeb-3d77-4d08-85fa-34fb74eb976b', '1df7b1e3-3d6f-4217-9eec-30a002d98a42', 'M', '569 Mckinley Curve', '47257-1298', 'East Burl', 'Albania');
INSERT INTO CUSTOMERS (id, first_name, last_name) values ('55a7bc27-8289-4a7d-88e6-e6c5fc6ca963', 'Wally', 'Turner');
INSERT INTO CUSTOMER_IDENTIFIERS (customer_id, identifier_id, identifier_value) values ('55a7bc27-8289-4a7d-88e6-e6c5fc6ca963', 101, '67547644331');
INSERT INTO CUSTOMER_ADDRESSES (address_id, customer_id, address_type, street_address, zip_code, city, country) values ('989063f6-0f78-4d2b-957d-c80dd56cbd6f', '55a7bc27-8289-4a7d-88e6-e6c5fc6ca963', 'R', '585 Bernice Glens', '12747-4697', 'Lake Buford', 'Libyan Arab Jamahiriya');
INSERT INTO CUSTOMERS (id, first_name, last_name) values ('02473596-a87a-4a7d-9fd8-b4559ae7bf37', 'Lauralee', 'Little');
INSERT INTO CUSTOMER_IDENTIFIERS (customer_id, identifier_id, identifier_value) values ('02473596-a87a-4a7d-9fd8-b4559ae7bf37', 103, '868-940-30-56');
INSERT INTO CUSTOMER_ADDRESSES (address_id, customer_id, address_type, street_address, zip_code, city, country) values ('988a9483-cac3-4f9c-be68-e90868fb3c60', '02473596-a87a-4a7d-9fd8-b4559ae7bf37', 'R', '5310 Arnold Mountains', '44894', 'Johnsonmouth', 'Slovakia (Slovak Republic)');
INSERT INTO CUSTOMERS (id, first_name, last_name) values ('a9c7ec33-a479-40a4-9ffb-e2319c88246a', 'Lenora', 'Beahan');
INSERT INTO CUSTOMER_IDENTIFIERS (customer_id, identifier_id, identifier_value) values ('a9c7ec33-a479-40a4-9ffb-e2319c88246a', 102, '925357737');
INSERT INTO CUSTOMER_IDENTIFIERS (customer_id, identifier_id, identifier_value) values ('a9c7ec33-a479-40a4-9ffb-e2319c88246a', 103, '232-832-82-36');
INSERT INTO CUSTOMER_ADDRESSES (address_id, customer_id, address_type, street_address, zip_code, city, country) values ('12a3fdfd-09b9-42d9-b9c3-71d41e19eb63', 'a9c7ec33-a479-40a4-9ffb-e2319c88246a', 'R', '127 Vandervort Squares', '63994', 'New Eli', 'Guinea-Bissau');
INSERT INTO CUSTOMERS (id, first_name, last_name) values ('dd9c8dfd-360f-44c5-9702-2071388fa198', 'Micheal', 'Steuber');
INSERT INTO CUSTOMER_IDENTIFIERS (customer_id, identifier_id, identifier_value) values ('dd9c8dfd-360f-44c5-9702-2071388fa198', 101, '97152756319');
INSERT INTO CUSTOMER_IDENTIFIERS (customer_id, identifier_id, identifier_value) values ('dd9c8dfd-360f-44c5-9702-2071388fa198', 102, '069522246');
INSERT INTO CUSTOMER_IDENTIFIERS (customer_id, identifier_id, identifier_value) values ('dd9c8dfd-360f-44c5-9702-2071388fa198', 103, '534-270-78-57');
INSERT INTO CUSTOMER_ADDRESSES (address_id, customer_id, address_type, street_address, zip_code, city, country) values ('555dfe37-c091-4bf5-a084-89adebe748c4', 'dd9c8dfd-360f-44c5-9702-2071388fa198', 'R', '157 Alec Port', '11791-9544', 'Blandaport', 'Israel');
INSERT INTO CUSTOMERS (id, first_name, last_name) values ('24428c06-bfa9-4463-81ff-687ca6e4f04c', 'Benton', 'Graham');
INSERT INTO CUSTOMER_IDENTIFIERS (customer_id, identifier_id, identifier_value) values ('24428c06-bfa9-4463-81ff-687ca6e4f04c', 101, '26353093399');
INSERT INTO CUSTOMER_IDENTIFIERS (customer_id, identifier_id, identifier_value) values ('24428c06-bfa9-4463-81ff-687ca6e4f04c', 103, '186-997-62-57');
INSERT INTO CUSTOMER_ADDRESSES (address_id, customer_id, address_type, street_address, zip_code, city, country) values ('63eeea88-a7a2-4347-b37d-c4392caead49', '24428c06-bfa9-4463-81ff-687ca6e4f04c', 'R', '946 Marvin Inlet', '91333', 'Lake Brentview', 'Jordan');
INSERT INTO CUSTOMERS (id, first_name, last_name) values ('cca42cb7-e33a-4a45-8209-093966fb07e9', 'Kisha', 'Hermann');
INSERT INTO CUSTOMER_IDENTIFIERS (customer_id, identifier_id, identifier_value) values ('cca42cb7-e33a-4a45-8209-093966fb07e9', 103, '569-249-21-87');
INSERT INTO CUSTOMER_ADDRESSES (address_id, customer_id, address_type, street_address, zip_code, city, country) values ('a8a379f5-51df-49c1-a511-a1eda99703d0', 'cca42cb7-e33a-4a45-8209-093966fb07e9', 'R', '531 Assunta Junctions', '28679', 'Weimannfort', 'Bermuda');
INSERT INTO CUSTOMERS (id, first_name, last_name) values ('5ab81aeb-7a01-455c-9658-dad8e52d8b08', 'Emile', 'Rosenbaum');
INSERT INTO CUSTOMER_IDENTIFIERS (customer_id, identifier_id, identifier_value) values ('5ab81aeb-7a01-455c-9658-dad8e52d8b08', 101, '35213745733');
INSERT INTO CUSTOMER_IDENTIFIERS (customer_id, identifier_id, identifier_value) values ('5ab81aeb-7a01-455c-9658-dad8e52d8b08', 102, '459890755');
INSERT INTO CUSTOMER_ADDRESSES (address_id, customer_id, address_type, street_address, zip_code, city, country) values ('687df4cd-1eb3-4cc3-a304-3ee20faba778', '5ab81aeb-7a01-455c-9658-dad8e52d8b08', 'R', '2161 Beatty Prairie', '35673', 'Kohlerfurt', 'Bosnia and Herzegovina');
INSERT INTO CUSTOMERS (id, first_name, last_name) values ('eb345246-ba9a-4ca0-882b-84ffedf65b51', 'Calvin', 'Reynolds');
INSERT INTO CUSTOMER_IDENTIFIERS (customer_id, identifier_id, identifier_value) values ('eb345246-ba9a-4ca0-882b-84ffedf65b51', 101, '92258756057');
INSERT INTO CUSTOMER_IDENTIFIERS (customer_id, identifier_id, identifier_value) values ('eb345246-ba9a-4ca0-882b-84ffedf65b51', 102, '498592274');
INSERT INTO CUSTOMER_ADDRESSES (address_id, customer_id, address_type, street_address, zip_code, city, country) values ('0c8121eb-9a7b-4309-b6a9-40273470730e', 'eb345246-ba9a-4ca0-882b-84ffedf65b51', 'R', '1702 Kasie Meadows', '29313', 'Lake Maragaretside', 'Cook Islands');
INSERT INTO CUSTOMER_ADDRESSES (address_id, customer_id, address_type, street_address, zip_code, city, country) values ('832d6f32-c401-4453-ab7f-0d80e40acaca', 'eb345246-ba9a-4ca0-882b-84ffedf65b51', 'M', '6718 Maribeth Meadow', '62808', 'East Billyport', 'Cambodia');
INSERT INTO CUSTOMERS (id, first_name, last_name) values ('bda90ce2-f213-456f-ad6b-c9341767df25', 'Erin', 'Gibson');
INSERT INTO CUSTOMER_IDENTIFIERS (customer_id, identifier_id, identifier_value) values ('bda90ce2-f213-456f-ad6b-c9341767df25', 101, '25720026760');
INSERT INTO CUSTOMER_ADDRESSES (address_id, customer_id, address_type, street_address, zip_code, city, country) values ('f7d2f72d-66bb-49f3-8625-75a1fc3ae361', 'bda90ce2-f213-456f-ad6b-c9341767df25', 'R', '908 Raymond Spring', '70746-7189', 'Lake Jamarfort', 'French Guiana');
INSERT INTO CUSTOMERS (id, first_name, last_name) values ('509c45dc-cce5-400f-911c-d0131aeea993', 'Candida', 'Gerhold');
INSERT INTO CUSTOMER_IDENTIFIERS (customer_id, identifier_id, identifier_value) values ('509c45dc-cce5-400f-911c-d0131aeea993', 101, '12677835690');
INSERT INTO CUSTOMER_IDENTIFIERS (customer_id, identifier_id, identifier_value) values ('509c45dc-cce5-400f-911c-d0131aeea993', 103, '201-132-18-56');
INSERT INTO CUSTOMER_ADDRESSES (address_id, customer_id, address_type, street_address, zip_code, city, country) values ('01127a12-232a-4241-a0d7-2d3e2d29907e', '509c45dc-cce5-400f-911c-d0131aeea993', 'R', '19242 Jody Hill', '72577-7364', 'Thielmouth', 'Kyrgyz Republic');
INSERT INTO CUSTOMERS (id, first_name, last_name) values ('ae70ddac-9c52-4814-b75b-3fae300e15dc', 'Krystyna', 'McClure');
INSERT INTO CUSTOMER_IDENTIFIERS (customer_id, identifier_id, identifier_value) values ('ae70ddac-9c52-4814-b75b-3fae300e15dc', 101, '78984259610');
INSERT INTO CUSTOMER_IDENTIFIERS (customer_id, identifier_id, identifier_value) values ('ae70ddac-9c52-4814-b75b-3fae300e15dc', 102, '497775780');
INSERT INTO CUSTOMER_IDENTIFIERS (customer_id, identifier_id, identifier_value) values ('ae70ddac-9c52-4814-b75b-3fae300e15dc', 103, '501-774-28-28');
INSERT INTO CUSTOMER_ADDRESSES (address_id, customer_id, address_type, street_address, zip_code, city, country) values ('f6ac9a62-1fe2-4ec4-a654-688c74e64ed9', 'ae70ddac-9c52-4814-b75b-3fae300e15dc', 'R', '057 Mohr Trace', '84532-8684', 'South Randyborough', 'Montenegro');
INSERT INTO CUSTOMERS (id, first_name, last_name) values ('7e6294dd-17af-46c9-a836-3157aaa09ba6', 'Isidra', 'Collier');
INSERT INTO CUSTOMER_IDENTIFIERS (customer_id, identifier_id, identifier_value) values ('7e6294dd-17af-46c9-a836-3157aaa09ba6', 103, '766-778-61-08');
INSERT INTO CUSTOMER_ADDRESSES (address_id, customer_id, address_type, street_address, zip_code, city, country) values ('b96d0201-d79a-4fb3-b2b3-f45bbf6dab8a', '7e6294dd-17af-46c9-a836-3157aaa09ba6', 'R', '590 Kylie Views', '29268', 'East Kirk', 'Heard Island and McDonald Islands');
INSERT INTO CUSTOMERS (id, first_name, last_name) values ('e8fd44e8-629a-4eab-ba7a-cb8fe4dfb4dc', 'Shawnta', 'Waelchi');
INSERT INTO CUSTOMER_IDENTIFIERS (customer_id, identifier_id, identifier_value) values ('e8fd44e8-629a-4eab-ba7a-cb8fe4dfb4dc', 102, '259372950');
INSERT INTO CUSTOMER_ADDRESSES (address_id, customer_id, address_type, street_address, zip_code, city, country) values ('31265120-1f9b-4e72-96af-300238a5bf9b', 'e8fd44e8-629a-4eab-ba7a-cb8fe4dfb4dc', 'R', '12077 Green Spurs', '56029-8303', 'Alveraville', 'American Samoa');
INSERT INTO CUSTOMERS (id, first_name, last_name) values ('b2e5388f-a4f3-4ed4-a300-13c17c7f1e93', 'Anitra', 'Vandervort');
INSERT INTO CUSTOMER_IDENTIFIERS (customer_id, identifier_id, identifier_value) values ('b2e5388f-a4f3-4ed4-a300-13c17c7f1e93', 101, '86907434708');
INSERT INTO CUSTOMER_IDENTIFIERS (customer_id, identifier_id, identifier_value) values ('b2e5388f-a4f3-4ed4-a300-13c17c7f1e93', 102, '569936110');
INSERT INTO CUSTOMER_IDENTIFIERS (customer_id, identifier_id, identifier_value) values ('b2e5388f-a4f3-4ed4-a300-13c17c7f1e93', 103, '616-951-53-60');
INSERT INTO CUSTOMER_ADDRESSES (address_id, customer_id, address_type, street_address, zip_code, city, country) values ('a83288f7-462f-4cd1-be03-7307fb4b553f', 'b2e5388f-a4f3-4ed4-a300-13c17c7f1e93', 'R', '836 Latina Walks', '72481-5423', 'Spinkachester', 'Ukraine');
INSERT INTO CUSTOMERS (id, first_name, last_name) values ('0e616eed-a877-447f-8ffd-fe2b1262ac74', 'Francesco', 'Howe');
INSERT INTO CUSTOMER_IDENTIFIERS (customer_id, identifier_id, identifier_value) values ('0e616eed-a877-447f-8ffd-fe2b1262ac74', 101, '18772495037');
INSERT INTO CUSTOMER_ADDRESSES (address_id, customer_id, address_type, street_address, zip_code, city, country) values ('a1d5feb2-93e9-477b-b630-097be0c0c7dc', '0e616eed-a877-447f-8ffd-fe2b1262ac74', 'R', '423 Hansen Junctions', '40892-3483', 'Lawerenceside', 'Mozambique');
INSERT INTO CUSTOMERS (id, first_name, last_name) values ('508f0a46-db91-4f6f-b8de-658d45eeaf26', 'Sonny', 'Zboncak');
INSERT INTO CUSTOMER_IDENTIFIERS (customer_id, identifier_id, identifier_value) values ('508f0a46-db91-4f6f-b8de-658d45eeaf26', 101, '49407643796');
INSERT INTO CUSTOMER_IDENTIFIERS (customer_id, identifier_id, identifier_value) values ('508f0a46-db91-4f6f-b8de-658d45eeaf26', 102, '302858735');
INSERT INTO CUSTOMER_ADDRESSES (address_id, customer_id, address_type, street_address, zip_code, city, country) values ('a07b280b-4941-4e3a-8212-c51c7f5c7a98', '508f0a46-db91-4f6f-b8de-658d45eeaf26', 'R', '681 Cummings Walks', '67348', 'New Loreta', 'Iran');
INSERT INTO CUSTOMERS (id, first_name, last_name) values ('dcf508ba-7f92-42ae-aca3-8070bb0ce380', 'Ilse', 'Stehr');
INSERT INTO CUSTOMER_IDENTIFIERS (customer_id, identifier_id, identifier_value) values ('dcf508ba-7f92-42ae-aca3-8070bb0ce380', 102, '414340369');
INSERT INTO CUSTOMER_IDENTIFIERS (customer_id, identifier_id, identifier_value) values ('dcf508ba-7f92-42ae-aca3-8070bb0ce380', 103, '359-053-21-57');
INSERT INTO CUSTOMER_ADDRESSES (address_id, customer_id, address_type, street_address, zip_code, city, country) values ('f93bf33d-728f-4be0-83f5-e8b84f5d0dbb', 'dcf508ba-7f92-42ae-aca3-8070bb0ce380', 'R', '9141 Judith Throughway', '44927-7522', 'Port Guadalupe', 'Madagascar');
INSERT INTO CUSTOMERS (id, first_name, last_name) values ('ce19843c-c097-484a-b485-c56331d22257', 'Jazmin', 'Skiles');
INSERT INTO CUSTOMER_IDENTIFIERS (customer_id, identifier_id, identifier_value) values ('ce19843c-c097-484a-b485-c56331d22257', 101, '46925434572');
INSERT INTO CUSTOMER_IDENTIFIERS (customer_id, identifier_id, identifier_value) values ('ce19843c-c097-484a-b485-c56331d22257', 103, '340-131-49-40');
INSERT INTO CUSTOMER_ADDRESSES (address_id, customer_id, address_type, street_address, zip_code, city, country) values ('e023b50e-beff-4fef-af08-a8896a290286', 'ce19843c-c097-484a-b485-c56331d22257', 'R', '57619 Cruickshank Rest', '26514-7502', 'South Delbert', 'Thailand');
INSERT INTO CUSTOMERS (id, first_name, last_name) values ('9449b432-59f7-4ccd-b2e7-ada3f5f8e481', 'Weston', 'Luettgen');
INSERT INTO CUSTOMER_IDENTIFIERS (customer_id, identifier_id, identifier_value) values ('9449b432-59f7-4ccd-b2e7-ada3f5f8e481', 102, '278345729');
INSERT INTO CUSTOMER_ADDRESSES (address_id, customer_id, address_type, street_address, zip_code, city, country) values ('c086ad8d-3532-4361-80f8-70092ac83ab5', '9449b432-59f7-4ccd-b2e7-ada3f5f8e481', 'R', '4599 Altenwerth Place', '12337', 'South Duncan', 'Saint Kitts and Nevis');
INSERT INTO CUSTOMERS (id, first_name, last_name) values ('9b9547bd-d271-4caf-bd01-165b8181468c', 'Eddy', 'Koelpin');
INSERT INTO CUSTOMER_IDENTIFIERS (customer_id, identifier_id, identifier_value) values ('9b9547bd-d271-4caf-bd01-165b8181468c', 101, '30637962028');
INSERT INTO CUSTOMER_IDENTIFIERS (customer_id, identifier_id, identifier_value) values ('9b9547bd-d271-4caf-bd01-165b8181468c', 103, '072-420-89-41');
INSERT INTO CUSTOMER_ADDRESSES (address_id, customer_id, address_type, street_address, zip_code, city, country) values ('eb0247c0-dda9-47c8-b6b7-f879efc20edf', '9b9547bd-d271-4caf-bd01-165b8181468c', 'R', '18859 VonRueden Ways', '44817', 'Cummingsstad', 'Uganda');
INSERT INTO CUSTOMERS (id, first_name, last_name) values ('cd315e63-a2b6-4d52-9db5-8c42608d2084', 'Emerson', 'Mayer');
INSERT INTO CUSTOMER_IDENTIFIERS (customer_id, identifier_id, identifier_value) values ('cd315e63-a2b6-4d52-9db5-8c42608d2084', 101, '59996478358');
INSERT INTO CUSTOMER_ADDRESSES (address_id, customer_id, address_type, street_address, zip_code, city, country) values ('fcf28978-acee-4851-a464-37fbb777d4fd', 'cd315e63-a2b6-4d52-9db5-8c42608d2084', 'R', '6882 Joette Junctions', '28328-6729', 'North Merrill', 'Croatia');
INSERT INTO CUSTOMERS (id, first_name, last_name) values ('7db9a317-2d68-44ee-93ff-af9e3e74cd63', 'Dianna', 'Kuhlman');
INSERT INTO CUSTOMER_IDENTIFIERS (customer_id, identifier_id, identifier_value) values ('7db9a317-2d68-44ee-93ff-af9e3e74cd63', 101, '16439374995');
INSERT INTO CUSTOMER_IDENTIFIERS (customer_id, identifier_id, identifier_value) values ('7db9a317-2d68-44ee-93ff-af9e3e74cd63', 102, '789757330');
INSERT INTO CUSTOMER_ADDRESSES (address_id, customer_id, address_type, street_address, zip_code, city, country) values ('ecaf7d8b-965e-4974-84ef-99705dd4a027', '7db9a317-2d68-44ee-93ff-af9e3e74cd63', 'R', '1312 Charlena Cliffs', '20940', 'New Wendell', 'Venezuela');
INSERT INTO CUSTOMER_ADDRESSES (address_id, customer_id, address_type, street_address, zip_code, city, country) values ('1d932d1d-9bcc-479e-ac8c-c0af2bdf493c', '7db9a317-2d68-44ee-93ff-af9e3e74cd63', 'M', '238 Chauncey Ridges', '40151', 'New Shonton', 'Finland');
INSERT INTO CUSTOMERS (id, first_name, last_name) values ('aebc9ecf-ed52-442a-b521-52884f8055ee', 'Huey', 'Greenholt');
INSERT INTO CUSTOMER_IDENTIFIERS (customer_id, identifier_id, identifier_value) values ('aebc9ecf-ed52-442a-b521-52884f8055ee', 102, '936938971');
INSERT INTO CUSTOMER_IDENTIFIERS (customer_id, identifier_id, identifier_value) values ('aebc9ecf-ed52-442a-b521-52884f8055ee', 103, '358-216-35-16');
INSERT INTO CUSTOMER_ADDRESSES (address_id, customer_id, address_type, street_address, zip_code, city, country) values ('009cf7a7-e573-456b-aa94-10465149578b', 'aebc9ecf-ed52-442a-b521-52884f8055ee', 'R', '108 Cindi Squares', '98565', 'Kochport', 'Isle of Man');
INSERT INTO CUSTOMER_ADDRESSES (address_id, customer_id, address_type, street_address, zip_code, city, country) values ('3bff2222-7197-406f-8306-c7727f803863', 'aebc9ecf-ed52-442a-b521-52884f8055ee', 'M', '9740 David Crescent', '71261-3241', 'West Porsche', 'Virgin Islands, U.S.');
INSERT INTO CUSTOMERS (id, first_name, last_name) values ('ddcc64f8-9155-4f03-bafb-da9efd2fca2e', 'Sol', 'Beier');
INSERT INTO CUSTOMER_IDENTIFIERS (customer_id, identifier_id, identifier_value) values ('ddcc64f8-9155-4f03-bafb-da9efd2fca2e', 101, '63831856598');
INSERT INTO CUSTOMER_IDENTIFIERS (customer_id, identifier_id, identifier_value) values ('ddcc64f8-9155-4f03-bafb-da9efd2fca2e', 102, '642747116');
INSERT INTO CUSTOMER_IDENTIFIERS (customer_id, identifier_id, identifier_value) values ('ddcc64f8-9155-4f03-bafb-da9efd2fca2e', 103, '018-983-58-87');
INSERT INTO CUSTOMER_ADDRESSES (address_id, customer_id, address_type, street_address, zip_code, city, country) values ('7d21cef8-3fbf-4806-856b-a4bff638bde9', 'ddcc64f8-9155-4f03-bafb-da9efd2fca2e', 'R', '202 Norbert Drive', '96327-9228', 'Lake Lucio', 'France');
INSERT INTO CUSTOMER_ADDRESSES (address_id, customer_id, address_type, street_address, zip_code, city, country) values ('ae0bc015-df06-4c10-b07a-bd62a704ee24', 'ddcc64f8-9155-4f03-bafb-da9efd2fca2e', 'M', '17750 Quintin Gateway', '04065', 'Uptonshire', 'Svalbard & Jan Mayen Islands');
INSERT INTO CUSTOMERS (id, first_name, last_name) values ('6eb42388-5b1a-4118-bc0b-3274060620e7', 'Sidney', 'Romaguera');
INSERT INTO CUSTOMER_IDENTIFIERS (customer_id, identifier_id, identifier_value) values ('6eb42388-5b1a-4118-bc0b-3274060620e7', 101, '66341604733');
INSERT INTO CUSTOMER_IDENTIFIERS (customer_id, identifier_id, identifier_value) values ('6eb42388-5b1a-4118-bc0b-3274060620e7', 103, '963-510-33-89');
INSERT INTO CUSTOMER_ADDRESSES (address_id, customer_id, address_type, street_address, zip_code, city, country) values ('ae5f65c7-99b3-41ee-9275-d784d7afe503', '6eb42388-5b1a-4118-bc0b-3274060620e7', 'R', '76868 Monahan Meadow', '17280-9040', 'East Deaneside', 'Equatorial Guinea');
INSERT INTO CUSTOMERS (id, first_name, last_name) values ('db840bac-e39b-4882-9b47-1ee73bd40bbe', 'Melvina', 'Kiehn');
INSERT INTO CUSTOMER_IDENTIFIERS (customer_id, identifier_id, identifier_value) values ('db840bac-e39b-4882-9b47-1ee73bd40bbe', 102, '234440489');
INSERT INTO CUSTOMER_ADDRESSES (address_id, customer_id, address_type, street_address, zip_code, city, country) values ('89b0fa3d-03d7-4d53-9230-0e35808a5c67', 'db840bac-e39b-4882-9b47-1ee73bd40bbe', 'R', '393 Shoshana Greens', '53900', 'Norbertochester', 'French Southern Territories');
INSERT INTO CUSTOMER_ADDRESSES (address_id, customer_id, address_type, street_address, zip_code, city, country) values ('7a10dd9b-a821-4db3-ba6e-dd7008751199', 'db840bac-e39b-4882-9b47-1ee73bd40bbe', 'M', '127 Trantow Brooks', '11888', 'North Latashaview', 'Egypt');
INSERT INTO CUSTOMERS (id, first_name, last_name) values ('2e4383c8-bb3a-4eca-9b44-b5a3f1b6f465', 'Alla', 'Friesen');
INSERT INTO CUSTOMER_IDENTIFIERS (customer_id, identifier_id, identifier_value) values ('2e4383c8-bb3a-4eca-9b44-b5a3f1b6f465', 101, '52140118894');
INSERT INTO CUSTOMER_ADDRESSES (address_id, customer_id, address_type, street_address, zip_code, city, country) values ('219a56b6-7e14-4338-81de-2272845cc226', '2e4383c8-bb3a-4eca-9b44-b5a3f1b6f465', 'R', '541 Quinn Fort', '94217-9726', 'East Miguelmouth', 'Cayman Islands');
INSERT INTO CUSTOMERS (id, first_name, last_name) values ('0a4f50f6-d5d7-457b-9072-6698e1f72c9e', 'Beata', 'Rice');
INSERT INTO CUSTOMER_IDENTIFIERS (customer_id, identifier_id, identifier_value) values ('0a4f50f6-d5d7-457b-9072-6698e1f72c9e', 101, '52190593511');
INSERT INTO CUSTOMER_ADDRESSES (address_id, customer_id, address_type, street_address, zip_code, city, country) values ('f28c3330-c006-494e-863e-610ca60dfa8f', '0a4f50f6-d5d7-457b-9072-6698e1f72c9e', 'R', '4011 Willms Spring', '45548-7861', 'Wadeport', 'Swaziland');
INSERT INTO CUSTOMER_ADDRESSES (address_id, customer_id, address_type, street_address, zip_code, city, country) values ('290905aa-11a3-48a3-99aa-97b7ec27f4bb', '0a4f50f6-d5d7-457b-9072-6698e1f72c9e', 'M', '60413 Malvina Orchard', '07709-2756', 'Abramstad', 'Burundi');
INSERT INTO CUSTOMERS (id, first_name, last_name) values ('e53891e2-e291-46c5-8f0c-8d6bd2f0ca92', 'Israel', 'Runte');
INSERT INTO CUSTOMER_IDENTIFIERS (customer_id, identifier_id, identifier_value) values ('e53891e2-e291-46c5-8f0c-8d6bd2f0ca92', 101, '18462905159');
INSERT INTO CUSTOMER_ADDRESSES (address_id, customer_id, address_type, street_address, zip_code, city, country) values ('8a6bda75-562c-4329-8b26-1dec25fe173b', 'e53891e2-e291-46c5-8f0c-8d6bd2f0ca92', 'R', '532 Ward View', '37108', 'Lake Hoyt', 'Bosnia and Herzegovina');
INSERT INTO CUSTOMERS (id, first_name, last_name) values ('acc820cd-9066-4e9f-b0d5-6f9e0086cc73', 'Trinidad', 'Barrows');
INSERT INTO CUSTOMER_IDENTIFIERS (customer_id, identifier_id, identifier_value) values ('acc820cd-9066-4e9f-b0d5-6f9e0086cc73', 103, '302-095-70-09');
INSERT INTO CUSTOMER_ADDRESSES (address_id, customer_id, address_type, street_address, zip_code, city, country) values ('a27aa307-18d2-4ca3-9a47-3420e4bbc90c', 'acc820cd-9066-4e9f-b0d5-6f9e0086cc73', 'R', '949 Stracke Court', '52179', 'West Roscoe', 'Eritrea');
INSERT INTO CUSTOMERS (id, first_name, last_name) values ('0b002ef5-f784-4248-a2b5-08cdea99e73d', 'Shanice', 'Goodwin');
INSERT INTO CUSTOMER_IDENTIFIERS (customer_id, identifier_id, identifier_value) values ('0b002ef5-f784-4248-a2b5-08cdea99e73d', 101, '62327837291');
INSERT INTO CUSTOMER_ADDRESSES (address_id, customer_id, address_type, street_address, zip_code, city, country) values ('3909d1a6-1cce-4419-b996-00cde2ffe836', '0b002ef5-f784-4248-a2b5-08cdea99e73d', 'R', '3284 Mitsuko Knoll', '47422-9818', 'Smithborough', 'Turkey');
INSERT INTO CUSTOMER_ADDRESSES (address_id, customer_id, address_type, street_address, zip_code, city, country) values ('b3d84342-a8bb-4adf-a1bd-2dde3616bd43', '0b002ef5-f784-4248-a2b5-08cdea99e73d', 'M', '14888 Arnoldo Mills', '84049-2875', 'Port Rodolfostad', 'Cote d''Ivoire');
INSERT INTO CUSTOMERS (id, first_name, last_name) values ('d50c1d45-8480-4f6e-aaa6-302cdbe43bb8', 'Pei', 'Monahan');
INSERT INTO CUSTOMER_IDENTIFIERS (customer_id, identifier_id, identifier_value) values ('d50c1d45-8480-4f6e-aaa6-302cdbe43bb8', 103, '378-893-07-57');
INSERT INTO CUSTOMER_ADDRESSES (address_id, customer_id, address_type, street_address, zip_code, city, country) values ('845fe92f-50f4-43c3-88e8-a93397670fda', 'd50c1d45-8480-4f6e-aaa6-302cdbe43bb8', 'R', '003 Marilynn Village', '95710', 'East Kris', 'Namibia');
INSERT INTO CUSTOMER_ADDRESSES (address_id, customer_id, address_type, street_address, zip_code, city, country) values ('71e9d01a-37cf-4f8c-9246-88ad89450a3e', 'd50c1d45-8480-4f6e-aaa6-302cdbe43bb8', 'M', '38334 Predovic Loop', '66497', 'East Brain', 'Bangladesh');
INSERT INTO CUSTOMERS (id, first_name, last_name) values ('8951594d-37df-44b3-96e5-0826e4eee0f4', 'Darleen', 'Hoppe');
INSERT INTO CUSTOMER_IDENTIFIERS (customer_id, identifier_id, identifier_value) values ('8951594d-37df-44b3-96e5-0826e4eee0f4', 102, '108016339');
INSERT INTO CUSTOMER_ADDRESSES (address_id, customer_id, address_type, street_address, zip_code, city, country) values ('564cb6f8-11d0-419a-a2f1-be38da99d540', '8951594d-37df-44b3-96e5-0826e4eee0f4', 'R', '36186 June Rue', '80064', 'West Catherin', 'Holy See (Vatican City State)');
INSERT INTO CUSTOMERS (id, first_name, last_name) values ('652b37f9-c6a8-4a84-8de6-343ea03c557e', 'Chantal', 'Willms');
INSERT INTO CUSTOMER_IDENTIFIERS (customer_id, identifier_id, identifier_value) values ('652b37f9-c6a8-4a84-8de6-343ea03c557e', 101, '50338798168');
INSERT INTO CUSTOMER_ADDRESSES (address_id, customer_id, address_type, street_address, zip_code, city, country) values ('6d8a1261-3897-4b42-a5e3-904412f211f5', '652b37f9-c6a8-4a84-8de6-343ea03c557e', 'R', '8360 Strosin Creek', '01308-7440', 'Luisport', 'Mongolia');
INSERT INTO CUSTOMERS (id, first_name, last_name) values ('067ebd7c-dd4e-4b15-b775-47e3454c82e0', 'Tamica', 'Lueilwitz');
INSERT INTO CUSTOMER_IDENTIFIERS (customer_id, identifier_id, identifier_value) values ('067ebd7c-dd4e-4b15-b775-47e3454c82e0', 103, '336-966-91-19');
INSERT INTO CUSTOMER_ADDRESSES (address_id, customer_id, address_type, street_address, zip_code, city, country) values ('291efb97-21c6-4978-a575-2e4f6ff5cd3c', '067ebd7c-dd4e-4b15-b775-47e3454c82e0', 'R', '1797 Spencer Knoll', '45153', 'Lake Ferdinandbury', 'Turks and Caicos Islands');
INSERT INTO CUSTOMERS (id, first_name, last_name) values ('e1d30c9c-5dcd-4e0a-b66c-ed6e730739c0', 'Merlin', 'Russel');
INSERT INTO CUSTOMER_IDENTIFIERS (customer_id, identifier_id, identifier_value) values ('e1d30c9c-5dcd-4e0a-b66c-ed6e730739c0', 103, '150-144-88-87');
INSERT INTO CUSTOMER_ADDRESSES (address_id, customer_id, address_type, street_address, zip_code, city, country) values ('d297721e-e22a-4d7b-b1a2-61ccc1335cbd', 'e1d30c9c-5dcd-4e0a-b66c-ed6e730739c0', 'R', '144 Jeremiah Keys', '99092-1503', 'West Belva', 'Jersey');
INSERT INTO CUSTOMER_ADDRESSES (address_id, customer_id, address_type, street_address, zip_code, city, country) values ('34f0d065-ac75-4563-a07a-9626d761a847', 'e1d30c9c-5dcd-4e0a-b66c-ed6e730739c0', 'M', '694 Zelda Dale', '88235', 'New Antionette', 'Iran');
INSERT INTO CUSTOMERS (id, first_name, last_name) values ('344d53b9-e565-45f3-9e71-974732666c69', 'Eugene', 'Williamson');
INSERT INTO CUSTOMER_IDENTIFIERS (customer_id, identifier_id, identifier_value) values ('344d53b9-e565-45f3-9e71-974732666c69', 101, '17145801403');
INSERT INTO CUSTOMER_ADDRESSES (address_id, customer_id, address_type, street_address, zip_code, city, country) values ('b634b96e-9f00-4d66-8260-eb4c2bcfc77d', '344d53b9-e565-45f3-9e71-974732666c69', 'R', '12754 O''Reilly Bypass', '23246', 'Albatown', 'Cuba');
INSERT INTO CUSTOMER_ADDRESSES (address_id, customer_id, address_type, street_address, zip_code, city, country) values ('55d855ef-7dd1-405c-8532-0239b5806e1c', '344d53b9-e565-45f3-9e71-974732666c69', 'M', '478 Streich Bridge', '18515-2672', 'Hanhhaven', 'Maldives');
INSERT INTO CUSTOMERS (id, first_name, last_name) values ('2743a848-adaf-4a57-af99-1cfc74b5dbc9', 'Brady', 'Keeling');
INSERT INTO CUSTOMER_IDENTIFIERS (customer_id, identifier_id, identifier_value) values ('2743a848-adaf-4a57-af99-1cfc74b5dbc9', 101, '07791851242');
INSERT INTO CUSTOMER_IDENTIFIERS (customer_id, identifier_id, identifier_value) values ('2743a848-adaf-4a57-af99-1cfc74b5dbc9', 102, '705344949');
INSERT INTO CUSTOMER_IDENTIFIERS (customer_id, identifier_id, identifier_value) values ('2743a848-adaf-4a57-af99-1cfc74b5dbc9', 103, '751-225-11-17');
INSERT INTO CUSTOMER_ADDRESSES (address_id, customer_id, address_type, street_address, zip_code, city, country) values ('9486b3f4-95af-4d2a-a8ce-472a518fe9c3', '2743a848-adaf-4a57-af99-1cfc74b5dbc9', 'R', '62628 Melania Ford', '01927', 'Quigleytown', 'Montserrat');
INSERT INTO CUSTOMER_ADDRESSES (address_id, customer_id, address_type, street_address, zip_code, city, country) values ('abb44475-aedc-4b7e-814a-720a7e3f9127', '2743a848-adaf-4a57-af99-1cfc74b5dbc9', 'M', '7230 Grimes Bridge', '15365-0931', 'South Estefana', 'Dominica');
INSERT INTO CUSTOMERS (id, first_name, last_name) values ('a8e94bc0-b9b0-433b-9cd9-9ee6bcaa6f43', 'Edmundo', 'Morissette');
INSERT INTO CUSTOMER_IDENTIFIERS (customer_id, identifier_id, identifier_value) values ('a8e94bc0-b9b0-433b-9cd9-9ee6bcaa6f43', 101, '50922455774');
INSERT INTO CUSTOMER_IDENTIFIERS (customer_id, identifier_id, identifier_value) values ('a8e94bc0-b9b0-433b-9cd9-9ee6bcaa6f43', 102, '404459449');
INSERT INTO CUSTOMER_IDENTIFIERS (customer_id, identifier_id, identifier_value) values ('a8e94bc0-b9b0-433b-9cd9-9ee6bcaa6f43', 103, '669-027-19-71');
INSERT INTO CUSTOMER_ADDRESSES (address_id, customer_id, address_type, street_address, zip_code, city, country) values ('2ed2d36a-a5b7-4854-a63f-aaddf587d5e0', 'a8e94bc0-b9b0-433b-9cd9-9ee6bcaa6f43', 'R', '961 Ryan Spring', '89206', 'East Aaron', 'American Samoa');
INSERT INTO CUSTOMERS (id, first_name, last_name) values ('7e5859e6-1df2-4ad8-9114-564f14cbc6fe', 'Migdalia', 'Walsh');
INSERT INTO CUSTOMER_IDENTIFIERS (customer_id, identifier_id, identifier_value) values ('7e5859e6-1df2-4ad8-9114-564f14cbc6fe', 102, '249186319');
INSERT INTO CUSTOMER_IDENTIFIERS (customer_id, identifier_id, identifier_value) values ('7e5859e6-1df2-4ad8-9114-564f14cbc6fe', 103, '837-674-40-91');
INSERT INTO CUSTOMER_ADDRESSES (address_id, customer_id, address_type, street_address, zip_code, city, country) values ('157d81fc-cb9c-49cd-a281-3908b12ef18e', '7e5859e6-1df2-4ad8-9114-564f14cbc6fe', 'R', '23058 Josie Overpass', '76739-0888', 'Port Rossanastad', 'Taiwan');
INSERT INTO CUSTOMERS (id, first_name, last_name) values ('1b83994d-3b0d-4262-9715-3be082743501', 'Shonna', 'Mertz');
INSERT INTO CUSTOMER_IDENTIFIERS (customer_id, identifier_id, identifier_value) values ('1b83994d-3b0d-4262-9715-3be082743501', 101, '79096520076');
INSERT INTO CUSTOMER_ADDRESSES (address_id, customer_id, address_type, street_address, zip_code, city, country) values ('c49ee67b-dc83-47c3-85e7-44989141a0dd', '1b83994d-3b0d-4262-9715-3be082743501', 'R', '0901 Konopelski Springs', '37906', 'New Erasmobury', 'Jersey');
INSERT INTO CUSTOMER_ADDRESSES (address_id, customer_id, address_type, street_address, zip_code, city, country) values ('3fd48a50-bf87-4a92-b63f-756710a68b5f', '1b83994d-3b0d-4262-9715-3be082743501', 'M', '441 Yon Trace', '48171-2258', 'Swaniawskibury', 'Guinea');
INSERT INTO CUSTOMERS (id, first_name, last_name) values ('361d9a12-0136-4691-9167-c1aa518ca566', 'Noble', 'Kshlerin');
INSERT INTO CUSTOMER_IDENTIFIERS (customer_id, identifier_id, identifier_value) values ('361d9a12-0136-4691-9167-c1aa518ca566', 101, '64445868710');
INSERT INTO CUSTOMER_IDENTIFIERS (customer_id, identifier_id, identifier_value) values ('361d9a12-0136-4691-9167-c1aa518ca566', 103, '918-049-62-89');
INSERT INTO CUSTOMER_ADDRESSES (address_id, customer_id, address_type, street_address, zip_code, city, country) values ('4650198b-f680-4821-beba-64dd0a8cdeb3', '361d9a12-0136-4691-9167-c1aa518ca566', 'R', '088 Trantow Knolls', '11913', 'Homenickfort', 'Tanzania');
INSERT INTO CUSTOMER_ADDRESSES (address_id, customer_id, address_type, street_address, zip_code, city, country) values ('c590e57a-0fc4-4458-b20d-7290fa06db7f', '361d9a12-0136-4691-9167-c1aa518ca566', 'M', '2306 Ferry Stravenue', '46294', 'North Erich', 'Guyana');
INSERT INTO CUSTOMERS (id, first_name, last_name) values ('635cec6d-6756-417f-b945-299ea6787d58', 'Yasmine', 'Lehner');
INSERT INTO CUSTOMER_IDENTIFIERS (customer_id, identifier_id, identifier_value) values ('635cec6d-6756-417f-b945-299ea6787d58', 102, '866646031');
INSERT INTO CUSTOMER_ADDRESSES (address_id, customer_id, address_type, street_address, zip_code, city, country) values ('79b4ec4b-18cb-4703-9ead-fe2a63e6951a', '635cec6d-6756-417f-b945-299ea6787d58', 'R', '1269 Pablo Islands', '18450', 'East Yulandaton', 'Hungary');
INSERT INTO CUSTOMERS (id, first_name, last_name) values ('a3f2913a-ebc0-4628-a215-b1e44e0426cf', 'Alysia', 'Lindgren');
INSERT INTO CUSTOMER_IDENTIFIERS (customer_id, identifier_id, identifier_value) values ('a3f2913a-ebc0-4628-a215-b1e44e0426cf', 102, '815944038');
INSERT INTO CUSTOMER_IDENTIFIERS (customer_id, identifier_id, identifier_value) values ('a3f2913a-ebc0-4628-a215-b1e44e0426cf', 103, '792-816-99-15');
INSERT INTO CUSTOMER_ADDRESSES (address_id, customer_id, address_type, street_address, zip_code, city, country) values ('0ad4239f-f443-40b7-b619-4f889f4166a8', 'a3f2913a-ebc0-4628-a215-b1e44e0426cf', 'R', '915 Gerhold Park', '56523-6849', 'South Jule', 'Central African Republic');
INSERT INTO CUSTOMER_ADDRESSES (address_id, customer_id, address_type, street_address, zip_code, city, country) values ('175a18bf-fb5c-4d40-9995-df27893ed430', 'a3f2913a-ebc0-4628-a215-b1e44e0426cf', 'M', '9044 Feest Corners', '41150-2198', 'North Wendell', 'Netherlands');
INSERT INTO CUSTOMERS (id, first_name, last_name) values ('4fa0cdf7-4fb2-4818-bf30-7fa43a28672b', 'Emanuel', 'Hettinger');
INSERT INTO CUSTOMER_IDENTIFIERS (customer_id, identifier_id, identifier_value) values ('4fa0cdf7-4fb2-4818-bf30-7fa43a28672b', 101, '19401829162');
INSERT INTO CUSTOMER_ADDRESSES (address_id, customer_id, address_type, street_address, zip_code, city, country) values ('f89a20b7-5466-4a47-a5fd-067ca3523ca2', '4fa0cdf7-4fb2-4818-bf30-7fa43a28672b', 'R', '6727 Johnny Ways', '72089-1592', 'New Silvanamouth', 'Marshall Islands');
INSERT INTO CUSTOMERS (id, first_name, last_name) values ('5176aa6f-1769-42e0-acf8-4d98a45d055d', 'Hai', 'Jones');
INSERT INTO CUSTOMER_IDENTIFIERS (customer_id, identifier_id, identifier_value) values ('5176aa6f-1769-42e0-acf8-4d98a45d055d', 102, '408970625');
INSERT INTO CUSTOMER_IDENTIFIERS (customer_id, identifier_id, identifier_value) values ('5176aa6f-1769-42e0-acf8-4d98a45d055d', 103, '119-002-40-45');
INSERT INTO CUSTOMER_ADDRESSES (address_id, customer_id, address_type, street_address, zip_code, city, country) values ('4df42852-2ee3-45d4-82ad-e316786d725a', '5176aa6f-1769-42e0-acf8-4d98a45d055d', 'R', '341 Carol Rapids', '72905-0569', 'Faustinaport', 'Cayman Islands');
INSERT INTO CUSTOMERS (id, first_name, last_name) values ('8632295e-c73e-448f-8d5c-cda3da01f7d1', 'Collin', 'Tromp');
INSERT INTO CUSTOMER_IDENTIFIERS (customer_id, identifier_id, identifier_value) values ('8632295e-c73e-448f-8d5c-cda3da01f7d1', 101, '09628374085');
INSERT INTO CUSTOMER_ADDRESSES (address_id, customer_id, address_type, street_address, zip_code, city, country) values ('6f2bfc03-71cb-45b8-a798-717e0bc73c5a', '8632295e-c73e-448f-8d5c-cda3da01f7d1', 'R', '5956 Agnus Fort', '85491-5906', 'North Bonny', 'Lebanon');
INSERT INTO CUSTOMERS (id, first_name, last_name) values ('7e6676c2-e489-4c4b-aac7-b6b5f4940f01', 'Shelton', 'Gutkowski');
INSERT INTO CUSTOMER_IDENTIFIERS (customer_id, identifier_id, identifier_value) values ('7e6676c2-e489-4c4b-aac7-b6b5f4940f01', 101, '84788147040');
INSERT INTO CUSTOMER_ADDRESSES (address_id, customer_id, address_type, street_address, zip_code, city, country) values ('f6267cd4-80bf-4a85-964d-27dce61342dc', '7e6676c2-e489-4c4b-aac7-b6b5f4940f01', 'R', '306 Maynard Lock', '03461', 'Runtemouth', 'Turkey');
INSERT INTO CUSTOMER_ADDRESSES (address_id, customer_id, address_type, street_address, zip_code, city, country) values ('365a8278-617e-4d41-ba01-fa198743548f', '7e6676c2-e489-4c4b-aac7-b6b5f4940f01', 'M', '9766 Ailene Summit', '44755', 'Amihaven', 'Uzbekistan');
INSERT INTO CUSTOMERS (id, first_name, last_name) values ('1df8653a-5675-4c02-883d-557cd3ffe78a', 'Orpha', 'Kihn');
INSERT INTO CUSTOMER_IDENTIFIERS (customer_id, identifier_id, identifier_value) values ('1df8653a-5675-4c02-883d-557cd3ffe78a', 102, '023620745');
INSERT INTO CUSTOMER_IDENTIFIERS (customer_id, identifier_id, identifier_value) values ('1df8653a-5675-4c02-883d-557cd3ffe78a', 103, '936-205-86-98');
INSERT INTO CUSTOMER_ADDRESSES (address_id, customer_id, address_type, street_address, zip_code, city, country) values ('67cf367b-3b13-4232-b1ed-df55f2e05e25', '1df8653a-5675-4c02-883d-557cd3ffe78a', 'R', '01268 Graham Lock', '17181', 'Gleasonhaven', 'Macedonia');
INSERT INTO CUSTOMER_ADDRESSES (address_id, customer_id, address_type, street_address, zip_code, city, country) values ('facb6714-6abc-481d-9397-16a1b0278407', '1df8653a-5675-4c02-883d-557cd3ffe78a', 'M', '6915 Palma Forges', '26715', 'New Margarete', 'Uzbekistan');
INSERT INTO CUSTOMERS (id, first_name, last_name) values ('ec047a0d-988d-4fa2-997d-3f16e279f2e2', 'Zachery', 'Sipes');
INSERT INTO CUSTOMER_IDENTIFIERS (customer_id, identifier_id, identifier_value) values ('ec047a0d-988d-4fa2-997d-3f16e279f2e2', 101, '69140349301');
INSERT INTO CUSTOMER_IDENTIFIERS (customer_id, identifier_id, identifier_value) values ('ec047a0d-988d-4fa2-997d-3f16e279f2e2', 103, '655-354-24-49');
INSERT INTO CUSTOMER_ADDRESSES (address_id, customer_id, address_type, street_address, zip_code, city, country) values ('11f99025-3c65-4ece-80c3-fecb22bf2eca', 'ec047a0d-988d-4fa2-997d-3f16e279f2e2', 'R', '45509 Pouros Lakes', '17881-4567', 'North Jeffery', 'Oman');
INSERT INTO CUSTOMER_ADDRESSES (address_id, customer_id, address_type, street_address, zip_code, city, country) values ('b7c8bd57-5d94-4fad-b533-14e8e5f62aac', 'ec047a0d-988d-4fa2-997d-3f16e279f2e2', 'M', '3336 Marty Fields', '53842', 'Russstad', 'Faroe Islands');
INSERT INTO CUSTOMERS (id, first_name, last_name) values ('1a416c3b-7e92-49aa-9cf7-096cff33032e', 'Sophia', 'Wisozk');
INSERT INTO CUSTOMER_IDENTIFIERS (customer_id, identifier_id, identifier_value) values ('1a416c3b-7e92-49aa-9cf7-096cff33032e', 102, '109409227');
INSERT INTO CUSTOMER_IDENTIFIERS (customer_id, identifier_id, identifier_value) values ('1a416c3b-7e92-49aa-9cf7-096cff33032e', 103, '314-289-21-14');
INSERT INTO CUSTOMER_ADDRESSES (address_id, customer_id, address_type, street_address, zip_code, city, country) values ('a3475045-f1e2-4185-93dc-75f78ba0b78a', '1a416c3b-7e92-49aa-9cf7-096cff33032e', 'R', '476 Towne Heights', '60383', 'Walterfurt', 'Trinidad and Tobago');
INSERT INTO CUSTOMERS (id, first_name, last_name) values ('9442c186-9e2b-44b7-b9d1-e5fa30c615f0', 'Aron', 'Nikolaus');
INSERT INTO CUSTOMER_IDENTIFIERS (customer_id, identifier_id, identifier_value) values ('9442c186-9e2b-44b7-b9d1-e5fa30c615f0', 102, '279926557');
INSERT INTO CUSTOMER_ADDRESSES (address_id, customer_id, address_type, street_address, zip_code, city, country) values ('cfc7fe94-5ec8-4af0-8e99-f669d4c55ff5', '9442c186-9e2b-44b7-b9d1-e5fa30c615f0', 'R', '44819 Edris Brook', '49687', 'New Maisha', 'San Marino');
INSERT INTO CUSTOMERS (id, first_name, last_name) values ('a87bee93-f09b-49a7-8bcd-46d0abb837ba', 'Lawrence', 'Kassulke');
INSERT INTO CUSTOMER_IDENTIFIERS (customer_id, identifier_id, identifier_value) values ('a87bee93-f09b-49a7-8bcd-46d0abb837ba', 103, '931-247-28-10');
INSERT INTO CUSTOMER_ADDRESSES (address_id, customer_id, address_type, street_address, zip_code, city, country) values ('253854bb-0f4a-48cc-933d-271a709db38a', 'a87bee93-f09b-49a7-8bcd-46d0abb837ba', 'R', '643 Huel Canyon', '17565-4211', 'East Yoshieview', 'Cameroon');
INSERT INTO CUSTOMER_ADDRESSES (address_id, customer_id, address_type, street_address, zip_code, city, country) values ('633a96c2-a474-40ea-a5e4-91b546fa1f0a', 'a87bee93-f09b-49a7-8bcd-46d0abb837ba', 'M', '43653 Meagan Land', '55093-7420', 'East Yi', 'Cayman Islands');
INSERT INTO CUSTOMERS (id, first_name, last_name) values ('ad5bb9c3-d974-4c39-8abc-d0022d86e06b', 'Lavern', 'Barton');
INSERT INTO CUSTOMER_IDENTIFIERS (customer_id, identifier_id, identifier_value) values ('ad5bb9c3-d974-4c39-8abc-d0022d86e06b', 101, '20035014662');
INSERT INTO CUSTOMER_IDENTIFIERS (customer_id, identifier_id, identifier_value) values ('ad5bb9c3-d974-4c39-8abc-d0022d86e06b', 103, '499-994-06-74');
INSERT INTO CUSTOMER_ADDRESSES (address_id, customer_id, address_type, street_address, zip_code, city, country) values ('cc31e217-e1e1-4e4c-a77b-ab1760486f75', 'ad5bb9c3-d974-4c39-8abc-d0022d86e06b', 'R', '21790 Herzog Motorway', '54955-3897', 'Lake Dinorahland', 'Malaysia');
INSERT INTO CUSTOMER_ADDRESSES (address_id, customer_id, address_type, street_address, zip_code, city, country) values ('e6c59e02-786d-488b-81f4-3763c08ed3e1', 'ad5bb9c3-d974-4c39-8abc-d0022d86e06b', 'M', '71750 Kautzer Tunnel', '79816', 'Keelingmouth', 'Cote d''Ivoire');
INSERT INTO CUSTOMERS (id, first_name, last_name) values ('7040203b-aa9a-44cc-8638-6e873939b83f', 'Dann', 'Wehner');
INSERT INTO CUSTOMER_IDENTIFIERS (customer_id, identifier_id, identifier_value) values ('7040203b-aa9a-44cc-8638-6e873939b83f', 103, '076-899-20-44');
INSERT INTO CUSTOMER_ADDRESSES (address_id, customer_id, address_type, street_address, zip_code, city, country) values ('b608bc1f-bd7b-4514-b938-ded865961d94', '7040203b-aa9a-44cc-8638-6e873939b83f', 'R', '74208 Barrett Valley', '08254-8569', 'Kuhlmanborough', 'Antigua and Barbuda');
INSERT INTO CUSTOMERS (id, first_name, last_name) values ('f820bc2e-0698-4043-ba1e-58e2d1b52514', 'Marty', 'Wolf');
INSERT INTO CUSTOMER_IDENTIFIERS (customer_id, identifier_id, identifier_value) values ('f820bc2e-0698-4043-ba1e-58e2d1b52514', 103, '907-340-76-32');
INSERT INTO CUSTOMER_ADDRESSES (address_id, customer_id, address_type, street_address, zip_code, city, country) values ('7e28011c-6e37-47f3-8dfb-7207455e413e', 'f820bc2e-0698-4043-ba1e-58e2d1b52514', 'R', '88224 Shawn Row', '53203-5694', 'East Ellisview', 'Holy See (Vatican City State)');
INSERT INTO CUSTOMERS (id, first_name, last_name) values ('c24a1592-c661-4206-9511-ee459390f555', 'Lourie', 'Sanford');
INSERT INTO CUSTOMER_IDENTIFIERS (customer_id, identifier_id, identifier_value) values ('c24a1592-c661-4206-9511-ee459390f555', 101, '58566777097');
INSERT INTO CUSTOMER_IDENTIFIERS (customer_id, identifier_id, identifier_value) values ('c24a1592-c661-4206-9511-ee459390f555', 103, '529-728-37-13');
INSERT INTO CUSTOMER_ADDRESSES (address_id, customer_id, address_type, street_address, zip_code, city, country) values ('2a762f03-8aca-4e82-b71a-4a2d3dbb3418', 'c24a1592-c661-4206-9511-ee459390f555', 'R', '4051 VonRueden Track', '88220-0655', 'West Maymefurt', 'Finland');
INSERT INTO CUSTOMER_ADDRESSES (address_id, customer_id, address_type, street_address, zip_code, city, country) values ('cba7a31b-c393-4639-8943-9c837c8b157c', 'c24a1592-c661-4206-9511-ee459390f555', 'M', '139 Laverne Knoll', '17131', 'South Wava', 'Romania');
INSERT INTO CUSTOMERS (id, first_name, last_name) values ('5025a837-caf9-4f99-ba5f-11ecf5c84b2d', 'Lorina', 'Okuneva');
INSERT INTO CUSTOMER_IDENTIFIERS (customer_id, identifier_id, identifier_value) values ('5025a837-caf9-4f99-ba5f-11ecf5c84b2d', 103, '661-368-92-21');
INSERT INTO CUSTOMER_ADDRESSES (address_id, customer_id, address_type, street_address, zip_code, city, country) values ('145cd884-b202-473a-b6d2-2cb3ead22c9a', '5025a837-caf9-4f99-ba5f-11ecf5c84b2d', 'R', '83930 Dooley Mountain', '61907-5470', 'Doylebury', 'Angola');
INSERT INTO CUSTOMERS (id, first_name, last_name) values ('cce57ab9-8e1e-4ac7-8cda-3d18d0e71305', 'Moses', 'Harris');
INSERT INTO CUSTOMER_IDENTIFIERS (customer_id, identifier_id, identifier_value) values ('cce57ab9-8e1e-4ac7-8cda-3d18d0e71305', 101, '79686269312');
INSERT INTO CUSTOMER_ADDRESSES (address_id, customer_id, address_type, street_address, zip_code, city, country) values ('a23d1615-1407-4f1c-be8d-ff3735701c39', 'cce57ab9-8e1e-4ac7-8cda-3d18d0e71305', 'R', '38631 McDermott Hills', '01211-7665', 'Kundeside', 'Malawi');
INSERT INTO CUSTOMERS (id, first_name, last_name) values ('c4be0b83-f3d5-43d6-934b-3164b2bdc9c0', 'Laraine', 'Quigley');
INSERT INTO CUSTOMER_IDENTIFIERS (customer_id, identifier_id, identifier_value) values ('c4be0b83-f3d5-43d6-934b-3164b2bdc9c0', 101, '97720031945');
INSERT INTO CUSTOMER_IDENTIFIERS (customer_id, identifier_id, identifier_value) values ('c4be0b83-f3d5-43d6-934b-3164b2bdc9c0', 102, '600816367');
INSERT INTO CUSTOMER_IDENTIFIERS (customer_id, identifier_id, identifier_value) values ('c4be0b83-f3d5-43d6-934b-3164b2bdc9c0', 103, '191-988-79-48');
INSERT INTO CUSTOMER_ADDRESSES (address_id, customer_id, address_type, street_address, zip_code, city, country) values ('9731d2b1-5ac6-4f2f-92c7-2015a9e291f1', 'c4be0b83-f3d5-43d6-934b-3164b2bdc9c0', 'R', '988 Carroll Estate', '10890', 'North Dalene', 'Honduras');
INSERT INTO CUSTOMERS (id, first_name, last_name) values ('fdaca52d-63ad-4106-9efc-0794091f9ea5', 'Laure', 'Pfannerstill');
INSERT INTO CUSTOMER_IDENTIFIERS (customer_id, identifier_id, identifier_value) values ('fdaca52d-63ad-4106-9efc-0794091f9ea5', 102, '138908213');
INSERT INTO CUSTOMER_ADDRESSES (address_id, customer_id, address_type, street_address, zip_code, city, country) values ('56f68392-68e1-4ac6-9ed1-87cf8d457b26', 'fdaca52d-63ad-4106-9efc-0794091f9ea5', 'R', '65863 Yevette Estates', '72739-2090', 'Judsonhaven', 'Oman');
INSERT INTO CUSTOMERS (id, first_name, last_name) values ('4f687a96-881c-4d64-ab90-4593ad7eb27d', 'Sang', 'Grant');
INSERT INTO CUSTOMER_IDENTIFIERS (customer_id, identifier_id, identifier_value) values ('4f687a96-881c-4d64-ab90-4593ad7eb27d', 102, '790346127');
INSERT INTO CUSTOMER_ADDRESSES (address_id, customer_id, address_type, street_address, zip_code, city, country) values ('36cd8f8d-39c2-4be5-8569-6188596a48bb', '4f687a96-881c-4d64-ab90-4593ad7eb27d', 'R', '8737 Smitham Isle', '55289', 'South Danaside', 'Cuba');
INSERT INTO CUSTOMERS (id, first_name, last_name) values ('69bf141f-cd47-44bf-942a-aeeb3d087ffe', 'May', 'Schroeder');
INSERT INTO CUSTOMER_IDENTIFIERS (customer_id, identifier_id, identifier_value) values ('69bf141f-cd47-44bf-942a-aeeb3d087ffe', 103, '737-752-90-15');
INSERT INTO CUSTOMER_ADDRESSES (address_id, customer_id, address_type, street_address, zip_code, city, country) values ('546a642c-6fb3-4535-bf0c-35efc0cf2acb', '69bf141f-cd47-44bf-942a-aeeb3d087ffe', 'R', '9493 Schiller Radial', '66550', 'Robertoport', 'Montenegro');
INSERT INTO CUSTOMERS (id, first_name, last_name) values ('b2469ada-7603-4487-956b-5cc076e624a8', 'Sanjuana', 'Hickle');
INSERT INTO CUSTOMER_IDENTIFIERS (customer_id, identifier_id, identifier_value) values ('b2469ada-7603-4487-956b-5cc076e624a8', 102, '643914381');
INSERT INTO CUSTOMER_ADDRESSES (address_id, customer_id, address_type, street_address, zip_code, city, country) values ('97cbbe93-cbba-4c6c-b666-2012f49d8056', 'b2469ada-7603-4487-956b-5cc076e624a8', 'R', '356 Richie Drive', '76721-0528', 'Lake Richard', 'Israel');
INSERT INTO CUSTOMER_ADDRESSES (address_id, customer_id, address_type, street_address, zip_code, city, country) values ('406c1a16-5783-40ae-959d-981d8ad94386', 'b2469ada-7603-4487-956b-5cc076e624a8', 'M', '302 Wonda Forges', '18080', 'Robelfort', 'Bahrain');
INSERT INTO CUSTOMERS (id, first_name, last_name) values ('adb76120-76b5-494d-9155-e1fb818f16aa', 'Galen', 'Runolfsson');
INSERT INTO CUSTOMER_IDENTIFIERS (customer_id, identifier_id, identifier_value) values ('adb76120-76b5-494d-9155-e1fb818f16aa', 101, '95464279733');
INSERT INTO CUSTOMER_IDENTIFIERS (customer_id, identifier_id, identifier_value) values ('adb76120-76b5-494d-9155-e1fb818f16aa', 103, '413-745-12-40');
INSERT INTO CUSTOMER_ADDRESSES (address_id, customer_id, address_type, street_address, zip_code, city, country) values ('f1c70195-8646-4582-8bec-2d9e03ff6c4f', 'adb76120-76b5-494d-9155-e1fb818f16aa', 'R', '007 Hessel View', '77548-8631', 'Keeblerbury', 'Serbia');
INSERT INTO CUSTOMERS (id, first_name, last_name) values ('fc7506ef-e5dd-44e7-86af-b9ecaadcc7f8', 'Daron', 'Smitham');
INSERT INTO CUSTOMER_IDENTIFIERS (customer_id, identifier_id, identifier_value) values ('fc7506ef-e5dd-44e7-86af-b9ecaadcc7f8', 101, '48357250877');
INSERT INTO CUSTOMER_IDENTIFIERS (customer_id, identifier_id, identifier_value) values ('fc7506ef-e5dd-44e7-86af-b9ecaadcc7f8', 102, '276331470');
INSERT INTO CUSTOMER_IDENTIFIERS (customer_id, identifier_id, identifier_value) values ('fc7506ef-e5dd-44e7-86af-b9ecaadcc7f8', 103, '057-659-69-58');
INSERT INTO CUSTOMER_ADDRESSES (address_id, customer_id, address_type, street_address, zip_code, city, country) values ('71458d8f-2f35-433d-a684-86ea44f27c2c', 'fc7506ef-e5dd-44e7-86af-b9ecaadcc7f8', 'R', '8042 Roseline Meadow', '46610-5492', 'Lake Lindsey', 'Niger');
INSERT INTO CUSTOMERS (id, first_name, last_name) values ('6e4c5692-1134-4de4-b7f0-4232d23d0519', 'Lionel', 'Treutel');
INSERT INTO CUSTOMER_IDENTIFIERS (customer_id, identifier_id, identifier_value) values ('6e4c5692-1134-4de4-b7f0-4232d23d0519', 101, '41494602854');
INSERT INTO CUSTOMER_IDENTIFIERS (customer_id, identifier_id, identifier_value) values ('6e4c5692-1134-4de4-b7f0-4232d23d0519', 102, '252643262');
INSERT INTO CUSTOMER_IDENTIFIERS (customer_id, identifier_id, identifier_value) values ('6e4c5692-1134-4de4-b7f0-4232d23d0519', 103, '681-911-60-82');
INSERT INTO CUSTOMER_ADDRESSES (address_id, customer_id, address_type, street_address, zip_code, city, country) values ('db5cbfc7-0569-46c5-afcf-4e7dfbd41424', '6e4c5692-1134-4de4-b7f0-4232d23d0519', 'R', '766 Lockman Village', '29447', 'Ouidashire', 'Greece');
INSERT INTO CUSTOMERS (id, first_name, last_name) values ('17b492e5-e522-4de1-ab08-04c1928e7c53', 'Dotty', 'Mertz');
INSERT INTO CUSTOMER_IDENTIFIERS (customer_id, identifier_id, identifier_value) values ('17b492e5-e522-4de1-ab08-04c1928e7c53', 101, '61050062687');
INSERT INTO CUSTOMER_IDENTIFIERS (customer_id, identifier_id, identifier_value) values ('17b492e5-e522-4de1-ab08-04c1928e7c53', 103, '310-916-28-49');
INSERT INTO CUSTOMER_ADDRESSES (address_id, customer_id, address_type, street_address, zip_code, city, country) values ('5ad9779a-acc1-4c12-b96c-90ff19b6b39b', '17b492e5-e522-4de1-ab08-04c1928e7c53', 'R', '838 Lekisha Curve', '18197-4045', 'Lake Leonard', 'Italy');
INSERT INTO CUSTOMERS (id, first_name, last_name) values ('fbfff8dd-63c4-4ebb-98b5-2199eef8128e', 'Margarett', 'Veum');
INSERT INTO CUSTOMER_IDENTIFIERS (customer_id, identifier_id, identifier_value) values ('fbfff8dd-63c4-4ebb-98b5-2199eef8128e', 101, '65741767348');
INSERT INTO CUSTOMER_IDENTIFIERS (customer_id, identifier_id, identifier_value) values ('fbfff8dd-63c4-4ebb-98b5-2199eef8128e', 103, '290-835-62-64');
INSERT INTO CUSTOMER_ADDRESSES (address_id, customer_id, address_type, street_address, zip_code, city, country) values ('a41cece0-c0c1-4d09-8832-f89b776f3cb6', 'fbfff8dd-63c4-4ebb-98b5-2199eef8128e', 'R', '942 Tish Glen', '55253-4416', 'Klockofurt', 'Macao');
INSERT INTO CUSTOMERS (id, first_name, last_name) values ('7883d136-e200-47e8-bd6d-e010e26481e5', 'Franklin', 'Deckow');
INSERT INTO CUSTOMER_IDENTIFIERS (customer_id, identifier_id, identifier_value) values ('7883d136-e200-47e8-bd6d-e010e26481e5', 101, '72918059629');
INSERT INTO CUSTOMER_IDENTIFIERS (customer_id, identifier_id, identifier_value) values ('7883d136-e200-47e8-bd6d-e010e26481e5', 102, '164510631');
INSERT INTO CUSTOMER_IDENTIFIERS (customer_id, identifier_id, identifier_value) values ('7883d136-e200-47e8-bd6d-e010e26481e5', 103, '370-078-57-34');
INSERT INTO CUSTOMER_ADDRESSES (address_id, customer_id, address_type, street_address, zip_code, city, country) values ('d372b8cf-fd00-4f1d-8e67-30fcd6f0b745', '7883d136-e200-47e8-bd6d-e010e26481e5', 'R', '573 Crist Gateway', '26314', 'West Jenemouth', 'Congo');
INSERT INTO CUSTOMER_ADDRESSES (address_id, customer_id, address_type, street_address, zip_code, city, country) values ('8b4024e9-c05d-4794-85b7-466b2f05507b', '7883d136-e200-47e8-bd6d-e010e26481e5', 'M', '5383 Kulas Streets', '48592', 'Lemkeborough', 'Ghana');
INSERT INTO CUSTOMERS (id, first_name, last_name) values ('d17b8fb4-b717-4ae3-8fdc-80c306f145fb', 'Mabel', 'Aufderhar');
INSERT INTO CUSTOMER_IDENTIFIERS (customer_id, identifier_id, identifier_value) values ('d17b8fb4-b717-4ae3-8fdc-80c306f145fb', 102, '139429633');
INSERT INTO CUSTOMER_ADDRESSES (address_id, customer_id, address_type, street_address, zip_code, city, country) values ('a1328fa0-b579-4719-a856-e1fd71f99a82', 'd17b8fb4-b717-4ae3-8fdc-80c306f145fb', 'R', '928 Annalee Common', '98537-4357', 'South Bruce', 'Guatemala');
INSERT INTO CUSTOMER_ADDRESSES (address_id, customer_id, address_type, street_address, zip_code, city, country) values ('0b2b5997-87eb-4797-8387-309806919e36', 'd17b8fb4-b717-4ae3-8fdc-80c306f145fb', 'M', '053 Laverne Pike', '66403', 'East Daryl', 'Spain');
INSERT INTO CUSTOMERS (id, first_name, last_name) values ('3766e557-ea1c-40c4-b425-a15694c969fd', 'Norma', 'Bednar');
INSERT INTO CUSTOMER_IDENTIFIERS (customer_id, identifier_id, identifier_value) values ('3766e557-ea1c-40c4-b425-a15694c969fd', 102, '653901406');
INSERT INTO CUSTOMER_IDENTIFIERS (customer_id, identifier_id, identifier_value) values ('3766e557-ea1c-40c4-b425-a15694c969fd', 103, '009-857-13-00');
INSERT INTO CUSTOMER_ADDRESSES (address_id, customer_id, address_type, street_address, zip_code, city, country) values ('d5357664-129a-4e91-8167-2dd0b394ee3f', '3766e557-ea1c-40c4-b425-a15694c969fd', 'R', '36373 Lacresha Crescent', '47762', 'South Tyrellport', 'Indonesia');
INSERT INTO CUSTOMERS (id, first_name, last_name) values ('c0a6e8b2-3a3d-416f-8386-9c90d1f61775', 'Elenor', 'Pfeffer');
INSERT INTO CUSTOMER_IDENTIFIERS (customer_id, identifier_id, identifier_value) values ('c0a6e8b2-3a3d-416f-8386-9c90d1f61775', 103, '463-491-45-52');
INSERT INTO CUSTOMER_ADDRESSES (address_id, customer_id, address_type, street_address, zip_code, city, country) values ('4b014a9c-a1d7-40ff-86de-dedfefb8fbd1', 'c0a6e8b2-3a3d-416f-8386-9c90d1f61775', 'R', '67777 Gilberto Cliffs', '32520', 'East Alysa', 'Liechtenstein');
INSERT INTO CUSTOMER_ADDRESSES (address_id, customer_id, address_type, street_address, zip_code, city, country) values ('ee2e3b1e-70ff-45f0-b1b9-548760aff58f', 'c0a6e8b2-3a3d-416f-8386-9c90d1f61775', 'M', '4624 Robbin Isle', '85734-7814', 'Port Lowell', 'Samoa');
INSERT INTO CUSTOMERS (id, first_name, last_name) values ('8f1f28cf-3969-4e71-af80-e89d237ca1d3', 'Son', 'Toy');
INSERT INTO CUSTOMER_IDENTIFIERS (customer_id, identifier_id, identifier_value) values ('8f1f28cf-3969-4e71-af80-e89d237ca1d3', 102, '735668250');
INSERT INTO CUSTOMER_IDENTIFIERS (customer_id, identifier_id, identifier_value) values ('8f1f28cf-3969-4e71-af80-e89d237ca1d3', 103, '232-445-18-83');
INSERT INTO CUSTOMER_ADDRESSES (address_id, customer_id, address_type, street_address, zip_code, city, country) values ('ee76af32-6e70-4a66-bcce-390096f9a0a3', '8f1f28cf-3969-4e71-af80-e89d237ca1d3', 'R', '39293 Omar Shores', '35414', 'Elveramouth', 'Greece');
INSERT INTO CUSTOMERS (id, first_name, last_name) values ('0ff2ff4b-71ee-450a-b07a-5aa703deaa92', 'Bernardo', 'Pfeffer');
INSERT INTO CUSTOMER_IDENTIFIERS (customer_id, identifier_id, identifier_value) values ('0ff2ff4b-71ee-450a-b07a-5aa703deaa92', 103, '625-538-48-74');
INSERT INTO CUSTOMER_ADDRESSES (address_id, customer_id, address_type, street_address, zip_code, city, country) values ('cf327d36-6b59-43ec-9550-f9afa3342858', '0ff2ff4b-71ee-450a-b07a-5aa703deaa92', 'R', '7608 Willms Burg', '88251-8702', 'Wizaport', 'Kyrgyz Republic');
INSERT INTO CUSTOMERS (id, first_name, last_name) values ('b6f94713-bb5d-4902-8c4a-9f57eca5ce53', 'Dusty', 'Gusikowski');
INSERT INTO CUSTOMER_IDENTIFIERS (customer_id, identifier_id, identifier_value) values ('b6f94713-bb5d-4902-8c4a-9f57eca5ce53', 101, '65471263081');
INSERT INTO CUSTOMER_IDENTIFIERS (customer_id, identifier_id, identifier_value) values ('b6f94713-bb5d-4902-8c4a-9f57eca5ce53', 102, '539745936');
INSERT INTO CUSTOMER_IDENTIFIERS (customer_id, identifier_id, identifier_value) values ('b6f94713-bb5d-4902-8c4a-9f57eca5ce53', 103, '576-810-96-22');
INSERT INTO CUSTOMER_ADDRESSES (address_id, customer_id, address_type, street_address, zip_code, city, country) values ('81aa05c0-936c-4122-b329-2faafed9eee8', 'b6f94713-bb5d-4902-8c4a-9f57eca5ce53', 'R', '195 Sang Heights', '39933-2718', 'East Aubreymouth', 'Venezuela');
INSERT INTO CUSTOMERS (id, first_name, last_name) values ('c1121569-f73a-4974-be4a-40e57bf50fac', 'Tilda', 'Rowe');
INSERT INTO CUSTOMER_IDENTIFIERS (customer_id, identifier_id, identifier_value) values ('c1121569-f73a-4974-be4a-40e57bf50fac', 101, '10553512336');
INSERT INTO CUSTOMER_IDENTIFIERS (customer_id, identifier_id, identifier_value) values ('c1121569-f73a-4974-be4a-40e57bf50fac', 103, '388-320-51-56');
INSERT INTO CUSTOMER_ADDRESSES (address_id, customer_id, address_type, street_address, zip_code, city, country) values ('8672b7d7-28c2-466c-b406-10c131ba910f', 'c1121569-f73a-4974-be4a-40e57bf50fac', 'R', '40152 Fran Brook', '06775', 'North Burtonstad', 'Bosnia and Herzegovina');
INSERT INTO CUSTOMER_ADDRESSES (address_id, customer_id, address_type, street_address, zip_code, city, country) values ('43a2de4f-02d6-4c24-a599-327858c2734a', 'c1121569-f73a-4974-be4a-40e57bf50fac', 'M', '03300 Jerde Ridge', '04181-5534', 'Millerton', 'Greece');
INSERT INTO CUSTOMERS (id, first_name, last_name) values ('c9eb9975-92a5-40ac-92dd-588b4288663c', 'Teresita', 'McCullough');
INSERT INTO CUSTOMER_IDENTIFIERS (customer_id, identifier_id, identifier_value) values ('c9eb9975-92a5-40ac-92dd-588b4288663c', 101, '91852288516');
INSERT INTO CUSTOMER_IDENTIFIERS (customer_id, identifier_id, identifier_value) values ('c9eb9975-92a5-40ac-92dd-588b4288663c', 102, '118704992');
INSERT INTO CUSTOMER_ADDRESSES (address_id, customer_id, address_type, street_address, zip_code, city, country) values ('60c808a1-9307-4f6d-8df0-c433095dac3c', 'c9eb9975-92a5-40ac-92dd-588b4288663c', 'R', '85427 Satterfield Island', '98882', 'North Tanikahaven', 'Turkmenistan');
INSERT INTO CUSTOMERS (id, first_name, last_name) values ('70440631-f07e-432b-9083-91c56512110d', 'Moshe', 'Satterfield');
INSERT INTO CUSTOMER_IDENTIFIERS (customer_id, identifier_id, identifier_value) values ('70440631-f07e-432b-9083-91c56512110d', 101, '10380900174');
INSERT INTO CUSTOMER_IDENTIFIERS (customer_id, identifier_id, identifier_value) values ('70440631-f07e-432b-9083-91c56512110d', 102, '405848577');
INSERT INTO CUSTOMER_ADDRESSES (address_id, customer_id, address_type, street_address, zip_code, city, country) values ('55eca175-a21d-4178-9804-a8a7a9eb70f2', '70440631-f07e-432b-9083-91c56512110d', 'R', '759 Toy Spring', '64879', 'Omegaland', 'Guernsey');
INSERT INTO CUSTOMERS (id, first_name, last_name) values ('24a700f3-acab-453f-a800-8acfb30da41c', 'Walker', 'Koepp');
INSERT INTO CUSTOMER_IDENTIFIERS (customer_id, identifier_id, identifier_value) values ('24a700f3-acab-453f-a800-8acfb30da41c', 102, '791005565');
INSERT INTO CUSTOMER_ADDRESSES (address_id, customer_id, address_type, street_address, zip_code, city, country) values ('7ff5a5b3-8d83-4bdc-a814-d6aa944bc184', '24a700f3-acab-453f-a800-8acfb30da41c', 'R', '5366 Mathew Brook', '76317-9711', 'Lefflerstad', 'Macao');
INSERT INTO CUSTOMER_ADDRESSES (address_id, customer_id, address_type, street_address, zip_code, city, country) values ('cfada410-264f-4902-8127-0ad08e7c5465', '24a700f3-acab-453f-a800-8acfb30da41c', 'M', '83793 Osinski Terrace', '49351', 'Beckermouth', 'Dominica');
INSERT INTO CUSTOMERS (id, first_name, last_name) values ('b7f370ff-7db8-48b4-8e8f-8b906846bd5d', 'Ernesto', 'Hermann');
INSERT INTO CUSTOMER_IDENTIFIERS (customer_id, identifier_id, identifier_value) values ('b7f370ff-7db8-48b4-8e8f-8b906846bd5d', 101, '99102288132');
INSERT INTO CUSTOMER_ADDRESSES (address_id, customer_id, address_type, street_address, zip_code, city, country) values ('caa6fd4c-1e70-4120-bd1c-8dfcb2d639cf', 'b7f370ff-7db8-48b4-8e8f-8b906846bd5d', 'R', '40801 Rippin Ford', '89961', 'South Willianfurt', 'Mongolia');
INSERT INTO CUSTOMERS (id, first_name, last_name) values ('da2856e8-0160-42b0-a77a-4f938d4b1108', 'Marylynn', 'Walker');
INSERT INTO CUSTOMER_IDENTIFIERS (customer_id, identifier_id, identifier_value) values ('da2856e8-0160-42b0-a77a-4f938d4b1108', 101, '12347496663');
INSERT INTO CUSTOMER_IDENTIFIERS (customer_id, identifier_id, identifier_value) values ('da2856e8-0160-42b0-a77a-4f938d4b1108', 102, '610101272');
INSERT INTO CUSTOMER_IDENTIFIERS (customer_id, identifier_id, identifier_value) values ('da2856e8-0160-42b0-a77a-4f938d4b1108', 103, '697-299-06-00');
INSERT INTO CUSTOMER_ADDRESSES (address_id, customer_id, address_type, street_address, zip_code, city, country) values ('7eb8103b-b93d-44b6-9237-b289d966cd6a', 'da2856e8-0160-42b0-a77a-4f938d4b1108', 'R', '325 Ortiz Ports', '26968', 'Port Marco', 'Christmas Island');
INSERT INTO CUSTOMERS (id, first_name, last_name) values ('96c29d9b-1bf2-4a91-9f8c-a7a5dbc9ea6a', 'Eliseo', 'Sawayn');
INSERT INTO CUSTOMER_IDENTIFIERS (customer_id, identifier_id, identifier_value) values ('96c29d9b-1bf2-4a91-9f8c-a7a5dbc9ea6a', 102, '653113790');
INSERT INTO CUSTOMER_ADDRESSES (address_id, customer_id, address_type, street_address, zip_code, city, country) values ('370b2d81-ff0f-4c57-875b-adc34c9749ac', '96c29d9b-1bf2-4a91-9f8c-a7a5dbc9ea6a', 'R', '935 Alesia Harbor', '86976', 'Port Sigrid', 'Eritrea');
INSERT INTO CUSTOMERS (id, first_name, last_name) values ('228a821a-1b90-4d14-b04e-09116ac05e65', 'Domenic', 'Beahan');
INSERT INTO CUSTOMER_IDENTIFIERS (customer_id, identifier_id, identifier_value) values ('228a821a-1b90-4d14-b04e-09116ac05e65', 101, '68507997704');
INSERT INTO CUSTOMER_ADDRESSES (address_id, customer_id, address_type, street_address, zip_code, city, country) values ('0e4feb8e-993d-46ce-a160-6f4009725f63', '228a821a-1b90-4d14-b04e-09116ac05e65', 'R', '69336 Kulas View', '42741-3361', 'North Dannie', 'Hungary');
INSERT INTO CUSTOMER_ADDRESSES (address_id, customer_id, address_type, street_address, zip_code, city, country) values ('1655436a-8c50-44b3-b7d6-6803224f5b48', '228a821a-1b90-4d14-b04e-09116ac05e65', 'M', '8421 Murazik Vista', '97845', 'Port Luigi', 'Dominican Republic');
INSERT INTO CUSTOMERS (id, first_name, last_name) values ('7a97f678-aef8-4f05-8503-c4c21e89ebfa', 'Kaitlin', 'Mueller');
INSERT INTO CUSTOMER_IDENTIFIERS (customer_id, identifier_id, identifier_value) values ('7a97f678-aef8-4f05-8503-c4c21e89ebfa', 102, '606068502');
INSERT INTO CUSTOMER_ADDRESSES (address_id, customer_id, address_type, street_address, zip_code, city, country) values ('3076ebe5-6ad9-440b-902e-5ab20ae2c703', '7a97f678-aef8-4f05-8503-c4c21e89ebfa', 'R', '89325 Renea Rapids', '63559', 'Koeppstad', 'Rwanda');
INSERT INTO CUSTOMERS (id, first_name, last_name) values ('7f2ab7db-3f06-4c48-8025-e2132336c3ff', 'Ivan', 'Wilkinson');
INSERT INTO CUSTOMER_IDENTIFIERS (customer_id, identifier_id, identifier_value) values ('7f2ab7db-3f06-4c48-8025-e2132336c3ff', 101, '95156893189');
INSERT INTO CUSTOMER_IDENTIFIERS (customer_id, identifier_id, identifier_value) values ('7f2ab7db-3f06-4c48-8025-e2132336c3ff', 103, '363-891-41-17');
INSERT INTO CUSTOMER_ADDRESSES (address_id, customer_id, address_type, street_address, zip_code, city, country) values ('f0418852-15d4-4934-b571-3efc7a9421a8', '7f2ab7db-3f06-4c48-8025-e2132336c3ff', 'R', '88490 Caryl Motorway', '95542', 'Wardmouth', 'Vietnam');
INSERT INTO CUSTOMERS (id, first_name, last_name) values ('740160e9-9515-49cc-af40-c9a5ee151ef4', 'Estella', 'Kertzmann');
INSERT INTO CUSTOMER_IDENTIFIERS (customer_id, identifier_id, identifier_value) values ('740160e9-9515-49cc-af40-c9a5ee151ef4', 101, '88652749436');
INSERT INTO CUSTOMER_IDENTIFIERS (customer_id, identifier_id, identifier_value) values ('740160e9-9515-49cc-af40-c9a5ee151ef4', 102, '517548270');
INSERT INTO CUSTOMER_ADDRESSES (address_id, customer_id, address_type, street_address, zip_code, city, country) values ('88fbc1ce-efbe-4ecc-b949-21d2ee5d2fa1', '740160e9-9515-49cc-af40-c9a5ee151ef4', 'R', '51351 Rowe Islands', '90265-2141', 'North Delindaberg', 'Somalia');
INSERT INTO CUSTOMERS (id, first_name, last_name) values ('2121ae1f-9d15-4ee1-8471-7b5d419484b1', 'Frederic', 'Gislason');
INSERT INTO CUSTOMER_IDENTIFIERS (customer_id, identifier_id, identifier_value) values ('2121ae1f-9d15-4ee1-8471-7b5d419484b1', 101, '83306695196');
INSERT INTO CUSTOMER_IDENTIFIERS (customer_id, identifier_id, identifier_value) values ('2121ae1f-9d15-4ee1-8471-7b5d419484b1', 102, '081622459');
INSERT INTO CUSTOMER_ADDRESSES (address_id, customer_id, address_type, street_address, zip_code, city, country) values ('ff31c054-f041-464b-ae33-b94f0fccf1a8', '2121ae1f-9d15-4ee1-8471-7b5d419484b1', 'R', '553 Rowe Haven', '15953', 'North Kimberleyport', 'Senegal');
INSERT INTO CUSTOMER_ADDRESSES (address_id, customer_id, address_type, street_address, zip_code, city, country) values ('6a0bf965-9aaa-41f7-bd8a-e9b9f423e760', '2121ae1f-9d15-4ee1-8471-7b5d419484b1', 'M', '69023 Kris Vista', '61746-6988', 'West Keshiaview', 'Cameroon');
INSERT INTO CUSTOMERS (id, first_name, last_name) values ('5f7c6778-72bb-4d4c-b0aa-fb4b7571c9a9', 'Dean', 'Rosenbaum');
INSERT INTO CUSTOMER_IDENTIFIERS (customer_id, identifier_id, identifier_value) values ('5f7c6778-72bb-4d4c-b0aa-fb4b7571c9a9', 101, '05585968907');
INSERT INTO CUSTOMER_IDENTIFIERS (customer_id, identifier_id, identifier_value) values ('5f7c6778-72bb-4d4c-b0aa-fb4b7571c9a9', 102, '244943116');
INSERT INTO CUSTOMER_ADDRESSES (address_id, customer_id, address_type, street_address, zip_code, city, country) values ('9436b21b-7a31-4ece-ab3f-b12bcf00faa6', '5f7c6778-72bb-4d4c-b0aa-fb4b7571c9a9', 'R', '02533 Hettinger Village', '15171-4894', 'Lake Lowell', 'Norway');
INSERT INTO CUSTOMER_ADDRESSES (address_id, customer_id, address_type, street_address, zip_code, city, country) values ('436bca39-f20d-4646-86b3-f929d37e7ca8', '5f7c6778-72bb-4d4c-b0aa-fb4b7571c9a9', 'M', '0159 Warner Meadow', '31148', 'Port Buddy', 'Ghana');
INSERT INTO CUSTOMERS (id, first_name, last_name) values ('6a9123cc-1580-4d2c-928b-8b5b8cbc4d85', 'Maryjane', 'Beatty');
INSERT INTO CUSTOMER_IDENTIFIERS (customer_id, identifier_id, identifier_value) values ('6a9123cc-1580-4d2c-928b-8b5b8cbc4d85', 103, '547-955-89-89');
INSERT INTO CUSTOMER_ADDRESSES (address_id, customer_id, address_type, street_address, zip_code, city, country) values ('c1ab6650-092c-47fb-b100-26e8806d4cf7', '6a9123cc-1580-4d2c-928b-8b5b8cbc4d85', 'R', '183 Maya Hills', '20312-2045', 'North Marisaborough', 'Yemen');
INSERT INTO CUSTOMER_ADDRESSES (address_id, customer_id, address_type, street_address, zip_code, city, country) values ('95d95c6d-8239-4184-b628-4f37fadca66c', '6a9123cc-1580-4d2c-928b-8b5b8cbc4d85', 'M', '92864 Cordie Squares', '30553-3808', 'Emmerichview', 'Micronesia');
INSERT INTO CUSTOMERS (id, first_name, last_name) values ('a245c4f9-392e-400c-b241-17886fd9041a', 'Aisha', 'Paucek');
INSERT INTO CUSTOMER_IDENTIFIERS (customer_id, identifier_id, identifier_value) values ('a245c4f9-392e-400c-b241-17886fd9041a', 102, '094201842');
INSERT INTO CUSTOMER_ADDRESSES (address_id, customer_id, address_type, street_address, zip_code, city, country) values ('3168d7a1-f5e4-48e8-b5ef-484064d668f5', 'a245c4f9-392e-400c-b241-17886fd9041a', 'R', '269 Clyde Park', '80092-9672', 'Port Creolaview', 'Suriname');
INSERT INTO CUSTOMER_ADDRESSES (address_id, customer_id, address_type, street_address, zip_code, city, country) values ('4aecadad-7cbe-4dde-bb1c-91847205c03b', 'a245c4f9-392e-400c-b241-17886fd9041a', 'M', '18228 Champlin Estate', '76394', 'New Antone', 'Latvia');
INSERT INTO CUSTOMERS (id, first_name, last_name) values ('c5eade17-5c93-4be3-aeb6-2a368853e46e', 'Mitchell', 'Schuster');
INSERT INTO CUSTOMER_IDENTIFIERS (customer_id, identifier_id, identifier_value) values ('c5eade17-5c93-4be3-aeb6-2a368853e46e', 101, '09066410937');
INSERT INTO CUSTOMER_IDENTIFIERS (customer_id, identifier_id, identifier_value) values ('c5eade17-5c93-4be3-aeb6-2a368853e46e', 102, '950982206');
INSERT INTO CUSTOMER_ADDRESSES (address_id, customer_id, address_type, street_address, zip_code, city, country) values ('da97e35f-c441-434b-b6be-52b0c8ec0aeb', 'c5eade17-5c93-4be3-aeb6-2a368853e46e', 'R', '7069 Korey Viaduct', '49259', 'New Philip', 'Macedonia');
INSERT INTO CUSTOMERS (id, first_name, last_name) values ('93f6e4a6-f118-4fa6-bcfa-f34176f32694', 'Leanora', 'Vandervort');
INSERT INTO CUSTOMER_IDENTIFIERS (customer_id, identifier_id, identifier_value) values ('93f6e4a6-f118-4fa6-bcfa-f34176f32694', 101, '76298931733');
INSERT INTO CUSTOMER_IDENTIFIERS (customer_id, identifier_id, identifier_value) values ('93f6e4a6-f118-4fa6-bcfa-f34176f32694', 102, '146330353');
INSERT INTO CUSTOMER_IDENTIFIERS (customer_id, identifier_id, identifier_value) values ('93f6e4a6-f118-4fa6-bcfa-f34176f32694', 103, '861-490-90-74');
INSERT INTO CUSTOMER_ADDRESSES (address_id, customer_id, address_type, street_address, zip_code, city, country) values ('d216d4d2-9d90-492e-878d-a4a8533477e1', '93f6e4a6-f118-4fa6-bcfa-f34176f32694', 'R', '80635 Walsh Coves', '33718', 'Nienowshire', 'Azerbaijan');
INSERT INTO CUSTOMERS (id, first_name, last_name) values ('7d1cced0-aad8-4ba7-92dc-63dca0fb7335', 'Andreas', 'Prosacco');
INSERT INTO CUSTOMER_IDENTIFIERS (customer_id, identifier_id, identifier_value) values ('7d1cced0-aad8-4ba7-92dc-63dca0fb7335', 101, '47016483128');
INSERT INTO CUSTOMER_IDENTIFIERS (customer_id, identifier_id, identifier_value) values ('7d1cced0-aad8-4ba7-92dc-63dca0fb7335', 103, '329-490-10-83');
INSERT INTO CUSTOMER_ADDRESSES (address_id, customer_id, address_type, street_address, zip_code, city, country) values ('14abfe56-546e-4d03-aaa2-2d92fb884614', '7d1cced0-aad8-4ba7-92dc-63dca0fb7335', 'R', '16053 Noma Branch', '94721', 'Steuberview', 'Saint Pierre and Miquelon');
INSERT INTO CUSTOMERS (id, first_name, last_name) values ('ce1843c4-1f4f-43ea-bc8c-fe16d64afde0', 'Thanh', 'Johnson');
INSERT INTO CUSTOMER_IDENTIFIERS (customer_id, identifier_id, identifier_value) values ('ce1843c4-1f4f-43ea-bc8c-fe16d64afde0', 103, '385-865-48-89');
INSERT INTO CUSTOMER_ADDRESSES (address_id, customer_id, address_type, street_address, zip_code, city, country) values ('fd863098-f0e3-4f03-acf6-d1d165962202', 'ce1843c4-1f4f-43ea-bc8c-fe16d64afde0', 'R', '3137 Windler Squares', '71763-7169', 'Skilesstad', 'Venezuela');
INSERT INTO CUSTOMER_ADDRESSES (address_id, customer_id, address_type, street_address, zip_code, city, country) values ('1d903213-fe6a-454f-8ff1-5adfc37b506b', 'ce1843c4-1f4f-43ea-bc8c-fe16d64afde0', 'M', '14113 Douglas Street', '98835-3041', 'East Pabloberg', 'Antigua and Barbuda');
INSERT INTO CUSTOMERS (id, first_name, last_name) values ('7562aa8b-8e0e-4697-9560-9318f20fd717', 'Evalyn', 'Carroll');
INSERT INTO CUSTOMER_IDENTIFIERS (customer_id, identifier_id, identifier_value) values ('7562aa8b-8e0e-4697-9560-9318f20fd717', 102, '338946951');
INSERT INTO CUSTOMER_ADDRESSES (address_id, customer_id, address_type, street_address, zip_code, city, country) values ('3e09bb05-04e2-4f9b-899e-16584f1e8b1b', '7562aa8b-8e0e-4697-9560-9318f20fd717', 'R', '5652 Jayne Rest', '96197', 'Bobbieton', 'Antigua and Barbuda');
INSERT INTO CUSTOMER_ADDRESSES (address_id, customer_id, address_type, street_address, zip_code, city, country) values ('72421218-1e31-484c-8fb5-3f74a5f54ba7', '7562aa8b-8e0e-4697-9560-9318f20fd717', 'M', '95915 Schiller Forest', '28834', 'Port Jodie', 'Haiti');
INSERT INTO CUSTOMERS (id, first_name, last_name) values ('f59206bf-ef5b-4608-a6b5-dde4468ad00f', 'Lynnette', 'Konopelski');
INSERT INTO CUSTOMER_IDENTIFIERS (customer_id, identifier_id, identifier_value) values ('f59206bf-ef5b-4608-a6b5-dde4468ad00f', 101, '31501660309');
INSERT INTO CUSTOMER_IDENTIFIERS (customer_id, identifier_id, identifier_value) values ('f59206bf-ef5b-4608-a6b5-dde4468ad00f', 103, '621-960-53-29');
INSERT INTO CUSTOMER_ADDRESSES (address_id, customer_id, address_type, street_address, zip_code, city, country) values ('57535e98-c8ba-4d66-9c75-abca445843df', 'f59206bf-ef5b-4608-a6b5-dde4468ad00f', 'R', '6576 Klocko Pine', '09916-1920', 'South Adolfoton', 'Saint Martin');
INSERT INTO CUSTOMER_ADDRESSES (address_id, customer_id, address_type, street_address, zip_code, city, country) values ('a7ea1b93-d6bc-448d-9b36-24ee7e6420a6', 'f59206bf-ef5b-4608-a6b5-dde4468ad00f', 'M', '69338 Macejkovic Mills', '74151', 'Ortizfort', 'Australia');
INSERT INTO CUSTOMERS (id, first_name, last_name) values ('dffe83ec-edae-46cc-a51a-d6c97eeb2989', 'Mathilda', 'Schroeder');
INSERT INTO CUSTOMER_IDENTIFIERS (customer_id, identifier_id, identifier_value) values ('dffe83ec-edae-46cc-a51a-d6c97eeb2989', 101, '84307396971');
INSERT INTO CUSTOMER_IDENTIFIERS (customer_id, identifier_id, identifier_value) values ('dffe83ec-edae-46cc-a51a-d6c97eeb2989', 102, '940819166');
INSERT INTO CUSTOMER_ADDRESSES (address_id, customer_id, address_type, street_address, zip_code, city, country) values ('9255114e-9139-446b-a871-58f37e04ea18', 'dffe83ec-edae-46cc-a51a-d6c97eeb2989', 'R', '942 Jaime Walks', '81845-1556', 'West Ezekielview', 'Zimbabwe');
INSERT INTO CUSTOMERS (id, first_name, last_name) values ('ae6b1a61-674e-4dab-8dd2-3852b26c390e', 'Dong', 'Kiehn');
INSERT INTO CUSTOMER_IDENTIFIERS (customer_id, identifier_id, identifier_value) values ('ae6b1a61-674e-4dab-8dd2-3852b26c390e', 102, '795764526');
INSERT INTO CUSTOMER_IDENTIFIERS (customer_id, identifier_id, identifier_value) values ('ae6b1a61-674e-4dab-8dd2-3852b26c390e', 103, '199-311-73-22');
INSERT INTO CUSTOMER_ADDRESSES (address_id, customer_id, address_type, street_address, zip_code, city, country) values ('3e7e0201-acf1-4be6-a242-32a7784943f6', 'ae6b1a61-674e-4dab-8dd2-3852b26c390e', 'R', '95949 Watsica Gardens', '86691-8984', 'Schuppehaven', 'Saint Barthelemy');
INSERT INTO CUSTOMERS (id, first_name, last_name) values ('ada0f1e0-1ce5-4f18-a609-03c78db01b19', 'Joesph', 'Cassin');
INSERT INTO CUSTOMER_IDENTIFIERS (customer_id, identifier_id, identifier_value) values ('ada0f1e0-1ce5-4f18-a609-03c78db01b19', 101, '44899576948');
INSERT INTO CUSTOMER_ADDRESSES (address_id, customer_id, address_type, street_address, zip_code, city, country) values ('a06066a8-ad0d-47a4-94bc-19b5d380ef13', 'ada0f1e0-1ce5-4f18-a609-03c78db01b19', 'R', '998 Lang Hills', '24998-6599', 'New Allenstad', 'Saint Helena');
INSERT INTO CUSTOMER_ADDRESSES (address_id, customer_id, address_type, street_address, zip_code, city, country) values ('95b2c7d8-89f2-451e-9a63-9ea59257bc8f', 'ada0f1e0-1ce5-4f18-a609-03c78db01b19', 'M', '32933 Haley Views', '63285-9881', 'North Harrisview', 'Sao Tome and Principe');
INSERT INTO CUSTOMERS (id, first_name, last_name) values ('7a9cf8e7-cbdd-4a47-b8bf-49a198d15013', 'Amie', 'Friesen');
INSERT INTO CUSTOMER_IDENTIFIERS (customer_id, identifier_id, identifier_value) values ('7a9cf8e7-cbdd-4a47-b8bf-49a198d15013', 101, '45331653455');
INSERT INTO CUSTOMER_IDENTIFIERS (customer_id, identifier_id, identifier_value) values ('7a9cf8e7-cbdd-4a47-b8bf-49a198d15013', 103, '466-461-55-60');
INSERT INTO CUSTOMER_ADDRESSES (address_id, customer_id, address_type, street_address, zip_code, city, country) values ('a5df71b1-1864-4b5a-bcb6-bf2f3eb7bced', '7a9cf8e7-cbdd-4a47-b8bf-49a198d15013', 'R', '3998 Wilkinson Isle', '10280-7308', 'Laurenborough', 'Latvia');
INSERT INTO CUSTOMERS (id, first_name, last_name) values ('ad61697f-e363-47ba-ac11-ff71cf13328f', 'Terrell', 'Fisher');
INSERT INTO CUSTOMER_IDENTIFIERS (customer_id, identifier_id, identifier_value) values ('ad61697f-e363-47ba-ac11-ff71cf13328f', 102, '801649225');
INSERT INTO CUSTOMER_IDENTIFIERS (customer_id, identifier_id, identifier_value) values ('ad61697f-e363-47ba-ac11-ff71cf13328f', 103, '971-924-95-16');
INSERT INTO CUSTOMER_ADDRESSES (address_id, customer_id, address_type, street_address, zip_code, city, country) values ('1e2d6be8-8a64-4483-93f0-060e455892fc', 'ad61697f-e363-47ba-ac11-ff71cf13328f', 'R', '28750 Maurice Hill', '63255-8072', 'West Kalynshire', 'Belgium');
INSERT INTO CUSTOMER_ADDRESSES (address_id, customer_id, address_type, street_address, zip_code, city, country) values ('ec98a43c-7331-454d-8282-38600926364e', 'ad61697f-e363-47ba-ac11-ff71cf13328f', 'M', '3317 Lynn Station', '00802-4315', 'Trinhview', 'Portugal');
INSERT INTO CUSTOMERS (id, first_name, last_name) values ('23d11fe3-e132-402a-b3b0-cd3a805a1206', 'Gerardo', 'Gleichner');
INSERT INTO CUSTOMER_IDENTIFIERS (customer_id, identifier_id, identifier_value) values ('23d11fe3-e132-402a-b3b0-cd3a805a1206', 102, '151525773');
INSERT INTO CUSTOMER_IDENTIFIERS (customer_id, identifier_id, identifier_value) values ('23d11fe3-e132-402a-b3b0-cd3a805a1206', 103, '504-681-17-37');
INSERT INTO CUSTOMER_ADDRESSES (address_id, customer_id, address_type, street_address, zip_code, city, country) values ('f9f82ea9-61c9-43da-b183-c2dd0fc411a5', '23d11fe3-e132-402a-b3b0-cd3a805a1206', 'R', '21136 Sebastian Place', '74457', 'Bashirianton', 'Sweden');
INSERT INTO CUSTOMERS (id, first_name, last_name) values ('dc9d4d77-2602-4fa8-ae5f-ee86b0f68f0f', 'Steven', 'Runte');
INSERT INTO CUSTOMER_IDENTIFIERS (customer_id, identifier_id, identifier_value) values ('dc9d4d77-2602-4fa8-ae5f-ee86b0f68f0f', 101, '76202282638');
INSERT INTO CUSTOMER_ADDRESSES (address_id, customer_id, address_type, street_address, zip_code, city, country) values ('8cf270a1-e404-4ab7-93ee-a613fd9c8c5e', 'dc9d4d77-2602-4fa8-ae5f-ee86b0f68f0f', 'R', '0651 Cummings Station', '36714-4424', 'North Domenicside', 'Oman');
INSERT INTO CUSTOMERS (id, first_name, last_name) values ('b5dd86e4-b521-4656-9c1d-bd3bda15f1bf', 'Jarrod', 'Denesik');
INSERT INTO CUSTOMER_IDENTIFIERS (customer_id, identifier_id, identifier_value) values ('b5dd86e4-b521-4656-9c1d-bd3bda15f1bf', 101, '85864982440');
INSERT INTO CUSTOMER_IDENTIFIERS (customer_id, identifier_id, identifier_value) values ('b5dd86e4-b521-4656-9c1d-bd3bda15f1bf', 103, '273-896-28-54');
INSERT INTO CUSTOMER_ADDRESSES (address_id, customer_id, address_type, street_address, zip_code, city, country) values ('4c2c76bb-a744-4f79-ab35-b0afab9b4ad4', 'b5dd86e4-b521-4656-9c1d-bd3bda15f1bf', 'R', '981 Douglas Throughway', '03640-7124', 'East Jonhaven', 'Djibouti');
INSERT INTO CUSTOMERS (id, first_name, last_name) values ('d0eb8ac5-cfca-4992-be7b-fd91ff7f2fb8', 'Albert', 'Howell');
INSERT INTO CUSTOMER_IDENTIFIERS (customer_id, identifier_id, identifier_value) values ('d0eb8ac5-cfca-4992-be7b-fd91ff7f2fb8', 103, '259-386-87-29');
INSERT INTO CUSTOMER_ADDRESSES (address_id, customer_id, address_type, street_address, zip_code, city, country) values ('35090435-0d89-4588-a2e3-151fb9d3d13c', 'd0eb8ac5-cfca-4992-be7b-fd91ff7f2fb8', 'R', '66999 Towne Radial', '38084', 'Andrechester', 'Bermuda');
INSERT INTO CUSTOMERS (id, first_name, last_name) values ('dfe252ca-a45c-4cf8-9d5a-7490889f4c98', 'Liane', 'Tillman');
INSERT INTO CUSTOMER_IDENTIFIERS (customer_id, identifier_id, identifier_value) values ('dfe252ca-a45c-4cf8-9d5a-7490889f4c98', 101, '68947455183');
INSERT INTO CUSTOMER_IDENTIFIERS (customer_id, identifier_id, identifier_value) values ('dfe252ca-a45c-4cf8-9d5a-7490889f4c98', 102, '498856926');
INSERT INTO CUSTOMER_ADDRESSES (address_id, customer_id, address_type, street_address, zip_code, city, country) values ('62eb9086-e002-454c-83c5-a0ebb82189ef', 'dfe252ca-a45c-4cf8-9d5a-7490889f4c98', 'R', '224 McClure Flats', '21203-9068', 'Gutmannhaven', 'Barbados');
INSERT INTO CUSTOMER_ADDRESSES (address_id, customer_id, address_type, street_address, zip_code, city, country) values ('f88618f6-3391-413b-bf9d-43c00429b7ea', 'dfe252ca-a45c-4cf8-9d5a-7490889f4c98', 'M', '8553 Beverlee Road', '28547-9847', 'New Kraigshire', 'Congo');
INSERT INTO CUSTOMERS (id, first_name, last_name) values ('8b636a37-880e-4305-8e14-9344c8e74b06', 'Liz', 'Turcotte');
INSERT INTO CUSTOMER_IDENTIFIERS (customer_id, identifier_id, identifier_value) values ('8b636a37-880e-4305-8e14-9344c8e74b06', 101, '80679448180');
INSERT INTO CUSTOMER_ADDRESSES (address_id, customer_id, address_type, street_address, zip_code, city, country) values ('93a1d1d2-4e28-4c52-9168-47dfadfd98f9', '8b636a37-880e-4305-8e14-9344c8e74b06', 'R', '0862 Ike Ramp', '68711', 'Kelleystad', 'Finland');
INSERT INTO CUSTOMERS (id, first_name, last_name) values ('e7bc4924-2cbd-4d9f-b67c-f08d87075db7', 'Adolph', 'Labadie');
INSERT INTO CUSTOMER_IDENTIFIERS (customer_id, identifier_id, identifier_value) values ('e7bc4924-2cbd-4d9f-b67c-f08d87075db7', 101, '30859294268');
INSERT INTO CUSTOMER_IDENTIFIERS (customer_id, identifier_id, identifier_value) values ('e7bc4924-2cbd-4d9f-b67c-f08d87075db7', 103, '059-327-08-03');
INSERT INTO CUSTOMER_ADDRESSES (address_id, customer_id, address_type, street_address, zip_code, city, country) values ('99aa1bf0-e9bb-4126-bb8c-6550316440a7', 'e7bc4924-2cbd-4d9f-b67c-f08d87075db7', 'R', '9235 Moore Crossing', '38445', 'Lake Winterton', 'Venezuela');
INSERT INTO CUSTOMERS (id, first_name, last_name) values ('d1fe7c2c-5ba1-457c-bd16-9154b1fb35a2', 'Matt', 'Harris');
INSERT INTO CUSTOMER_IDENTIFIERS (customer_id, identifier_id, identifier_value) values ('d1fe7c2c-5ba1-457c-bd16-9154b1fb35a2', 101, '92274212158');
INSERT INTO CUSTOMER_IDENTIFIERS (customer_id, identifier_id, identifier_value) values ('d1fe7c2c-5ba1-457c-bd16-9154b1fb35a2', 102, '969313479');
INSERT INTO CUSTOMER_IDENTIFIERS (customer_id, identifier_id, identifier_value) values ('d1fe7c2c-5ba1-457c-bd16-9154b1fb35a2', 103, '622-793-19-85');
INSERT INTO CUSTOMER_ADDRESSES (address_id, customer_id, address_type, street_address, zip_code, city, country) values ('90faa0bc-99c7-4d20-94d2-bfcd96568e56', 'd1fe7c2c-5ba1-457c-bd16-9154b1fb35a2', 'R', '7521 Abbott Summit', '51397', 'Lorrainemouth', 'Antarctica (the territory South of 60 deg S)');
INSERT INTO CUSTOMERS (id, first_name, last_name) values ('588020c8-5876-4b1b-ab87-93fc27072fad', 'Man', 'Lind');
INSERT INTO CUSTOMER_IDENTIFIERS (customer_id, identifier_id, identifier_value) values ('588020c8-5876-4b1b-ab87-93fc27072fad', 102, '127089695');
INSERT INTO CUSTOMER_IDENTIFIERS (customer_id, identifier_id, identifier_value) values ('588020c8-5876-4b1b-ab87-93fc27072fad', 103, '017-419-66-47');
INSERT INTO CUSTOMER_ADDRESSES (address_id, customer_id, address_type, street_address, zip_code, city, country) values ('154e7262-f149-4b0e-9a54-2ad6e115877f', '588020c8-5876-4b1b-ab87-93fc27072fad', 'R', '38708 Elin Road', '02667', 'Prohaskabury', 'Japan');
INSERT INTO CUSTOMERS (id, first_name, last_name) values ('82c7598d-bcd8-462a-aa71-e08fde5b2074', 'Dewitt', 'Labadie');
INSERT INTO CUSTOMER_IDENTIFIERS (customer_id, identifier_id, identifier_value) values ('82c7598d-bcd8-462a-aa71-e08fde5b2074', 101, '40608598394');
INSERT INTO CUSTOMER_IDENTIFIERS (customer_id, identifier_id, identifier_value) values ('82c7598d-bcd8-462a-aa71-e08fde5b2074', 102, '780416984');
INSERT INTO CUSTOMER_IDENTIFIERS (customer_id, identifier_id, identifier_value) values ('82c7598d-bcd8-462a-aa71-e08fde5b2074', 103, '530-726-33-67');
INSERT INTO CUSTOMER_ADDRESSES (address_id, customer_id, address_type, street_address, zip_code, city, country) values ('3a5664ea-3bdc-4efc-b92d-cc3f6580e811', '82c7598d-bcd8-462a-aa71-e08fde5b2074', 'R', '725 Runolfsson Hills', '37240-9301', 'East Lucianoburgh', 'Rwanda');
INSERT INTO CUSTOMERS (id, first_name, last_name) values ('0a6bc151-98d6-4217-975c-36da8413d081', 'Christoper', 'Marvin');
INSERT INTO CUSTOMER_IDENTIFIERS (customer_id, identifier_id, identifier_value) values ('0a6bc151-98d6-4217-975c-36da8413d081', 102, '148113758');
INSERT INTO CUSTOMER_ADDRESSES (address_id, customer_id, address_type, street_address, zip_code, city, country) values ('5215daa4-c4b9-4120-a6b2-3e7aa0c4ae6f', '0a6bc151-98d6-4217-975c-36da8413d081', 'R', '0653 Wilburn Highway', '79829', 'Jonasbury', 'El Salvador');
INSERT INTO CUSTOMERS (id, first_name, last_name) values ('4e348f76-c098-437c-a22a-53cec27d7d74', 'Vanessa', 'Kunze');
INSERT INTO CUSTOMER_IDENTIFIERS (customer_id, identifier_id, identifier_value) values ('4e348f76-c098-437c-a22a-53cec27d7d74', 102, '929207997');
INSERT INTO CUSTOMER_IDENTIFIERS (customer_id, identifier_id, identifier_value) values ('4e348f76-c098-437c-a22a-53cec27d7d74', 103, '271-968-35-97');
INSERT INTO CUSTOMER_ADDRESSES (address_id, customer_id, address_type, street_address, zip_code, city, country) values ('94035fd9-0406-4e56-bbf7-0404a9b5ecd0', '4e348f76-c098-437c-a22a-53cec27d7d74', 'R', '0291 Emilio Tunnel', '30283-9949', 'Gaylordfort', 'Eritrea');
INSERT INTO CUSTOMERS (id, first_name, last_name) values ('db3c98b1-8597-44fa-8e98-c57f067a8b34', 'Georgie', 'Wiza');
INSERT INTO CUSTOMER_IDENTIFIERS (customer_id, identifier_id, identifier_value) values ('db3c98b1-8597-44fa-8e98-c57f067a8b34', 101, '25143579866');
INSERT INTO CUSTOMER_IDENTIFIERS (customer_id, identifier_id, identifier_value) values ('db3c98b1-8597-44fa-8e98-c57f067a8b34', 103, '392-063-78-24');
INSERT INTO CUSTOMER_ADDRESSES (address_id, customer_id, address_type, street_address, zip_code, city, country) values ('ac8f65c4-c642-43d7-ba9c-fc166fd33f57', 'db3c98b1-8597-44fa-8e98-c57f067a8b34', 'R', '664 Camelia Inlet', '85166', 'East Henryfort', 'Djibouti');
INSERT INTO CUSTOMERS (id, first_name, last_name) values ('b0c83b10-8dca-4370-816c-ef99393ef443', 'Maryanne', 'Romaguera');
INSERT INTO CUSTOMER_IDENTIFIERS (customer_id, identifier_id, identifier_value) values ('b0c83b10-8dca-4370-816c-ef99393ef443', 103, '660-252-82-65');
INSERT INTO CUSTOMER_ADDRESSES (address_id, customer_id, address_type, street_address, zip_code, city, country) values ('4eae6709-6634-4b47-a3ec-516bcc0ec9c5', 'b0c83b10-8dca-4370-816c-ef99393ef443', 'R', '21232 Jeffrey Mills', '23932-4302', 'West Lourietown', 'Seychelles');
INSERT INTO CUSTOMER_ADDRESSES (address_id, customer_id, address_type, street_address, zip_code, city, country) values ('1a38852d-7136-4a48-bd8a-caa33b3d5c7b', 'b0c83b10-8dca-4370-816c-ef99393ef443', 'M', '498 Camie Ways', '80507-0855', 'Debbifurt', 'New Zealand');
INSERT INTO CUSTOMERS (id, first_name, last_name) values ('9e25d198-0fd3-4530-bfd6-abd81b5cfd54', 'Marty', 'Towne');
INSERT INTO CUSTOMER_IDENTIFIERS (customer_id, identifier_id, identifier_value) values ('9e25d198-0fd3-4530-bfd6-abd81b5cfd54', 102, '949509385');
INSERT INTO CUSTOMER_ADDRESSES (address_id, customer_id, address_type, street_address, zip_code, city, country) values ('3a38d882-d453-4c69-af86-e3c268fa7c7f', '9e25d198-0fd3-4530-bfd6-abd81b5cfd54', 'R', '7323 Darren Ports', '60246-5772', 'Predovicstad', 'Pakistan');
INSERT INTO CUSTOMERS (id, first_name, last_name) values ('842ea27c-6955-4fe2-b4c2-7f21216669d6', 'Jc', 'Williamson');
INSERT INTO CUSTOMER_IDENTIFIERS (customer_id, identifier_id, identifier_value) values ('842ea27c-6955-4fe2-b4c2-7f21216669d6', 102, '495856626');
INSERT INTO CUSTOMER_ADDRESSES (address_id, customer_id, address_type, street_address, zip_code, city, country) values ('2039f70d-0f2c-4710-96a6-a359413330cb', '842ea27c-6955-4fe2-b4c2-7f21216669d6', 'R', '607 Volkman Flat', '20207', 'New Hiram', 'Malawi');
INSERT INTO CUSTOMER_ADDRESSES (address_id, customer_id, address_type, street_address, zip_code, city, country) values ('ed7b7445-086a-4e89-ab05-d6798150c6eb', '842ea27c-6955-4fe2-b4c2-7f21216669d6', 'M', '62569 Rice Port', '72101', 'New Ivan', 'Cayman Islands');
INSERT INTO CUSTOMERS (id, first_name, last_name) values ('4cd289f7-8b01-40b0-abf2-a0cdb85ac009', 'Malka', 'Muller');
INSERT INTO CUSTOMER_IDENTIFIERS (customer_id, identifier_id, identifier_value) values ('4cd289f7-8b01-40b0-abf2-a0cdb85ac009', 101, '52622656397');
INSERT INTO CUSTOMER_IDENTIFIERS (customer_id, identifier_id, identifier_value) values ('4cd289f7-8b01-40b0-abf2-a0cdb85ac009', 103, '278-092-49-27');
INSERT INTO CUSTOMER_ADDRESSES (address_id, customer_id, address_type, street_address, zip_code, city, country) values ('4a170635-ff70-4ad4-8928-5a46d3a247fc', '4cd289f7-8b01-40b0-abf2-a0cdb85ac009', 'R', '26825 Rory Burgs', '31575-1163', 'Port Tammyfort', 'Palau');
INSERT INTO CUSTOMERS (id, first_name, last_name) values ('06182d23-6f89-4553-acc5-68866c19e18a', 'Minta', 'Metz');
INSERT INTO CUSTOMER_IDENTIFIERS (customer_id, identifier_id, identifier_value) values ('06182d23-6f89-4553-acc5-68866c19e18a', 101, '88917619650');
INSERT INTO CUSTOMER_IDENTIFIERS (customer_id, identifier_id, identifier_value) values ('06182d23-6f89-4553-acc5-68866c19e18a', 102, '080984999');
INSERT INTO CUSTOMER_IDENTIFIERS (customer_id, identifier_id, identifier_value) values ('06182d23-6f89-4553-acc5-68866c19e18a', 103, '561-512-78-89');
INSERT INTO CUSTOMER_ADDRESSES (address_id, customer_id, address_type, street_address, zip_code, city, country) values ('4f8bc5a6-2b77-4cf8-88f0-f8aadb0b0991', '06182d23-6f89-4553-acc5-68866c19e18a', 'R', '41169 Brett Ridge', '22437-8646', 'South Sol', 'Nigeria');
INSERT INTO CUSTOMERS (id, first_name, last_name) values ('0e0f395c-3bf3-4726-8dd5-8beae0e67bb2', 'Kandra', 'O''Kon');
INSERT INTO CUSTOMER_IDENTIFIERS (customer_id, identifier_id, identifier_value) values ('0e0f395c-3bf3-4726-8dd5-8beae0e67bb2', 101, '38918154928');
INSERT INTO CUSTOMER_IDENTIFIERS (customer_id, identifier_id, identifier_value) values ('0e0f395c-3bf3-4726-8dd5-8beae0e67bb2', 102, '516761437');
INSERT INTO CUSTOMER_IDENTIFIERS (customer_id, identifier_id, identifier_value) values ('0e0f395c-3bf3-4726-8dd5-8beae0e67bb2', 103, '880-036-63-01');
INSERT INTO CUSTOMER_ADDRESSES (address_id, customer_id, address_type, street_address, zip_code, city, country) values ('a54136a0-868c-4a68-9c95-8684f2d9d8e0', '0e0f395c-3bf3-4726-8dd5-8beae0e67bb2', 'R', '05891 Pacocha Crescent', '88977-1546', 'North Sabineburgh', 'Benin');
INSERT INTO CUSTOMERS (id, first_name, last_name) values ('a8bc3a5c-d311-4bf9-a18e-a915cf32859d', 'Charlyn', 'Hudson');
INSERT INTO CUSTOMER_IDENTIFIERS (customer_id, identifier_id, identifier_value) values ('a8bc3a5c-d311-4bf9-a18e-a915cf32859d', 102, '329000820');
INSERT INTO CUSTOMER_ADDRESSES (address_id, customer_id, address_type, street_address, zip_code, city, country) values ('b0d954f5-496b-401e-8536-766beb4b6676', 'a8bc3a5c-d311-4bf9-a18e-a915cf32859d', 'R', '1921 Beatty Path', '75765-4721', 'North Sonyaville', 'South Georgia and the South Sandwich Islands');
INSERT INTO CUSTOMERS (id, first_name, last_name) values ('a71195ea-0fb2-4705-922c-54bff42991ba', 'Bart', 'Mayer');
INSERT INTO CUSTOMER_IDENTIFIERS (customer_id, identifier_id, identifier_value) values ('a71195ea-0fb2-4705-922c-54bff42991ba', 103, '693-965-12-10');
INSERT INTO CUSTOMER_ADDRESSES (address_id, customer_id, address_type, street_address, zip_code, city, country) values ('36270a3e-408e-408a-977b-efe47737f1c2', 'a71195ea-0fb2-4705-922c-54bff42991ba', 'R', '5220 Keith Rest', '07202', 'New Russel', 'Congo');
INSERT INTO CUSTOMERS (id, first_name, last_name) values ('8a702832-8deb-4e82-be37-d3fd620f0bac', 'Ezra', 'Hahn');
INSERT INTO CUSTOMER_IDENTIFIERS (customer_id, identifier_id, identifier_value) values ('8a702832-8deb-4e82-be37-d3fd620f0bac', 101, '50652727376');
INSERT INTO CUSTOMER_IDENTIFIERS (customer_id, identifier_id, identifier_value) values ('8a702832-8deb-4e82-be37-d3fd620f0bac', 102, '334656933');
INSERT INTO CUSTOMER_IDENTIFIERS (customer_id, identifier_id, identifier_value) values ('8a702832-8deb-4e82-be37-d3fd620f0bac', 103, '781-370-15-07');
INSERT INTO CUSTOMER_ADDRESSES (address_id, customer_id, address_type, street_address, zip_code, city, country) values ('b9e1645b-5b7b-46c1-93a4-a944b01a534d', '8a702832-8deb-4e82-be37-d3fd620f0bac', 'R', '47253 Lashaunda Keys', '88481-4344', 'Romeoville', 'Djibouti');
INSERT INTO CUSTOMERS (id, first_name, last_name) values ('336adaf8-c81e-4339-adff-3fccf985a26f', 'Maurine', 'Stiedemann');
INSERT INTO CUSTOMER_IDENTIFIERS (customer_id, identifier_id, identifier_value) values ('336adaf8-c81e-4339-adff-3fccf985a26f', 101, '60820292824');
INSERT INTO CUSTOMER_IDENTIFIERS (customer_id, identifier_id, identifier_value) values ('336adaf8-c81e-4339-adff-3fccf985a26f', 103, '497-530-33-53');
INSERT INTO CUSTOMER_ADDRESSES (address_id, customer_id, address_type, street_address, zip_code, city, country) values ('b327970b-9ee2-4c4c-a867-69b1f57560c9', '336adaf8-c81e-4339-adff-3fccf985a26f', 'R', '10169 Orville Crest', '55595', 'Kshlerinville', 'Libyan Arab Jamahiriya');
INSERT INTO CUSTOMERS (id, first_name, last_name) values ('cf073c17-a1ad-40cf-8689-6299b40b8f46', 'Denice', 'Satterfield');
INSERT INTO CUSTOMER_IDENTIFIERS (customer_id, identifier_id, identifier_value) values ('cf073c17-a1ad-40cf-8689-6299b40b8f46', 101, '20948871500');
INSERT INTO CUSTOMER_IDENTIFIERS (customer_id, identifier_id, identifier_value) values ('cf073c17-a1ad-40cf-8689-6299b40b8f46', 102, '707157519');
INSERT INTO CUSTOMER_ADDRESSES (address_id, customer_id, address_type, street_address, zip_code, city, country) values ('1864855a-14af-4532-a248-0db9139b07cb', 'cf073c17-a1ad-40cf-8689-6299b40b8f46', 'R', '810 Tyron Knoll', '21760', 'New Lucilleview', 'Puerto Rico');
INSERT INTO CUSTOMER_ADDRESSES (address_id, customer_id, address_type, street_address, zip_code, city, country) values ('8a8de21e-641c-47e8-ae78-fb3fd12b0b7f', 'cf073c17-a1ad-40cf-8689-6299b40b8f46', 'M', '70588 Schroeder Falls', '39345-2464', 'Larhondaport', 'Syrian Arab Republic');
INSERT INTO CUSTOMERS (id, first_name, last_name) values ('b1b3c034-3aec-4af8-995d-c054a2daa8a6', 'Verda', 'Hirthe');
INSERT INTO CUSTOMER_IDENTIFIERS (customer_id, identifier_id, identifier_value) values ('b1b3c034-3aec-4af8-995d-c054a2daa8a6', 102, '193116111');
INSERT INTO CUSTOMER_ADDRESSES (address_id, customer_id, address_type, street_address, zip_code, city, country) values ('80067155-57e0-4224-acef-2c36937b53d8', 'b1b3c034-3aec-4af8-995d-c054a2daa8a6', 'R', '9492 Wolf Trail', '46004-1803', 'East Annamariaborough', 'American Samoa');
INSERT INTO CUSTOMER_ADDRESSES (address_id, customer_id, address_type, street_address, zip_code, city, country) values ('66c5f839-aac0-49e6-a954-41f015233a9e', 'b1b3c034-3aec-4af8-995d-c054a2daa8a6', 'M', '539 Smith Mews', '86569', 'New Shalatown', 'Mongolia');
INSERT INTO CUSTOMERS (id, first_name, last_name) values ('3a91425b-084d-404c-8afa-3ab4e31ca525', 'Gerald', 'Bradtke');
INSERT INTO CUSTOMER_IDENTIFIERS (customer_id, identifier_id, identifier_value) values ('3a91425b-084d-404c-8afa-3ab4e31ca525', 101, '13740981139');
INSERT INTO CUSTOMER_IDENTIFIERS (customer_id, identifier_id, identifier_value) values ('3a91425b-084d-404c-8afa-3ab4e31ca525', 102, '220862682');
INSERT INTO CUSTOMER_IDENTIFIERS (customer_id, identifier_id, identifier_value) values ('3a91425b-084d-404c-8afa-3ab4e31ca525', 103, '304-137-35-29');
INSERT INTO CUSTOMER_ADDRESSES (address_id, customer_id, address_type, street_address, zip_code, city, country) values ('3c88d9a9-e206-4380-a34b-3890c0e130ce', '3a91425b-084d-404c-8afa-3ab4e31ca525', 'R', '032 Bradtke Port', '42558-2993', 'Quinnbury', 'Angola');
INSERT INTO CUSTOMERS (id, first_name, last_name) values ('6c8811d4-55ec-4590-a323-6e492b457945', 'Dana', 'Schumm');
INSERT INTO CUSTOMER_IDENTIFIERS (customer_id, identifier_id, identifier_value) values ('6c8811d4-55ec-4590-a323-6e492b457945', 101, '23115513832');
INSERT INTO CUSTOMER_ADDRESSES (address_id, customer_id, address_type, street_address, zip_code, city, country) values ('1f3d2809-1001-46e7-8459-8b457986aca5', '6c8811d4-55ec-4590-a323-6e492b457945', 'R', '70974 Pandora Estate', '16062', 'Metaside', 'Taiwan');
INSERT INTO CUSTOMERS (id, first_name, last_name) values ('8f761432-e5c0-4fe1-bca8-a58b07e4000e', 'Jonell', 'Rolfson');
INSERT INTO CUSTOMER_IDENTIFIERS (customer_id, identifier_id, identifier_value) values ('8f761432-e5c0-4fe1-bca8-a58b07e4000e', 102, '575667087');
INSERT INTO CUSTOMER_IDENTIFIERS (customer_id, identifier_id, identifier_value) values ('8f761432-e5c0-4fe1-bca8-a58b07e4000e', 103, '560-300-30-35');
INSERT INTO CUSTOMER_ADDRESSES (address_id, customer_id, address_type, street_address, zip_code, city, country) values ('2e12d7f8-acdc-452f-a31e-8092a10ed258', '8f761432-e5c0-4fe1-bca8-a58b07e4000e', 'R', '311 Murazik Fall', '73691-8573', 'Port Paulchester', 'United Arab Emirates');
INSERT INTO CUSTOMERS (id, first_name, last_name) values ('90559cd5-bd67-4897-abd8-f06ddbd31fe1', 'Shavonda', 'Luettgen');
INSERT INTO CUSTOMER_IDENTIFIERS (customer_id, identifier_id, identifier_value) values ('90559cd5-bd67-4897-abd8-f06ddbd31fe1', 101, '73316310071');
INSERT INTO CUSTOMER_ADDRESSES (address_id, customer_id, address_type, street_address, zip_code, city, country) values ('0e8e130a-5204-4edb-8d1b-6ef108deb0d4', '90559cd5-bd67-4897-abd8-f06ddbd31fe1', 'R', '807 Hilll Camp', '78875-1580', 'Port Azalee', 'Monaco');
INSERT INTO CUSTOMERS (id, first_name, last_name) values ('606c3946-7da6-4292-99e5-a9abb18e068b', 'Anette', 'Bins');
INSERT INTO CUSTOMER_IDENTIFIERS (customer_id, identifier_id, identifier_value) values ('606c3946-7da6-4292-99e5-a9abb18e068b', 101, '79555905149');
INSERT INTO CUSTOMER_ADDRESSES (address_id, customer_id, address_type, street_address, zip_code, city, country) values ('d10f1ffb-d5e3-41df-8de7-9bf6f028ea93', '606c3946-7da6-4292-99e5-a9abb18e068b', 'R', '0012 Rau Bypass', '08920-7222', 'North Brandon', 'Bosnia and Herzegovina');
INSERT INTO CUSTOMER_ADDRESSES (address_id, customer_id, address_type, street_address, zip_code, city, country) values ('ba376aa5-ece5-4c1f-8bea-84a31b750d39', '606c3946-7da6-4292-99e5-a9abb18e068b', 'M', '04802 William Gateway', '44351-3031', 'West Mackland', 'Guinea');
INSERT INTO CUSTOMERS (id, first_name, last_name) values ('7c49bb2d-41b9-4e79-9c27-8d6f5157b0b0', 'Fumiko', 'Dare');
INSERT INTO CUSTOMER_IDENTIFIERS (customer_id, identifier_id, identifier_value) values ('7c49bb2d-41b9-4e79-9c27-8d6f5157b0b0', 101, '02342517180');
INSERT INTO CUSTOMER_IDENTIFIERS (customer_id, identifier_id, identifier_value) values ('7c49bb2d-41b9-4e79-9c27-8d6f5157b0b0', 102, '670964577');
INSERT INTO CUSTOMER_ADDRESSES (address_id, customer_id, address_type, street_address, zip_code, city, country) values ('9ca1932d-b346-4bce-9fb7-c23d65ef3633', '7c49bb2d-41b9-4e79-9c27-8d6f5157b0b0', 'R', '564 Zola Lock', '55060', 'West Charlette', 'Maldives');
INSERT INTO CUSTOMER_ADDRESSES (address_id, customer_id, address_type, street_address, zip_code, city, country) values ('c9e0c83b-0bb7-450e-af60-cf9952a79606', '7c49bb2d-41b9-4e79-9c27-8d6f5157b0b0', 'M', '339 Jenkins Spring', '85347', 'West Zackarybury', 'Djibouti');
INSERT INTO CUSTOMERS (id, first_name, last_name) values ('88da2071-efd5-4350-bde5-9a164db6b01b', 'Austin', 'Marquardt');
INSERT INTO CUSTOMER_IDENTIFIERS (customer_id, identifier_id, identifier_value) values ('88da2071-efd5-4350-bde5-9a164db6b01b', 103, '838-170-60-72');
INSERT INTO CUSTOMER_ADDRESSES (address_id, customer_id, address_type, street_address, zip_code, city, country) values ('f3284984-7eb7-49be-a378-5aac134d7039', '88da2071-efd5-4350-bde5-9a164db6b01b', 'R', '12622 Beatty Club', '92859-4217', 'East Santoland', 'Cook Islands');
INSERT INTO CUSTOMERS (id, first_name, last_name) values ('36c9dbf5-e6e0-453f-8c2b-d2d160b9e675', 'Dee', 'McCullough');
INSERT INTO CUSTOMER_IDENTIFIERS (customer_id, identifier_id, identifier_value) values ('36c9dbf5-e6e0-453f-8c2b-d2d160b9e675', 102, '675913454');
INSERT INTO CUSTOMER_ADDRESSES (address_id, customer_id, address_type, street_address, zip_code, city, country) values ('e55dbda0-5163-4a63-8a08-c8d262380c54', '36c9dbf5-e6e0-453f-8c2b-d2d160b9e675', 'R', '572 Bins Knolls', '55523', 'North Trudi', 'Sierra Leone');
INSERT INTO CUSTOMERS (id, first_name, last_name) values ('69e6f642-799e-4764-8283-27ce81ddc56b', 'Darren', 'Gulgowski');
INSERT INTO CUSTOMER_IDENTIFIERS (customer_id, identifier_id, identifier_value) values ('69e6f642-799e-4764-8283-27ce81ddc56b', 103, '340-649-73-18');
INSERT INTO CUSTOMER_ADDRESSES (address_id, customer_id, address_type, street_address, zip_code, city, country) values ('121063de-cdcd-4474-9ac0-41cc427c29b3', '69e6f642-799e-4764-8283-27ce81ddc56b', 'R', '74711 Ronnie Village', '64845-4346', 'Rogahnshire', 'San Marino');
INSERT INTO CUSTOMERS (id, first_name, last_name) values ('6f180b61-2ad1-4ff4-af44-065dff07e68b', 'Vernia', 'Koss');
INSERT INTO CUSTOMER_IDENTIFIERS (customer_id, identifier_id, identifier_value) values ('6f180b61-2ad1-4ff4-af44-065dff07e68b', 103, '998-237-45-61');
INSERT INTO CUSTOMER_ADDRESSES (address_id, customer_id, address_type, street_address, zip_code, city, country) values ('ac96ca8f-d010-43a4-9230-d896637cf1b9', '6f180b61-2ad1-4ff4-af44-065dff07e68b', 'R', '45354 Fae Street', '36203-9990', 'Lake Mellisa', 'Sierra Leone');
INSERT INTO CUSTOMERS (id, first_name, last_name) values ('209dd3c8-2d1e-4586-b589-2a47b2d88c92', 'Ambrose', 'Hilll');
INSERT INTO CUSTOMER_IDENTIFIERS (customer_id, identifier_id, identifier_value) values ('209dd3c8-2d1e-4586-b589-2a47b2d88c92', 101, '45302276849');
INSERT INTO CUSTOMER_IDENTIFIERS (customer_id, identifier_id, identifier_value) values ('209dd3c8-2d1e-4586-b589-2a47b2d88c92', 102, '789583096');
INSERT INTO CUSTOMER_ADDRESSES (address_id, customer_id, address_type, street_address, zip_code, city, country) values ('2de0f7ae-0696-4cc4-802c-c22f83781f1c', '209dd3c8-2d1e-4586-b589-2a47b2d88c92', 'R', '1352 Freeman River', '01654-0572', 'Rayfort', 'Venezuela');
INSERT INTO CUSTOMER_ADDRESSES (address_id, customer_id, address_type, street_address, zip_code, city, country) values ('61c4c047-319c-4e15-8efa-76468f94a697', '209dd3c8-2d1e-4586-b589-2a47b2d88c92', 'M', '53534 Hand Cliffs', '89951', 'North Ricki', 'Central African Republic');
INSERT INTO CUSTOMERS (id, first_name, last_name) values ('445dd8b6-e297-41b9-872b-0210fbc002ef', 'Lazaro', 'Miller');
INSERT INTO CUSTOMER_IDENTIFIERS (customer_id, identifier_id, identifier_value) values ('445dd8b6-e297-41b9-872b-0210fbc002ef', 101, '76374574038');
INSERT INTO CUSTOMER_IDENTIFIERS (customer_id, identifier_id, identifier_value) values ('445dd8b6-e297-41b9-872b-0210fbc002ef', 103, '728-213-25-54');
INSERT INTO CUSTOMER_ADDRESSES (address_id, customer_id, address_type, street_address, zip_code, city, country) values ('10a7f6b6-e4c3-43c5-9a7a-413085736fa1', '445dd8b6-e297-41b9-872b-0210fbc002ef', 'R', '0590 Friesen Meadows', '45983', 'Gutmannview', 'Tonga');
INSERT INTO CUSTOMERS (id, first_name, last_name) values ('117525b6-ba41-4deb-afee-495e3d5fbaa5', 'Esteban', 'Koepp');
INSERT INTO CUSTOMER_IDENTIFIERS (customer_id, identifier_id, identifier_value) values ('117525b6-ba41-4deb-afee-495e3d5fbaa5', 102, '006002029');
INSERT INTO CUSTOMER_IDENTIFIERS (customer_id, identifier_id, identifier_value) values ('117525b6-ba41-4deb-afee-495e3d5fbaa5', 103, '983-218-97-97');
INSERT INTO CUSTOMER_ADDRESSES (address_id, customer_id, address_type, street_address, zip_code, city, country) values ('4888f876-4213-4319-b20c-8c0d0510b66a', '117525b6-ba41-4deb-afee-495e3d5fbaa5', 'R', '013 Cristine Mount', '56106', 'Port Geoffrey', 'Mongolia');
INSERT INTO CUSTOMER_ADDRESSES (address_id, customer_id, address_type, street_address, zip_code, city, country) values ('a13155ff-eb81-47ee-8e8e-0a08eb5d2070', '117525b6-ba41-4deb-afee-495e3d5fbaa5', 'M', '2320 Emanuel Stream', '59084', 'Dickinsonberg', 'Lithuania');
INSERT INTO CUSTOMERS (id, first_name, last_name) values ('834c0589-9624-4213-ba87-b5509aba33fc', 'Rodrick', 'Grady');
INSERT INTO CUSTOMER_IDENTIFIERS (customer_id, identifier_id, identifier_value) values ('834c0589-9624-4213-ba87-b5509aba33fc', 101, '92131555654');
INSERT INTO CUSTOMER_ADDRESSES (address_id, customer_id, address_type, street_address, zip_code, city, country) values ('05702c1b-5d35-418e-a2c9-cbf7057a6af5', '834c0589-9624-4213-ba87-b5509aba33fc', 'R', '7254 Tromp Manors', '59899', 'Paucekberg', 'Nigeria');
INSERT INTO CUSTOMERS (id, first_name, last_name) values ('1ed7a723-311e-46f4-8694-106480297bc6', 'Elroy', 'Parisian');
INSERT INTO CUSTOMER_IDENTIFIERS (customer_id, identifier_id, identifier_value) values ('1ed7a723-311e-46f4-8694-106480297bc6', 102, '678460981');
INSERT INTO CUSTOMER_IDENTIFIERS (customer_id, identifier_id, identifier_value) values ('1ed7a723-311e-46f4-8694-106480297bc6', 103, '292-118-61-27');
INSERT INTO CUSTOMER_ADDRESSES (address_id, customer_id, address_type, street_address, zip_code, city, country) values ('08578ff1-6e4d-4748-9ffd-e304e34a793c', '1ed7a723-311e-46f4-8694-106480297bc6', 'R', '130 Darrin Garden', '00891-4737', 'Minhstad', 'Finland');
INSERT INTO CUSTOMERS (id, first_name, last_name) values ('07ed783e-17d2-405b-8170-c94559f440be', 'Devon', 'Herman');
INSERT INTO CUSTOMER_IDENTIFIERS (customer_id, identifier_id, identifier_value) values ('07ed783e-17d2-405b-8170-c94559f440be', 101, '77191423367');
INSERT INTO CUSTOMER_IDENTIFIERS (customer_id, identifier_id, identifier_value) values ('07ed783e-17d2-405b-8170-c94559f440be', 103, '773-771-49-07');
INSERT INTO CUSTOMER_ADDRESSES (address_id, customer_id, address_type, street_address, zip_code, city, country) values ('d1fcd48c-7f14-4235-ac82-27acabfeb591', '07ed783e-17d2-405b-8170-c94559f440be', 'R', '87141 Courtney Roads', '37314-7015', 'Magalyborough', 'Denmark');
INSERT INTO CUSTOMERS (id, first_name, last_name) values ('b887aeec-5b6e-4571-bc9e-1b37dc5c7e0e', 'Dino', 'Heller');
INSERT INTO CUSTOMER_IDENTIFIERS (customer_id, identifier_id, identifier_value) values ('b887aeec-5b6e-4571-bc9e-1b37dc5c7e0e', 101, '42585548689');
INSERT INTO CUSTOMER_IDENTIFIERS (customer_id, identifier_id, identifier_value) values ('b887aeec-5b6e-4571-bc9e-1b37dc5c7e0e', 103, '543-932-89-40');
INSERT INTO CUSTOMER_ADDRESSES (address_id, customer_id, address_type, street_address, zip_code, city, country) values ('9194a12e-4134-4575-8f9f-b783cbfc3e66', 'b887aeec-5b6e-4571-bc9e-1b37dc5c7e0e', 'R', '6860 Wiegand Gateway', '70145-5838', 'Fayhaven', 'Peru');
INSERT INTO CUSTOMER_ADDRESSES (address_id, customer_id, address_type, street_address, zip_code, city, country) values ('7186f6c8-7276-4095-9c26-c7ceb318310e', 'b887aeec-5b6e-4571-bc9e-1b37dc5c7e0e', 'M', '3760 Bashirian Glen', '57124', 'Adalbertoland', 'Congo');
INSERT INTO CUSTOMERS (id, first_name, last_name) values ('b206abae-f4b3-4cf8-a98f-2592dbf9dd75', 'Jarvis', 'Dooley');
INSERT INTO CUSTOMER_IDENTIFIERS (customer_id, identifier_id, identifier_value) values ('b206abae-f4b3-4cf8-a98f-2592dbf9dd75', 101, '45990881370');
INSERT INTO CUSTOMER_ADDRESSES (address_id, customer_id, address_type, street_address, zip_code, city, country) values ('8ae7720f-2a9a-4d25-af0b-19bf647a9f54', 'b206abae-f4b3-4cf8-a98f-2592dbf9dd75', 'R', '04054 Huels Spring', '52390', 'East Letaberg', 'Luxembourg');
INSERT INTO CUSTOMERS (id, first_name, last_name) values ('ad688c1c-ddea-4dbd-a73a-f34102d77f5e', 'Wendie', 'Schmitt');
INSERT INTO CUSTOMER_IDENTIFIERS (customer_id, identifier_id, identifier_value) values ('ad688c1c-ddea-4dbd-a73a-f34102d77f5e', 102, '532985583');
INSERT INTO CUSTOMER_ADDRESSES (address_id, customer_id, address_type, street_address, zip_code, city, country) values ('35dfccd5-acba-4f6b-8cad-a044b7dacb59', 'ad688c1c-ddea-4dbd-a73a-f34102d77f5e', 'R', '172 Jerome Mill', '49729', 'Lake Von', 'Bosnia and Herzegovina');
INSERT INTO CUSTOMERS (id, first_name, last_name) values ('24fd5537-f0ad-4b71-9bce-58d1f44b292d', 'Kenisha', 'Parisian');
INSERT INTO CUSTOMER_IDENTIFIERS (customer_id, identifier_id, identifier_value) values ('24fd5537-f0ad-4b71-9bce-58d1f44b292d', 102, '038455743');
INSERT INTO CUSTOMER_ADDRESSES (address_id, customer_id, address_type, street_address, zip_code, city, country) values ('0e6413e5-20f8-4aff-ba3b-fcc36b932719', '24fd5537-f0ad-4b71-9bce-58d1f44b292d', 'R', '58638 Hansen Way', '33429-3500', 'West Evanview', 'Finland');
INSERT INTO CUSTOMERS (id, first_name, last_name) values ('615ddbe3-d919-467f-a880-e5bb55995295', 'Bennett', 'Crist');
INSERT INTO CUSTOMER_IDENTIFIERS (customer_id, identifier_id, identifier_value) values ('615ddbe3-d919-467f-a880-e5bb55995295', 102, '031144220');
INSERT INTO CUSTOMER_ADDRESSES (address_id, customer_id, address_type, street_address, zip_code, city, country) values ('b312c469-e63c-4edb-b900-e753bfe805c4', '615ddbe3-d919-467f-a880-e5bb55995295', 'R', '4402 Hilll Parks', '46558-2952', 'Latiaton', 'Kuwait');
INSERT INTO CUSTOMERS (id, first_name, last_name) values ('6db48335-99d6-4bb8-8aab-1f026c8ab2a3', 'Errol', 'Feest');
INSERT INTO CUSTOMER_IDENTIFIERS (customer_id, identifier_id, identifier_value) values ('6db48335-99d6-4bb8-8aab-1f026c8ab2a3', 102, '723664565');
INSERT INTO CUSTOMER_IDENTIFIERS (customer_id, identifier_id, identifier_value) values ('6db48335-99d6-4bb8-8aab-1f026c8ab2a3', 103, '970-123-35-76');
INSERT INTO CUSTOMER_ADDRESSES (address_id, customer_id, address_type, street_address, zip_code, city, country) values ('d3471f2a-8f56-4e64-ad54-ad90036e0db5', '6db48335-99d6-4bb8-8aab-1f026c8ab2a3', 'R', '02641 McKenzie Bridge', '90735-5370', 'East Shiela', 'Dominican Republic');
INSERT INTO CUSTOMER_ADDRESSES (address_id, customer_id, address_type, street_address, zip_code, city, country) values ('f4ca972c-9852-4b61-88c0-39fb005b40e7', '6db48335-99d6-4bb8-8aab-1f026c8ab2a3', 'M', '0757 Fritsch Ville', '95229-3043', 'Wuckertstad', 'Nauru');
INSERT INTO CUSTOMERS (id, first_name, last_name) values ('2050af71-30f7-4d6e-b8c7-eb4eba357a2d', 'Roger', 'Hessel');
INSERT INTO CUSTOMER_IDENTIFIERS (customer_id, identifier_id, identifier_value) values ('2050af71-30f7-4d6e-b8c7-eb4eba357a2d', 103, '395-095-21-66');
INSERT INTO CUSTOMER_ADDRESSES (address_id, customer_id, address_type, street_address, zip_code, city, country) values ('732f3176-e6cc-4e52-9d12-99e704f13a8e', '2050af71-30f7-4d6e-b8c7-eb4eba357a2d', 'R', '41008 Leonora Fall', '03392-9267', 'Marlinbury', 'Bangladesh');
INSERT INTO CUSTOMERS (id, first_name, last_name) values ('205aec17-1356-46c5-b5e0-603d50dae64f', 'Kristopher', 'Hills');
INSERT INTO CUSTOMER_IDENTIFIERS (customer_id, identifier_id, identifier_value) values ('205aec17-1356-46c5-b5e0-603d50dae64f', 101, '87045594066');
INSERT INTO CUSTOMER_IDENTIFIERS (customer_id, identifier_id, identifier_value) values ('205aec17-1356-46c5-b5e0-603d50dae64f', 102, '092258077');
INSERT INTO CUSTOMER_IDENTIFIERS (customer_id, identifier_id, identifier_value) values ('205aec17-1356-46c5-b5e0-603d50dae64f', 103, '118-245-56-04');
INSERT INTO CUSTOMER_ADDRESSES (address_id, customer_id, address_type, street_address, zip_code, city, country) values ('5249387f-44a8-4561-9070-9a8c8223074c', '205aec17-1356-46c5-b5e0-603d50dae64f', 'R', '902 Sauer View', '17335', 'North Andreasshire', 'Tunisia');
INSERT INTO CUSTOMER_ADDRESSES (address_id, customer_id, address_type, street_address, zip_code, city, country) values ('6ac2c599-ec53-4570-b8b3-741638124622', '205aec17-1356-46c5-b5e0-603d50dae64f', 'M', '59821 Marcell Extension', '99630', 'East Despinastad', 'Guinea-Bissau');
INSERT INTO CUSTOMERS (id, first_name, last_name) values ('853165bd-5510-4175-ac57-75bfcd59f161', 'Reed', 'Koch');
INSERT INTO CUSTOMER_IDENTIFIERS (customer_id, identifier_id, identifier_value) values ('853165bd-5510-4175-ac57-75bfcd59f161', 101, '82148492042');
INSERT INTO CUSTOMER_IDENTIFIERS (customer_id, identifier_id, identifier_value) values ('853165bd-5510-4175-ac57-75bfcd59f161', 102, '270049640');
INSERT INTO CUSTOMER_ADDRESSES (address_id, customer_id, address_type, street_address, zip_code, city, country) values ('d9bcb289-2191-42cb-ba20-1e3a79503919', '853165bd-5510-4175-ac57-75bfcd59f161', 'R', '064 Cole Fork', '71627', 'Lake Sharon', 'French Polynesia');
INSERT INTO CUSTOMER_ADDRESSES (address_id, customer_id, address_type, street_address, zip_code, city, country) values ('d21f0365-a96f-44fc-8da5-979b9cb2279b', '853165bd-5510-4175-ac57-75bfcd59f161', 'M', '9966 Howell Club', '38342', 'Heidenreichbury', 'Israel');
INSERT INTO CUSTOMERS (id, first_name, last_name) values ('5d294763-1eda-462b-a3e5-5b329acef240', 'Hassan', 'Kuhlman');
INSERT INTO CUSTOMER_IDENTIFIERS (customer_id, identifier_id, identifier_value) values ('5d294763-1eda-462b-a3e5-5b329acef240', 101, '24071131117');
INSERT INTO CUSTOMER_IDENTIFIERS (customer_id, identifier_id, identifier_value) values ('5d294763-1eda-462b-a3e5-5b329acef240', 103, '850-624-61-87');
INSERT INTO CUSTOMER_ADDRESSES (address_id, customer_id, address_type, street_address, zip_code, city, country) values ('56501a2f-38e1-4adc-8fec-0a979ae40a7f', '5d294763-1eda-462b-a3e5-5b329acef240', 'R', '946 Elmer Flat', '77441-2841', 'North Collin', 'Turkey');
INSERT INTO CUSTOMERS (id, first_name, last_name) values ('f11ac50a-d512-4936-a042-d35e6738629f', 'Sung', 'Mohr');
INSERT INTO CUSTOMER_IDENTIFIERS (customer_id, identifier_id, identifier_value) values ('f11ac50a-d512-4936-a042-d35e6738629f', 101, '32926790702');
INSERT INTO CUSTOMER_IDENTIFIERS (customer_id, identifier_id, identifier_value) values ('f11ac50a-d512-4936-a042-d35e6738629f', 102, '319679575');
INSERT INTO CUSTOMER_ADDRESSES (address_id, customer_id, address_type, street_address, zip_code, city, country) values ('15a3f74b-f8c1-45ad-9c71-33afbe634d7b', 'f11ac50a-d512-4936-a042-d35e6738629f', 'R', '43397 Dominick Fords', '53660', 'South Hosea', 'Uruguay');
INSERT INTO CUSTOMERS (id, first_name, last_name) values ('52f695f9-f256-44b6-9a3c-ea2675dd3f95', 'Virgilio', 'Bahringer');
INSERT INTO CUSTOMER_IDENTIFIERS (customer_id, identifier_id, identifier_value) values ('52f695f9-f256-44b6-9a3c-ea2675dd3f95', 101, '71299385794');
INSERT INTO CUSTOMER_IDENTIFIERS (customer_id, identifier_id, identifier_value) values ('52f695f9-f256-44b6-9a3c-ea2675dd3f95', 102, '377320023');
INSERT INTO CUSTOMER_ADDRESSES (address_id, customer_id, address_type, street_address, zip_code, city, country) values ('2ba96481-7c61-4db4-b4e0-6ae3b7c85461', '52f695f9-f256-44b6-9a3c-ea2675dd3f95', 'R', '971 Ward Haven', '59095', 'North Providencia', 'Angola');
INSERT INTO CUSTOMERS (id, first_name, last_name) values ('3e63686c-71b3-4645-8d4a-81a86a79239e', 'Ted', 'Rohan');
INSERT INTO CUSTOMER_IDENTIFIERS (customer_id, identifier_id, identifier_value) values ('3e63686c-71b3-4645-8d4a-81a86a79239e', 101, '46235761377');
INSERT INTO CUSTOMER_ADDRESSES (address_id, customer_id, address_type, street_address, zip_code, city, country) values ('6d066053-7ec5-4b69-919d-f676fa6dd440', '3e63686c-71b3-4645-8d4a-81a86a79239e', 'R', '516 Bud Via', '78170', 'North Elabury', 'Argentina');
INSERT INTO CUSTOMERS (id, first_name, last_name) values ('1e2ca93e-6eae-47bf-872e-37779faf7835', 'Rona', 'Johnston');
INSERT INTO CUSTOMER_IDENTIFIERS (customer_id, identifier_id, identifier_value) values ('1e2ca93e-6eae-47bf-872e-37779faf7835', 101, '83246196983');
INSERT INTO CUSTOMER_IDENTIFIERS (customer_id, identifier_id, identifier_value) values ('1e2ca93e-6eae-47bf-872e-37779faf7835', 102, '732488487');
INSERT INTO CUSTOMER_IDENTIFIERS (customer_id, identifier_id, identifier_value) values ('1e2ca93e-6eae-47bf-872e-37779faf7835', 103, '818-078-67-26');
INSERT INTO CUSTOMER_ADDRESSES (address_id, customer_id, address_type, street_address, zip_code, city, country) values ('d13809e9-659a-4884-bead-727da9476825', '1e2ca93e-6eae-47bf-872e-37779faf7835', 'R', '42945 Allen Forges', '84376', 'New Jamalmouth', 'Australia');
INSERT INTO CUSTOMERS (id, first_name, last_name) values ('5e10b392-ce46-4b27-b493-290a3b1f3008', 'Hyun', 'Mante');
INSERT INTO CUSTOMER_IDENTIFIERS (customer_id, identifier_id, identifier_value) values ('5e10b392-ce46-4b27-b493-290a3b1f3008', 102, '496450711');
INSERT INTO CUSTOMER_IDENTIFIERS (customer_id, identifier_id, identifier_value) values ('5e10b392-ce46-4b27-b493-290a3b1f3008', 103, '921-707-05-39');
INSERT INTO CUSTOMER_ADDRESSES (address_id, customer_id, address_type, street_address, zip_code, city, country) values ('cea4f57b-45ea-46e8-8482-df26127a4886', '5e10b392-ce46-4b27-b493-290a3b1f3008', 'R', '36783 Weissnat Loop', '51179-0965', 'Port Syble', 'Saint Kitts and Nevis');
INSERT INTO CUSTOMERS (id, first_name, last_name) values ('32b1539d-a308-499d-9d43-62afeff57aac', 'Cliff', 'Sanford');
INSERT INTO CUSTOMER_IDENTIFIERS (customer_id, identifier_id, identifier_value) values ('32b1539d-a308-499d-9d43-62afeff57aac', 101, '64368894794');
INSERT INTO CUSTOMER_IDENTIFIERS (customer_id, identifier_id, identifier_value) values ('32b1539d-a308-499d-9d43-62afeff57aac', 103, '982-859-52-04');
INSERT INTO CUSTOMER_ADDRESSES (address_id, customer_id, address_type, street_address, zip_code, city, country) values ('7dc8cc09-e09f-49bb-8787-42b8cda6e080', '32b1539d-a308-499d-9d43-62afeff57aac', 'R', '382 Mel Terrace', '05348-8294', 'McCulloughport', 'Indonesia');
INSERT INTO CUSTOMERS (id, first_name, last_name) values ('e6298607-48eb-4964-a166-b54ca6bc363c', 'Chet', 'Borer');
INSERT INTO CUSTOMER_IDENTIFIERS (customer_id, identifier_id, identifier_value) values ('e6298607-48eb-4964-a166-b54ca6bc363c', 101, '81948430195');
INSERT INTO CUSTOMER_IDENTIFIERS (customer_id, identifier_id, identifier_value) values ('e6298607-48eb-4964-a166-b54ca6bc363c', 103, '648-346-52-64');
INSERT INTO CUSTOMER_ADDRESSES (address_id, customer_id, address_type, street_address, zip_code, city, country) values ('ec746773-23c1-444f-a4fe-6de3c6dc9753', 'e6298607-48eb-4964-a166-b54ca6bc363c', 'R', '4816 Ondricka Ranch', '34371-5180', 'Adamsport', 'South Africa');
INSERT INTO CUSTOMERS (id, first_name, last_name) values ('d923671a-fc39-471a-9fea-b22c02260e9f', 'Gilberte', 'Wisozk');
INSERT INTO CUSTOMER_IDENTIFIERS (customer_id, identifier_id, identifier_value) values ('d923671a-fc39-471a-9fea-b22c02260e9f', 101, '92007769881');
INSERT INTO CUSTOMER_IDENTIFIERS (customer_id, identifier_id, identifier_value) values ('d923671a-fc39-471a-9fea-b22c02260e9f', 103, '899-584-26-71');
INSERT INTO CUSTOMER_ADDRESSES (address_id, customer_id, address_type, street_address, zip_code, city, country) values ('3dac2437-0cae-4b8a-9373-e9547fd5f6dc', 'd923671a-fc39-471a-9fea-b22c02260e9f', 'R', '483 Langworth Manors', '89429-9840', 'New Ronnie', 'Niue');
INSERT INTO CUSTOMERS (id, first_name, last_name) values ('de7101ca-be99-487a-a042-99b5f9179566', 'Karolyn', 'Schamberger');
INSERT INTO CUSTOMER_IDENTIFIERS (customer_id, identifier_id, identifier_value) values ('de7101ca-be99-487a-a042-99b5f9179566', 101, '04805984086');
INSERT INTO CUSTOMER_IDENTIFIERS (customer_id, identifier_id, identifier_value) values ('de7101ca-be99-487a-a042-99b5f9179566', 102, '247745722');
INSERT INTO CUSTOMER_ADDRESSES (address_id, customer_id, address_type, street_address, zip_code, city, country) values ('f898224f-fc6f-4f3d-b9c2-346ca31ac344', 'de7101ca-be99-487a-a042-99b5f9179566', 'R', '73900 Gorczany Knolls', '07231', 'North Christineview', 'Palau');
INSERT INTO CUSTOMERS (id, first_name, last_name) values ('27d5e9d5-c535-40a7-9fb8-a5bbadd4401f', 'Dominick', 'Schuppe');
INSERT INTO CUSTOMER_IDENTIFIERS (customer_id, identifier_id, identifier_value) values ('27d5e9d5-c535-40a7-9fb8-a5bbadd4401f', 101, '91635883132');
INSERT INTO CUSTOMER_IDENTIFIERS (customer_id, identifier_id, identifier_value) values ('27d5e9d5-c535-40a7-9fb8-a5bbadd4401f', 102, '179694306');
INSERT INTO CUSTOMER_ADDRESSES (address_id, customer_id, address_type, street_address, zip_code, city, country) values ('b244f70e-fe78-4e3c-8499-5299a5e17451', '27d5e9d5-c535-40a7-9fb8-a5bbadd4401f', 'R', '666 Ola Lane', '58292-4582', 'Vitofurt', 'Ecuador');
INSERT INTO CUSTOMER_ADDRESSES (address_id, customer_id, address_type, street_address, zip_code, city, country) values ('929e6ce4-4d65-4e0d-a1db-1f321ffe4171', '27d5e9d5-c535-40a7-9fb8-a5bbadd4401f', 'M', '663 Rosaria Ville', '00445-6537', 'Kuhicport', 'Haiti');
INSERT INTO CUSTOMERS (id, first_name, last_name) values ('32e7379a-9759-426c-b09d-a769a65151ee', 'Richie', 'Lang');
INSERT INTO CUSTOMER_IDENTIFIERS (customer_id, identifier_id, identifier_value) values ('32e7379a-9759-426c-b09d-a769a65151ee', 103, '615-219-67-04');
INSERT INTO CUSTOMER_ADDRESSES (address_id, customer_id, address_type, street_address, zip_code, city, country) values ('65f8bce2-8dc3-42aa-9554-57af089243ca', '32e7379a-9759-426c-b09d-a769a65151ee', 'R', '6483 Jacob Mountains', '03003-0586', 'Lake Brookton', 'Italy');
INSERT INTO CUSTOMER_ADDRESSES (address_id, customer_id, address_type, street_address, zip_code, city, country) values ('0a00d106-ddb5-429c-b322-412c3c6e6e3f', '32e7379a-9759-426c-b09d-a769a65151ee', 'M', '677 Cremin Lane', '06470-2768', 'Klingchester', 'New Zealand');
INSERT INTO CUSTOMERS (id, first_name, last_name) values ('e52bee2f-a8eb-4e1e-9359-854098ee9074', 'Micheal', 'Schultz');
INSERT INTO CUSTOMER_IDENTIFIERS (customer_id, identifier_id, identifier_value) values ('e52bee2f-a8eb-4e1e-9359-854098ee9074', 103, '927-087-30-91');
INSERT INTO CUSTOMER_ADDRESSES (address_id, customer_id, address_type, street_address, zip_code, city, country) values ('e1495b74-4ff2-4200-b2f6-1195951c4b9d', 'e52bee2f-a8eb-4e1e-9359-854098ee9074', 'R', '917 Cordell Mission', '96552-0249', 'Port Erich', 'Equatorial Guinea');
INSERT INTO CUSTOMERS (id, first_name, last_name) values ('0a8ebb42-aa84-4803-a666-dbebbbd7958b', 'Zack', 'Wiza');
INSERT INTO CUSTOMER_IDENTIFIERS (customer_id, identifier_id, identifier_value) values ('0a8ebb42-aa84-4803-a666-dbebbbd7958b', 103, '287-389-98-51');
INSERT INTO CUSTOMER_ADDRESSES (address_id, customer_id, address_type, street_address, zip_code, city, country) values ('9fbb7a6a-1d43-4020-b0d1-83612bf52724', '0a8ebb42-aa84-4803-a666-dbebbbd7958b', 'R', '4896 India Pines', '61521-5080', 'Schultzborough', 'Sweden');
INSERT INTO CUSTOMERS (id, first_name, last_name) values ('ef7e19f3-54bb-4793-bbb1-e0025cfc15e4', 'Garry', 'Langworth');
INSERT INTO CUSTOMER_IDENTIFIERS (customer_id, identifier_id, identifier_value) values ('ef7e19f3-54bb-4793-bbb1-e0025cfc15e4', 102, '009462803');
INSERT INTO CUSTOMER_ADDRESSES (address_id, customer_id, address_type, street_address, zip_code, city, country) values ('1590c872-0476-4627-9f45-2a8a6b68b159', 'ef7e19f3-54bb-4793-bbb1-e0025cfc15e4', 'R', '0538 Kymberly Islands', '18233-3707', 'Abbottside', 'Tonga');
INSERT INTO CUSTOMERS (id, first_name, last_name) values ('485faaab-3f6f-4499-8511-b107376fb3e6', 'Derek', 'Harris');
INSERT INTO CUSTOMER_IDENTIFIERS (customer_id, identifier_id, identifier_value) values ('485faaab-3f6f-4499-8511-b107376fb3e6', 101, '23962250453');
INSERT INTO CUSTOMER_IDENTIFIERS (customer_id, identifier_id, identifier_value) values ('485faaab-3f6f-4499-8511-b107376fb3e6', 102, '780713793');
INSERT INTO CUSTOMER_ADDRESSES (address_id, customer_id, address_type, street_address, zip_code, city, country) values ('0e0d2077-7bde-4c97-b375-05254d4c47ec', '485faaab-3f6f-4499-8511-b107376fb3e6', 'R', '6296 Kris Parks', '16481', 'West Cristahaven', 'Saint Helena');
INSERT INTO CUSTOMER_ADDRESSES (address_id, customer_id, address_type, street_address, zip_code, city, country) values ('cafb6422-afe9-4fee-a395-dc4a1269db7c', '485faaab-3f6f-4499-8511-b107376fb3e6', 'M', '222 Dong Keys', '20254-8111', 'Dickensmouth', 'South Georgia and the South Sandwich Islands');
INSERT INTO CUSTOMERS (id, first_name, last_name) values ('2070a450-065d-46ea-93b4-3b07e1ccdf9e', 'Estela', 'Pouros');
INSERT INTO CUSTOMER_IDENTIFIERS (customer_id, identifier_id, identifier_value) values ('2070a450-065d-46ea-93b4-3b07e1ccdf9e', 101, '13654038619');
INSERT INTO CUSTOMER_IDENTIFIERS (customer_id, identifier_id, identifier_value) values ('2070a450-065d-46ea-93b4-3b07e1ccdf9e', 102, '020783575');
INSERT INTO CUSTOMER_ADDRESSES (address_id, customer_id, address_type, street_address, zip_code, city, country) values ('cb17275a-fd03-4580-a162-4c67a395cc0d', '2070a450-065d-46ea-93b4-3b07e1ccdf9e', 'R', '5033 Benito Hollow', '13341', 'Tillmanburgh', 'Eritrea');
INSERT INTO CUSTOMER_ADDRESSES (address_id, customer_id, address_type, street_address, zip_code, city, country) values ('98f9d03d-d88b-44a8-a8cd-7c724c37516d', '2070a450-065d-46ea-93b4-3b07e1ccdf9e', 'M', '0130 Leandro Plaza', '96012-1247', 'Allanland', 'India');
INSERT INTO CUSTOMERS (id, first_name, last_name) values ('65612343-d1fd-432a-ba92-93ef4b711dfe', 'Douglas', 'Kihn');
INSERT INTO CUSTOMER_IDENTIFIERS (customer_id, identifier_id, identifier_value) values ('65612343-d1fd-432a-ba92-93ef4b711dfe', 102, '202196403');
INSERT INTO CUSTOMER_IDENTIFIERS (customer_id, identifier_id, identifier_value) values ('65612343-d1fd-432a-ba92-93ef4b711dfe', 103, '318-969-87-15');
INSERT INTO CUSTOMER_ADDRESSES (address_id, customer_id, address_type, street_address, zip_code, city, country) values ('0b8d8084-bcc5-4fb5-be22-7952cfb9fa9f', '65612343-d1fd-432a-ba92-93ef4b711dfe', 'R', '44444 Shields Meadows', '32617-8265', 'Spinkaton', 'Democratic People''s Republic of Korea');
INSERT INTO CUSTOMER_ADDRESSES (address_id, customer_id, address_type, street_address, zip_code, city, country) values ('575b85a4-613d-4ba8-9919-54295c7104d3', '65612343-d1fd-432a-ba92-93ef4b711dfe', 'M', '564 Beier Stream', '83932-2700', 'Lake Florencemouth', 'Grenada');
INSERT INTO CUSTOMERS (id, first_name, last_name) values ('18eccf21-6854-4d70-aeef-d8c21cb2d01d', 'Chuck', 'Lesch');
INSERT INTO CUSTOMER_IDENTIFIERS (customer_id, identifier_id, identifier_value) values ('18eccf21-6854-4d70-aeef-d8c21cb2d01d', 101, '40643200481');
INSERT INTO CUSTOMER_IDENTIFIERS (customer_id, identifier_id, identifier_value) values ('18eccf21-6854-4d70-aeef-d8c21cb2d01d', 103, '698-728-50-13');
INSERT INTO CUSTOMER_ADDRESSES (address_id, customer_id, address_type, street_address, zip_code, city, country) values ('52947540-deaf-4055-a9fc-8e9e17ad2417', '18eccf21-6854-4d70-aeef-d8c21cb2d01d', 'R', '211 Lehner Square', '86518', 'East Charlieshire', 'Democratic People''s Republic of Korea');
INSERT INTO CUSTOMERS (id, first_name, last_name) values ('f7316538-a616-4c63-bc26-f382f6e3fe7a', 'Belia', 'Bailey');
INSERT INTO CUSTOMER_IDENTIFIERS (customer_id, identifier_id, identifier_value) values ('f7316538-a616-4c63-bc26-f382f6e3fe7a', 102, '251906466');
INSERT INTO CUSTOMER_ADDRESSES (address_id, customer_id, address_type, street_address, zip_code, city, country) values ('a73f3833-2654-4743-a889-c37f1f005ae3', 'f7316538-a616-4c63-bc26-f382f6e3fe7a', 'R', '8087 Hettinger Spur', '14372-9105', 'Johnstonville', 'Gabon');
INSERT INTO CUSTOMERS (id, first_name, last_name) values ('6a793fe5-e7ea-4496-825b-f93b3452ab1c', 'Diedre', 'Fisher');
INSERT INTO CUSTOMER_IDENTIFIERS (customer_id, identifier_id, identifier_value) values ('6a793fe5-e7ea-4496-825b-f93b3452ab1c', 101, '73459540621');
INSERT INTO CUSTOMER_IDENTIFIERS (customer_id, identifier_id, identifier_value) values ('6a793fe5-e7ea-4496-825b-f93b3452ab1c', 102, '137477463');
INSERT INTO CUSTOMER_ADDRESSES (address_id, customer_id, address_type, street_address, zip_code, city, country) values ('7d716474-0960-415b-8576-18b9932cfd82', '6a793fe5-e7ea-4496-825b-f93b3452ab1c', 'R', '333 Reichert Freeway', '90039', 'Nerystad', 'Bangladesh');
INSERT INTO CUSTOMERS (id, first_name, last_name) values ('1d59f6ad-2cc7-4774-b4fa-cc2af1caf124', 'Humberto', 'Schamberger');
INSERT INTO CUSTOMER_IDENTIFIERS (customer_id, identifier_id, identifier_value) values ('1d59f6ad-2cc7-4774-b4fa-cc2af1caf124', 102, '802669107');
INSERT INTO CUSTOMER_IDENTIFIERS (customer_id, identifier_id, identifier_value) values ('1d59f6ad-2cc7-4774-b4fa-cc2af1caf124', 103, '788-141-34-88');
INSERT INTO CUSTOMER_ADDRESSES (address_id, customer_id, address_type, street_address, zip_code, city, country) values ('665384e2-7eae-4a18-ac9a-bfcd4c04100e', '1d59f6ad-2cc7-4774-b4fa-cc2af1caf124', 'R', '72037 Marc Drive', '65203-9924', 'Boyerbury', 'Rwanda');
INSERT INTO CUSTOMERS (id, first_name, last_name) values ('cf38f909-e9a6-41e6-991a-01129f66bc2c', 'Chante', 'Beahan');
INSERT INTO CUSTOMER_IDENTIFIERS (customer_id, identifier_id, identifier_value) values ('cf38f909-e9a6-41e6-991a-01129f66bc2c', 102, '712342131');
INSERT INTO CUSTOMER_ADDRESSES (address_id, customer_id, address_type, street_address, zip_code, city, country) values ('005f1fe0-baa7-4487-b52b-5dfac0d2ca07', 'cf38f909-e9a6-41e6-991a-01129f66bc2c', 'R', '579 Nguyet Mount', '68636', 'West Lindseyfurt', 'American Samoa');
INSERT INTO CUSTOMERS (id, first_name, last_name) values ('cdce95e4-f673-45b1-b953-00aab9d625ee', 'Merle', 'Predovic');
INSERT INTO CUSTOMER_IDENTIFIERS (customer_id, identifier_id, identifier_value) values ('cdce95e4-f673-45b1-b953-00aab9d625ee', 102, '619661692');
INSERT INTO CUSTOMER_IDENTIFIERS (customer_id, identifier_id, identifier_value) values ('cdce95e4-f673-45b1-b953-00aab9d625ee', 103, '063-343-38-95');
INSERT INTO CUSTOMER_ADDRESSES (address_id, customer_id, address_type, street_address, zip_code, city, country) values ('89323c44-5305-441c-9e2c-b22168249c66', 'cdce95e4-f673-45b1-b953-00aab9d625ee', 'R', '685 Schmidt Village', '76492', 'Kingberg', 'Bangladesh');
INSERT INTO CUSTOMER_ADDRESSES (address_id, customer_id, address_type, street_address, zip_code, city, country) values ('5b69ea56-698d-452e-84c9-1bf8b771e232', 'cdce95e4-f673-45b1-b953-00aab9d625ee', 'M', '436 Carola Springs', '16024-4847', 'Lake Johniefurt', 'South Georgia and the South Sandwich Islands');
INSERT INTO CUSTOMERS (id, first_name, last_name) values ('2bf29fe0-34c4-4778-8f41-2ca128579651', 'Gertrud', 'Blanda');
INSERT INTO CUSTOMER_IDENTIFIERS (customer_id, identifier_id, identifier_value) values ('2bf29fe0-34c4-4778-8f41-2ca128579651', 101, '87083585630');
INSERT INTO CUSTOMER_IDENTIFIERS (customer_id, identifier_id, identifier_value) values ('2bf29fe0-34c4-4778-8f41-2ca128579651', 102, '048368027');
INSERT INTO CUSTOMER_IDENTIFIERS (customer_id, identifier_id, identifier_value) values ('2bf29fe0-34c4-4778-8f41-2ca128579651', 103, '432-700-71-01');
INSERT INTO CUSTOMER_ADDRESSES (address_id, customer_id, address_type, street_address, zip_code, city, country) values ('11626d15-74e3-4567-a5e3-af3577671ba4', '2bf29fe0-34c4-4778-8f41-2ca128579651', 'R', '068 Trantow Meadow', '91464', 'Lake Erwin', 'Paraguay');
INSERT INTO CUSTOMERS (id, first_name, last_name) values ('23724102-a2e5-4411-a64e-dce4795c110f', 'Ella', 'Ebert');
INSERT INTO CUSTOMER_IDENTIFIERS (customer_id, identifier_id, identifier_value) values ('23724102-a2e5-4411-a64e-dce4795c110f', 101, '84592651554');
INSERT INTO CUSTOMER_IDENTIFIERS (customer_id, identifier_id, identifier_value) values ('23724102-a2e5-4411-a64e-dce4795c110f', 102, '073035000');
INSERT INTO CUSTOMER_IDENTIFIERS (customer_id, identifier_id, identifier_value) values ('23724102-a2e5-4411-a64e-dce4795c110f', 103, '339-856-54-50');
INSERT INTO CUSTOMER_ADDRESSES (address_id, customer_id, address_type, street_address, zip_code, city, country) values ('ea616e2d-0a59-4b58-90ba-7531da2c5fd7', '23724102-a2e5-4411-a64e-dce4795c110f', 'R', '937 Barry Light', '47541', 'South Isobelmouth', 'Cook Islands');
INSERT INTO CUSTOMERS (id, first_name, last_name) values ('2215563e-2c8e-4d24-9e25-a4b932f30d5e', 'Dionna', 'Spinka');
INSERT INTO CUSTOMER_IDENTIFIERS (customer_id, identifier_id, identifier_value) values ('2215563e-2c8e-4d24-9e25-a4b932f30d5e', 102, '719747649');
INSERT INTO CUSTOMER_IDENTIFIERS (customer_id, identifier_id, identifier_value) values ('2215563e-2c8e-4d24-9e25-a4b932f30d5e', 103, '841-619-47-58');
INSERT INTO CUSTOMER_ADDRESSES (address_id, customer_id, address_type, street_address, zip_code, city, country) values ('d1eb5281-6496-4ebc-b3d7-6cab2ef41d0e', '2215563e-2c8e-4d24-9e25-a4b932f30d5e', 'R', '86842 Joshua Junctions', '10518', 'Greenfelderview', 'Congo');
INSERT INTO CUSTOMERS (id, first_name, last_name) values ('424ec199-6da0-49e2-b637-1fd551cad9a2', 'Rozella', 'Grimes');
INSERT INTO CUSTOMER_IDENTIFIERS (customer_id, identifier_id, identifier_value) values ('424ec199-6da0-49e2-b637-1fd551cad9a2', 101, '30571664120');
INSERT INTO CUSTOMER_IDENTIFIERS (customer_id, identifier_id, identifier_value) values ('424ec199-6da0-49e2-b637-1fd551cad9a2', 102, '876208218');
INSERT INTO CUSTOMER_ADDRESSES (address_id, customer_id, address_type, street_address, zip_code, city, country) values ('e03b70c1-435e-4df2-87ac-3600337daa5e', '424ec199-6da0-49e2-b637-1fd551cad9a2', 'R', '343 Millie Roads', '72993-3834', 'Pennishire', 'Cuba');
INSERT INTO CUSTOMERS (id, first_name, last_name) values ('339f54b5-33c6-4bf2-b454-e427bf068f4e', 'Jenise', 'Parker');
INSERT INTO CUSTOMER_IDENTIFIERS (customer_id, identifier_id, identifier_value) values ('339f54b5-33c6-4bf2-b454-e427bf068f4e', 102, '609118910');
INSERT INTO CUSTOMER_IDENTIFIERS (customer_id, identifier_id, identifier_value) values ('339f54b5-33c6-4bf2-b454-e427bf068f4e', 103, '611-579-43-38');
INSERT INTO CUSTOMER_ADDRESSES (address_id, customer_id, address_type, street_address, zip_code, city, country) values ('89195a88-99d7-4644-be10-1e0bcb2640bb', '339f54b5-33c6-4bf2-b454-e427bf068f4e', 'R', '93620 Ferry Ridges', '07236-0812', 'Roweburgh', 'Australia');
INSERT INTO CUSTOMERS (id, first_name, last_name) values ('1a01f5c6-b32e-486e-a794-b5d3ffb2865b', 'Sabra', 'Crooks');
INSERT INTO CUSTOMER_IDENTIFIERS (customer_id, identifier_id, identifier_value) values ('1a01f5c6-b32e-486e-a794-b5d3ffb2865b', 101, '39016788198');
INSERT INTO CUSTOMER_IDENTIFIERS (customer_id, identifier_id, identifier_value) values ('1a01f5c6-b32e-486e-a794-b5d3ffb2865b', 102, '147530090');
INSERT INTO CUSTOMER_IDENTIFIERS (customer_id, identifier_id, identifier_value) values ('1a01f5c6-b32e-486e-a794-b5d3ffb2865b', 103, '402-413-63-45');
INSERT INTO CUSTOMER_ADDRESSES (address_id, customer_id, address_type, street_address, zip_code, city, country) values ('af3493c3-709b-4742-8dd5-db7414771d9c', '1a01f5c6-b32e-486e-a794-b5d3ffb2865b', 'R', '54755 Schowalter Brooks', '08284', 'Nereidashire', 'Palestinian Territory');
INSERT INTO CUSTOMERS (id, first_name, last_name) values ('2f6c38b5-3e2a-46dc-be7d-c6a764897a80', 'Cliff', 'Watsica');
INSERT INTO CUSTOMER_IDENTIFIERS (customer_id, identifier_id, identifier_value) values ('2f6c38b5-3e2a-46dc-be7d-c6a764897a80', 101, '36752349415');
INSERT INTO CUSTOMER_IDENTIFIERS (customer_id, identifier_id, identifier_value) values ('2f6c38b5-3e2a-46dc-be7d-c6a764897a80', 103, '134-446-38-57');
INSERT INTO CUSTOMER_ADDRESSES (address_id, customer_id, address_type, street_address, zip_code, city, country) values ('cd369ff2-4f05-4f28-bbfb-de7ac587ab72', '2f6c38b5-3e2a-46dc-be7d-c6a764897a80', 'R', '75545 McKenzie Mall', '36855', 'Pierremouth', 'Russian Federation');
INSERT INTO CUSTOMERS (id, first_name, last_name) values ('251c51ee-64f7-47e9-9656-27395279c3d7', 'Aldo', 'Dicki');
INSERT INTO CUSTOMER_IDENTIFIERS (customer_id, identifier_id, identifier_value) values ('251c51ee-64f7-47e9-9656-27395279c3d7', 102, '612840834');
INSERT INTO CUSTOMER_ADDRESSES (address_id, customer_id, address_type, street_address, zip_code, city, country) values ('4b39a20f-3c06-404a-81d1-a23bbb0aba86', '251c51ee-64f7-47e9-9656-27395279c3d7', 'R', '3809 Roberts Parkways', '69178', 'New Angelfurt', 'Ecuador');
INSERT INTO CUSTOMERS (id, first_name, last_name) values ('ae385525-af77-4a2f-8734-a7dba8665546', 'Felipa', 'Gottlieb');
INSERT INTO CUSTOMER_IDENTIFIERS (customer_id, identifier_id, identifier_value) values ('ae385525-af77-4a2f-8734-a7dba8665546', 101, '65880619616');
INSERT INTO CUSTOMER_ADDRESSES (address_id, customer_id, address_type, street_address, zip_code, city, country) values ('ae86253a-da59-46ff-a27e-73f417ab5de2', 'ae385525-af77-4a2f-8734-a7dba8665546', 'R', '9584 Barton Lodge', '46096', 'Oniefort', 'Jamaica');
INSERT INTO CUSTOMERS (id, first_name, last_name) values ('be4e7810-929b-4cbd-a32a-711303ff6275', 'Meredith', 'Dooley');
INSERT INTO CUSTOMER_IDENTIFIERS (customer_id, identifier_id, identifier_value) values ('be4e7810-929b-4cbd-a32a-711303ff6275', 101, '84519717149');
INSERT INTO CUSTOMER_ADDRESSES (address_id, customer_id, address_type, street_address, zip_code, city, country) values ('df72219b-26ec-4dcc-9b76-47f78cf9bab2', 'be4e7810-929b-4cbd-a32a-711303ff6275', 'R', '4214 Russel View', '36918', 'Bednarfurt', 'Venezuela');
INSERT INTO CUSTOMERS (id, first_name, last_name) values ('9422f15d-fed5-4c8a-b205-7769bd1759a0', 'Tyler', 'Champlin');
INSERT INTO CUSTOMER_IDENTIFIERS (customer_id, identifier_id, identifier_value) values ('9422f15d-fed5-4c8a-b205-7769bd1759a0', 103, '993-469-84-20');
INSERT INTO CUSTOMER_ADDRESSES (address_id, customer_id, address_type, street_address, zip_code, city, country) values ('df7dc99d-01eb-4db7-876f-c113bb7bed32', '9422f15d-fed5-4c8a-b205-7769bd1759a0', 'R', '6686 Johns Shore', '57209-3435', 'Bryanborough', 'Greece');
INSERT INTO CUSTOMER_ADDRESSES (address_id, customer_id, address_type, street_address, zip_code, city, country) values ('a4f564a9-2e9d-4e82-9ee1-b884fe97da69', '9422f15d-fed5-4c8a-b205-7769bd1759a0', 'M', '18829 Maren Haven', '19377-2242', 'Port Al', 'Nigeria');
INSERT INTO CUSTOMERS (id, first_name, last_name) values ('df24501c-36b5-4d07-88b1-e05927899f2f', 'Oliver', 'Wilderman');
INSERT INTO CUSTOMER_IDENTIFIERS (customer_id, identifier_id, identifier_value) values ('df24501c-36b5-4d07-88b1-e05927899f2f', 102, '179323820');
INSERT INTO CUSTOMER_IDENTIFIERS (customer_id, identifier_id, identifier_value) values ('df24501c-36b5-4d07-88b1-e05927899f2f', 103, '038-762-62-16');
INSERT INTO CUSTOMER_ADDRESSES (address_id, customer_id, address_type, street_address, zip_code, city, country) values ('8297c5e3-de99-4dfd-98ff-bdacbb0f5f6f', 'df24501c-36b5-4d07-88b1-e05927899f2f', 'R', '8049 Solomon Mountains', '60863', 'Port Pington', 'Rwanda');
INSERT INTO CUSTOMERS (id, first_name, last_name) values ('20093429-8a69-4372-a76e-89ffb8f46c00', 'Celia', 'Kassulke');
INSERT INTO CUSTOMER_IDENTIFIERS (customer_id, identifier_id, identifier_value) values ('20093429-8a69-4372-a76e-89ffb8f46c00', 101, '84955044843');
INSERT INTO CUSTOMER_IDENTIFIERS (customer_id, identifier_id, identifier_value) values ('20093429-8a69-4372-a76e-89ffb8f46c00', 102, '573449922');
INSERT INTO CUSTOMER_IDENTIFIERS (customer_id, identifier_id, identifier_value) values ('20093429-8a69-4372-a76e-89ffb8f46c00', 103, '016-723-04-84');
INSERT INTO CUSTOMER_ADDRESSES (address_id, customer_id, address_type, street_address, zip_code, city, country) values ('62ae7096-6a75-48cf-a251-06f5fbfb1159', '20093429-8a69-4372-a76e-89ffb8f46c00', 'R', '1457 Mckinley Point', '83842-7335', 'Port Tifanyside', 'Austria');
INSERT INTO CUSTOMERS (id, first_name, last_name) values ('583405e9-cdd5-4e40-92af-ff84e0434925', 'Tanner', 'Schimmel');
INSERT INTO CUSTOMER_IDENTIFIERS (customer_id, identifier_id, identifier_value) values ('583405e9-cdd5-4e40-92af-ff84e0434925', 102, '249811074');
INSERT INTO CUSTOMER_IDENTIFIERS (customer_id, identifier_id, identifier_value) values ('583405e9-cdd5-4e40-92af-ff84e0434925', 103, '394-359-97-97');
INSERT INTO CUSTOMER_ADDRESSES (address_id, customer_id, address_type, street_address, zip_code, city, country) values ('a6486665-95aa-4045-9567-707982b16b8d', '583405e9-cdd5-4e40-92af-ff84e0434925', 'R', '81835 Yundt Square', '04943', 'North Dominickside', 'Bulgaria');
INSERT INTO CUSTOMER_ADDRESSES (address_id, customer_id, address_type, street_address, zip_code, city, country) values ('810f697f-279d-41cd-9e29-5fe61e03bfa9', '583405e9-cdd5-4e40-92af-ff84e0434925', 'M', '06038 Melvin Groves', '38004-9832', 'Bayerport', 'Democratic People''s Republic of Korea');
INSERT INTO CUSTOMERS (id, first_name, last_name) values ('e120d379-3f3b-4da8-bf04-d785c9ed8663', 'Shelton', 'Langosh');
INSERT INTO CUSTOMER_IDENTIFIERS (customer_id, identifier_id, identifier_value) values ('e120d379-3f3b-4da8-bf04-d785c9ed8663', 101, '17937488760');
INSERT INTO CUSTOMER_ADDRESSES (address_id, customer_id, address_type, street_address, zip_code, city, country) values ('8ffdf7a8-2747-4e43-9588-1bba4afb21f2', 'e120d379-3f3b-4da8-bf04-d785c9ed8663', 'R', '5389 Ula Hollow', '24810-0453', 'Rosemariestad', 'Mayotte');
INSERT INTO CUSTOMER_ADDRESSES (address_id, customer_id, address_type, street_address, zip_code, city, country) values ('44aebe2f-c1c6-45cf-83f4-e0e804380656', 'e120d379-3f3b-4da8-bf04-d785c9ed8663', 'M', '6613 Neal Wall', '03176', 'West Erlineland', 'Northern Mariana Islands');
INSERT INTO CUSTOMERS (id, first_name, last_name) values ('294bf171-08af-460f-a05d-27f3b9bae47a', 'Barney', 'Zieme');
INSERT INTO CUSTOMER_IDENTIFIERS (customer_id, identifier_id, identifier_value) values ('294bf171-08af-460f-a05d-27f3b9bae47a', 102, '391866994');
INSERT INTO CUSTOMER_ADDRESSES (address_id, customer_id, address_type, street_address, zip_code, city, country) values ('0ca289ea-67c3-44ae-bd39-3ceaeecf5f03', '294bf171-08af-460f-a05d-27f3b9bae47a', 'R', '4364 Stracke Stream', '42291-6304', 'New Ericaberg', 'Montserrat');
INSERT INTO CUSTOMERS (id, first_name, last_name) values ('c1ca5905-f39f-4131-880b-af375fbc7cfd', 'Shasta', 'O''Kon');
INSERT INTO CUSTOMER_IDENTIFIERS (customer_id, identifier_id, identifier_value) values ('c1ca5905-f39f-4131-880b-af375fbc7cfd', 101, '04877390158');
INSERT INTO CUSTOMER_IDENTIFIERS (customer_id, identifier_id, identifier_value) values ('c1ca5905-f39f-4131-880b-af375fbc7cfd', 102, '565537901');
INSERT INTO CUSTOMER_ADDRESSES (address_id, customer_id, address_type, street_address, zip_code, city, country) values ('7eaf1be1-f960-4a08-b6da-122a8bb8437a', 'c1ca5905-f39f-4131-880b-af375fbc7cfd', 'R', '7092 Sipes Fall', '60345', 'East Laverne', 'Slovakia (Slovak Republic)');
INSERT INTO CUSTOMERS (id, first_name, last_name) values ('df85d018-55a2-4a6c-8359-78a6ffec9922', 'Jeanna', 'Wiegand');
INSERT INTO CUSTOMER_IDENTIFIERS (customer_id, identifier_id, identifier_value) values ('df85d018-55a2-4a6c-8359-78a6ffec9922', 102, '394011608');
INSERT INTO CUSTOMER_IDENTIFIERS (customer_id, identifier_id, identifier_value) values ('df85d018-55a2-4a6c-8359-78a6ffec9922', 103, '370-215-37-50');
INSERT INTO CUSTOMER_ADDRESSES (address_id, customer_id, address_type, street_address, zip_code, city, country) values ('8ccce233-51da-4867-a44d-76690f85595f', 'df85d018-55a2-4a6c-8359-78a6ffec9922', 'R', '5546 Greenholt Grove', '81558-4610', 'Lake Amiefort', 'United Arab Emirates');
INSERT INTO CUSTOMERS (id, first_name, last_name) values ('ba05a44c-dee5-4652-a4ba-840f4311546e', 'Salvador', 'Anderson');
INSERT INTO CUSTOMER_IDENTIFIERS (customer_id, identifier_id, identifier_value) values ('ba05a44c-dee5-4652-a4ba-840f4311546e', 103, '058-718-85-10');
INSERT INTO CUSTOMER_ADDRESSES (address_id, customer_id, address_type, street_address, zip_code, city, country) values ('a8a8aea3-a7e6-4ed9-af72-f17f9ed90ac5', 'ba05a44c-dee5-4652-a4ba-840f4311546e', 'R', '3021 Justine Common', '52500', 'Shirlyhaven', 'Guinea');
INSERT INTO CUSTOMER_ADDRESSES (address_id, customer_id, address_type, street_address, zip_code, city, country) values ('5292b4ae-28d8-4fbb-a8aa-ef143cfe1d51', 'ba05a44c-dee5-4652-a4ba-840f4311546e', 'M', '9343 Crist Falls', '70955-0466', 'Schillerside', 'Serbia');
INSERT INTO CUSTOMERS (id, first_name, last_name) values ('25a98582-8f41-4991-9670-b442c25354dd', 'Francesco', 'Marks');
INSERT INTO CUSTOMER_IDENTIFIERS (customer_id, identifier_id, identifier_value) values ('25a98582-8f41-4991-9670-b442c25354dd', 102, '235696030');
INSERT INTO CUSTOMER_ADDRESSES (address_id, customer_id, address_type, street_address, zip_code, city, country) values ('f473b459-f510-41b2-9df8-5f5ceca2df96', '25a98582-8f41-4991-9670-b442c25354dd', 'R', '200 Brigida Shoal', '10422-9539', 'Lake Mariomouth', 'Faroe Islands');
INSERT INTO CUSTOMER_ADDRESSES (address_id, customer_id, address_type, street_address, zip_code, city, country) values ('82e17af6-aef2-4d95-a036-2c0d126f7339', '25a98582-8f41-4991-9670-b442c25354dd', 'M', '034 Otto Loaf', '69572', 'Stefaniashire', 'Martinique');
INSERT INTO CUSTOMERS (id, first_name, last_name) values ('505ff090-65d9-4171-aa95-6a9fc8c74c65', 'Brandy', 'Goodwin');
INSERT INTO CUSTOMER_IDENTIFIERS (customer_id, identifier_id, identifier_value) values ('505ff090-65d9-4171-aa95-6a9fc8c74c65', 102, '989604697');
INSERT INTO CUSTOMER_IDENTIFIERS (customer_id, identifier_id, identifier_value) values ('505ff090-65d9-4171-aa95-6a9fc8c74c65', 103, '177-862-06-94');
INSERT INTO CUSTOMER_ADDRESSES (address_id, customer_id, address_type, street_address, zip_code, city, country) values ('53c10193-5a72-4538-bfe3-0fccd955f1e5', '505ff090-65d9-4171-aa95-6a9fc8c74c65', 'R', '856 Stark Ridges', '88658', 'Lake Horaciohaven', 'Sudan');
INSERT INTO CUSTOMERS (id, first_name, last_name) values ('4c2a7a8f-d968-42f5-bff4-70aba7003c2e', 'Virgen', 'Gutmann');
INSERT INTO CUSTOMER_IDENTIFIERS (customer_id, identifier_id, identifier_value) values ('4c2a7a8f-d968-42f5-bff4-70aba7003c2e', 101, '00512268396');
INSERT INTO CUSTOMER_ADDRESSES (address_id, customer_id, address_type, street_address, zip_code, city, country) values ('5dc02a24-33fe-41d5-aae1-434e9bda98be', '4c2a7a8f-d968-42f5-bff4-70aba7003c2e', 'R', '881 Boyd Causeway', '22713-2501', 'Kunzeland', 'Paraguay');
INSERT INTO CUSTOMERS (id, first_name, last_name) values ('059341f2-5748-41e5-9404-5c2f65b1d31b', 'Jospeh', 'Fritsch');
INSERT INTO CUSTOMER_IDENTIFIERS (customer_id, identifier_id, identifier_value) values ('059341f2-5748-41e5-9404-5c2f65b1d31b', 101, '09156799277');
INSERT INTO CUSTOMER_ADDRESSES (address_id, customer_id, address_type, street_address, zip_code, city, country) values ('fd49f0f3-3d41-4c7a-8973-0a28577e0bf8', '059341f2-5748-41e5-9404-5c2f65b1d31b', 'R', '447 Adolph Club', '51741-7701', 'Port Dariachester', 'France');
INSERT INTO CUSTOMERS (id, first_name, last_name) values ('3052396e-e7e9-44e9-a5b9-5c6ae2362571', 'Tyson', 'Wiza');
INSERT INTO CUSTOMER_IDENTIFIERS (customer_id, identifier_id, identifier_value) values ('3052396e-e7e9-44e9-a5b9-5c6ae2362571', 102, '517957315');
INSERT INTO CUSTOMER_IDENTIFIERS (customer_id, identifier_id, identifier_value) values ('3052396e-e7e9-44e9-a5b9-5c6ae2362571', 103, '495-084-12-76');
INSERT INTO CUSTOMER_ADDRESSES (address_id, customer_id, address_type, street_address, zip_code, city, country) values ('48abc847-3c2d-438c-996c-ab8d398808ee', '3052396e-e7e9-44e9-a5b9-5c6ae2362571', 'R', '07706 Wuckert Ranch', '17604', 'New Ronnytown', 'Italy');
INSERT INTO CUSTOMERS (id, first_name, last_name) values ('338f9d5a-949f-4e2a-8c5e-2368294826ca', 'Titus', 'Buckridge');
INSERT INTO CUSTOMER_IDENTIFIERS (customer_id, identifier_id, identifier_value) values ('338f9d5a-949f-4e2a-8c5e-2368294826ca', 102, '054994076');
INSERT INTO CUSTOMER_ADDRESSES (address_id, customer_id, address_type, street_address, zip_code, city, country) values ('9ae80a33-372d-471d-8076-aff24bbae88f', '338f9d5a-949f-4e2a-8c5e-2368294826ca', 'R', '043 Wiegand Springs', '73244', 'Kraigchester', 'Burundi');
INSERT INTO CUSTOMERS (id, first_name, last_name) values ('932d939e-ada0-41b2-8b1b-6741edebaa6a', 'Darline', 'Kulas');
INSERT INTO CUSTOMER_IDENTIFIERS (customer_id, identifier_id, identifier_value) values ('932d939e-ada0-41b2-8b1b-6741edebaa6a', 101, '09823480753');
INSERT INTO CUSTOMER_IDENTIFIERS (customer_id, identifier_id, identifier_value) values ('932d939e-ada0-41b2-8b1b-6741edebaa6a', 102, '337557897');
INSERT INTO CUSTOMER_ADDRESSES (address_id, customer_id, address_type, street_address, zip_code, city, country) values ('72efd32a-ec34-40b3-9e6a-a21a45112fac', '932d939e-ada0-41b2-8b1b-6741edebaa6a', 'R', '2890 Oberbrunner Light', '43065', 'Billyhaven', 'Spain');
INSERT INTO CUSTOMER_ADDRESSES (address_id, customer_id, address_type, street_address, zip_code, city, country) values ('583b7f9e-276f-4029-adc7-619804446c3e', '932d939e-ada0-41b2-8b1b-6741edebaa6a', 'M', '4421 Deandre Springs', '34995-3599', 'Pansybury', 'Fiji');
INSERT INTO CUSTOMERS (id, first_name, last_name) values ('403609fb-77be-4177-b668-fa8546c7d503', 'Pedro', 'Turcotte');
INSERT INTO CUSTOMER_IDENTIFIERS (customer_id, identifier_id, identifier_value) values ('403609fb-77be-4177-b668-fa8546c7d503', 101, '62715185064');
INSERT INTO CUSTOMER_ADDRESSES (address_id, customer_id, address_type, street_address, zip_code, city, country) values ('ddf1136b-d207-43d2-b09a-dc749d77cea1', '403609fb-77be-4177-b668-fa8546c7d503', 'R', '58560 Kelli Mews', '74102-4065', 'Lake Vanesa', 'Haiti');
INSERT INTO CUSTOMER_ADDRESSES (address_id, customer_id, address_type, street_address, zip_code, city, country) values ('3307c268-8c1f-48ac-9bfc-d1435208cdcf', '403609fb-77be-4177-b668-fa8546c7d503', 'M', '21478 Bernie Island', '65755', 'Darrylchester', 'Vanuatu');
INSERT INTO CUSTOMERS (id, first_name, last_name) values ('eddc1c5f-5315-4588-a0ad-898b5a9ec30e', 'Joe', 'Terry');
INSERT INTO CUSTOMER_IDENTIFIERS (customer_id, identifier_id, identifier_value) values ('eddc1c5f-5315-4588-a0ad-898b5a9ec30e', 101, '77849588471');
INSERT INTO CUSTOMER_IDENTIFIERS (customer_id, identifier_id, identifier_value) values ('eddc1c5f-5315-4588-a0ad-898b5a9ec30e', 102, '428050407');
INSERT INTO CUSTOMER_IDENTIFIERS (customer_id, identifier_id, identifier_value) values ('eddc1c5f-5315-4588-a0ad-898b5a9ec30e', 103, '809-101-23-48');
INSERT INTO CUSTOMER_ADDRESSES (address_id, customer_id, address_type, street_address, zip_code, city, country) values ('9087cd28-fee1-40c9-9d41-ef5c5f991808', 'eddc1c5f-5315-4588-a0ad-898b5a9ec30e', 'R', '68738 Crista Mountain', '96699-2760', 'Kamshire', 'Guinea-Bissau');
INSERT INTO CUSTOMERS (id, first_name, last_name) values ('d923961c-e80b-438a-a6f0-9fa0dddd00f4', 'Elbert', 'Ryan');
INSERT INTO CUSTOMER_IDENTIFIERS (customer_id, identifier_id, identifier_value) values ('d923961c-e80b-438a-a6f0-9fa0dddd00f4', 101, '25649534835');
INSERT INTO CUSTOMER_ADDRESSES (address_id, customer_id, address_type, street_address, zip_code, city, country) values ('54d93abc-70f9-4566-aed4-65341169c463', 'd923961c-e80b-438a-a6f0-9fa0dddd00f4', 'R', '80194 Ivory Course', '47509', 'East Tera', 'Greece');
INSERT INTO CUSTOMERS (id, first_name, last_name) values ('89fa9f94-4cfe-4d35-8299-ca493b819430', 'Rosa', 'Pouros');
INSERT INTO CUSTOMER_IDENTIFIERS (customer_id, identifier_id, identifier_value) values ('89fa9f94-4cfe-4d35-8299-ca493b819430', 102, '548415167');
INSERT INTO CUSTOMER_IDENTIFIERS (customer_id, identifier_id, identifier_value) values ('89fa9f94-4cfe-4d35-8299-ca493b819430', 103, '469-452-25-44');
INSERT INTO CUSTOMER_ADDRESSES (address_id, customer_id, address_type, street_address, zip_code, city, country) values ('ce36525c-5c20-464f-bc3d-7ccdfe40f581', '89fa9f94-4cfe-4d35-8299-ca493b819430', 'R', '267 Paz Pine', '78813', 'Lutherbury', 'United Kingdom');
INSERT INTO CUSTOMERS (id, first_name, last_name) values ('4b2f50dd-8eb9-48d1-87d4-c82dacbb9d2c', 'Arline', 'Renner');
INSERT INTO CUSTOMER_IDENTIFIERS (customer_id, identifier_id, identifier_value) values ('4b2f50dd-8eb9-48d1-87d4-c82dacbb9d2c', 101, '18724975552');
INSERT INTO CUSTOMER_IDENTIFIERS (customer_id, identifier_id, identifier_value) values ('4b2f50dd-8eb9-48d1-87d4-c82dacbb9d2c', 102, '783317585');
INSERT INTO CUSTOMER_ADDRESSES (address_id, customer_id, address_type, street_address, zip_code, city, country) values ('dbb5a47c-2eb0-4114-b4a7-5d0c9ca2a040', '4b2f50dd-8eb9-48d1-87d4-c82dacbb9d2c', 'R', '034 Aufderhar Road', '13916', 'East Leidamouth', 'Iceland');
INSERT INTO CUSTOMERS (id, first_name, last_name) values ('af67544b-0804-4855-99fe-8d6d91b45891', 'Romana', 'Olson');
INSERT INTO CUSTOMER_IDENTIFIERS (customer_id, identifier_id, identifier_value) values ('af67544b-0804-4855-99fe-8d6d91b45891', 101, '34524361912');
INSERT INTO CUSTOMER_IDENTIFIERS (customer_id, identifier_id, identifier_value) values ('af67544b-0804-4855-99fe-8d6d91b45891', 103, '685-457-15-98');
INSERT INTO CUSTOMER_ADDRESSES (address_id, customer_id, address_type, street_address, zip_code, city, country) values ('484a1e89-b5dc-4462-b8f1-706dbe5d264f', 'af67544b-0804-4855-99fe-8d6d91b45891', 'R', '346 Kasie Flat', '26252-7912', 'Wilhelminachester', 'Tajikistan');
INSERT INTO CUSTOMERS (id, first_name, last_name) values ('0dbcbcae-d826-4c00-acb2-973ff9807592', 'Mirella', 'Nikolaus');
INSERT INTO CUSTOMER_IDENTIFIERS (customer_id, identifier_id, identifier_value) values ('0dbcbcae-d826-4c00-acb2-973ff9807592', 101, '30542089473');
INSERT INTO CUSTOMER_IDENTIFIERS (customer_id, identifier_id, identifier_value) values ('0dbcbcae-d826-4c00-acb2-973ff9807592', 102, '666321280');
INSERT INTO CUSTOMER_ADDRESSES (address_id, customer_id, address_type, street_address, zip_code, city, country) values ('32f732e0-ddbc-4c51-80bb-02c852314b85', '0dbcbcae-d826-4c00-acb2-973ff9807592', 'R', '793 Sona Roads', '48450', 'Kayleeberg', 'Slovakia (Slovak Republic)');
INSERT INTO CUSTOMERS (id, first_name, last_name) values ('dd025578-6955-405f-b401-c4563f80096f', 'Dagmar', 'Dickinson');
INSERT INTO CUSTOMER_IDENTIFIERS (customer_id, identifier_id, identifier_value) values ('dd025578-6955-405f-b401-c4563f80096f', 101, '60038696042');
INSERT INTO CUSTOMER_IDENTIFIERS (customer_id, identifier_id, identifier_value) values ('dd025578-6955-405f-b401-c4563f80096f', 103, '222-141-79-53');
INSERT INTO CUSTOMER_ADDRESSES (address_id, customer_id, address_type, street_address, zip_code, city, country) values ('044c3f91-2215-4d2b-bba0-93df2e4ca880', 'dd025578-6955-405f-b401-c4563f80096f', 'R', '024 Sanford Walk', '73183', 'South Loriefurt', 'Costa Rica');
INSERT INTO CUSTOMERS (id, first_name, last_name) values ('bdfb3097-2624-43b9-83cb-b2271af211d0', 'Amos', 'Morissette');
INSERT INTO CUSTOMER_IDENTIFIERS (customer_id, identifier_id, identifier_value) values ('bdfb3097-2624-43b9-83cb-b2271af211d0', 101, '50524713505');
INSERT INTO CUSTOMER_IDENTIFIERS (customer_id, identifier_id, identifier_value) values ('bdfb3097-2624-43b9-83cb-b2271af211d0', 102, '033255398');
INSERT INTO CUSTOMER_ADDRESSES (address_id, customer_id, address_type, street_address, zip_code, city, country) values ('f026579f-9bf7-47a8-aaf9-1bc7c41e2988', 'bdfb3097-2624-43b9-83cb-b2271af211d0', 'R', '0819 Daniel Station', '88803', 'Bechtelarfort', 'Zimbabwe');
INSERT INTO CUSTOMER_ADDRESSES (address_id, customer_id, address_type, street_address, zip_code, city, country) values ('49ed9349-1dd9-4d2f-85ef-2c396c5151f2', 'bdfb3097-2624-43b9-83cb-b2271af211d0', 'M', '58788 Glen Orchard', '19955-9482', 'Lake Carsonfort', 'Mexico');
INSERT INTO CUSTOMERS (id, first_name, last_name) values ('f8683ccc-cad7-40ab-9e87-5dc4ad677178', 'Darrell', 'Streich');
INSERT INTO CUSTOMER_IDENTIFIERS (customer_id, identifier_id, identifier_value) values ('f8683ccc-cad7-40ab-9e87-5dc4ad677178', 101, '47684276526');
INSERT INTO CUSTOMER_IDENTIFIERS (customer_id, identifier_id, identifier_value) values ('f8683ccc-cad7-40ab-9e87-5dc4ad677178', 102, '335576211');
INSERT INTO CUSTOMER_IDENTIFIERS (customer_id, identifier_id, identifier_value) values ('f8683ccc-cad7-40ab-9e87-5dc4ad677178', 103, '270-333-64-00');
INSERT INTO CUSTOMER_ADDRESSES (address_id, customer_id, address_type, street_address, zip_code, city, country) values ('3f2e6428-ea17-46fa-9874-53cb81b52b27', 'f8683ccc-cad7-40ab-9e87-5dc4ad677178', 'R', '31756 Rath Heights', '04207-8464', 'Samuelton', 'American Samoa');
INSERT INTO CUSTOMERS (id, first_name, last_name) values ('233c99ee-cf40-43dc-9bcc-b1882577c672', 'Yvone', 'Wilderman');
INSERT INTO CUSTOMER_IDENTIFIERS (customer_id, identifier_id, identifier_value) values ('233c99ee-cf40-43dc-9bcc-b1882577c672', 101, '52592659474');
INSERT INTO CUSTOMER_IDENTIFIERS (customer_id, identifier_id, identifier_value) values ('233c99ee-cf40-43dc-9bcc-b1882577c672', 102, '869568794');
INSERT INTO CUSTOMER_IDENTIFIERS (customer_id, identifier_id, identifier_value) values ('233c99ee-cf40-43dc-9bcc-b1882577c672', 103, '195-836-01-50');
INSERT INTO CUSTOMER_ADDRESSES (address_id, customer_id, address_type, street_address, zip_code, city, country) values ('5d794939-804e-47fb-86df-c91da872bf38', '233c99ee-cf40-43dc-9bcc-b1882577c672', 'R', '315 Cherrie Mountains', '66841', 'South Bennett', 'Micronesia');
INSERT INTO CUSTOMER_ADDRESSES (address_id, customer_id, address_type, street_address, zip_code, city, country) values ('f111b603-1c1f-4cd1-a07c-61287678222a', '233c99ee-cf40-43dc-9bcc-b1882577c672', 'M', '7494 Oberbrunner Mission', '64792-0963', 'Millerton', 'Seychelles');
INSERT INTO CUSTOMERS (id, first_name, last_name) values ('8854929d-46dd-4b5d-a008-76d8080ec94c', 'Truman', 'Hermann');
INSERT INTO CUSTOMER_IDENTIFIERS (customer_id, identifier_id, identifier_value) values ('8854929d-46dd-4b5d-a008-76d8080ec94c', 101, '12001834407');
INSERT INTO CUSTOMER_IDENTIFIERS (customer_id, identifier_id, identifier_value) values ('8854929d-46dd-4b5d-a008-76d8080ec94c', 102, '480420271');
INSERT INTO CUSTOMER_ADDRESSES (address_id, customer_id, address_type, street_address, zip_code, city, country) values ('f88f3f92-8004-454e-ab1b-ea64e15bb70e', '8854929d-46dd-4b5d-a008-76d8080ec94c', 'R', '60102 Malvina Lights', '05937-5353', 'Spencerberg', 'Cameroon');
INSERT INTO CUSTOMER_ADDRESSES (address_id, customer_id, address_type, street_address, zip_code, city, country) values ('81bd88a8-a5aa-4645-a32f-030ea200144d', '8854929d-46dd-4b5d-a008-76d8080ec94c', 'M', '574 Jenna Loop', '01701-6372', 'Hollisborough', 'New Caledonia');
INSERT INTO CUSTOMERS (id, first_name, last_name) values ('d0d8e174-586e-4a34-b729-419c5dc88bd9', 'Suzie', 'Schowalter');
INSERT INTO CUSTOMER_IDENTIFIERS (customer_id, identifier_id, identifier_value) values ('d0d8e174-586e-4a34-b729-419c5dc88bd9', 101, '53377413939');
INSERT INTO CUSTOMER_IDENTIFIERS (customer_id, identifier_id, identifier_value) values ('d0d8e174-586e-4a34-b729-419c5dc88bd9', 102, '912040345');
INSERT INTO CUSTOMER_IDENTIFIERS (customer_id, identifier_id, identifier_value) values ('d0d8e174-586e-4a34-b729-419c5dc88bd9', 103, '635-973-30-81');
INSERT INTO CUSTOMER_ADDRESSES (address_id, customer_id, address_type, street_address, zip_code, city, country) values ('0eb5f693-4693-48f8-8789-b37aa697ece0', 'd0d8e174-586e-4a34-b729-419c5dc88bd9', 'R', '66748 Erlene Mountains', '98868', 'West Sachaview', 'Reunion');
INSERT INTO CUSTOMERS (id, first_name, last_name) values ('4069c261-160d-468f-abf8-c7cc7232d8b5', 'Lionel', 'Huels');
INSERT INTO CUSTOMER_IDENTIFIERS (customer_id, identifier_id, identifier_value) values ('4069c261-160d-468f-abf8-c7cc7232d8b5', 102, '213733619');
INSERT INTO CUSTOMER_ADDRESSES (address_id, customer_id, address_type, street_address, zip_code, city, country) values ('7542a0b0-48c2-468b-b5a4-c6d498e1077c', '4069c261-160d-468f-abf8-c7cc7232d8b5', 'R', '1355 Letty Springs', '03260-7412', 'McDermottview', 'American Samoa');
INSERT INTO CUSTOMER_ADDRESSES (address_id, customer_id, address_type, street_address, zip_code, city, country) values ('495690ab-cc2d-40ad-b7ed-d66c1a78ba60', '4069c261-160d-468f-abf8-c7cc7232d8b5', 'M', '78862 Junior Grove', '71756-0914', 'Lake Yasmin', 'Heard Island and McDonald Islands');
INSERT INTO CUSTOMERS (id, first_name, last_name) values ('d1da9c86-5954-46a9-8df7-3814f6618965', 'Norris', 'Kilback');
INSERT INTO CUSTOMER_IDENTIFIERS (customer_id, identifier_id, identifier_value) values ('d1da9c86-5954-46a9-8df7-3814f6618965', 102, '000315981');
INSERT INTO CUSTOMER_IDENTIFIERS (customer_id, identifier_id, identifier_value) values ('d1da9c86-5954-46a9-8df7-3814f6618965', 103, '309-640-99-42');
INSERT INTO CUSTOMER_ADDRESSES (address_id, customer_id, address_type, street_address, zip_code, city, country) values ('6021bf50-7992-47a5-9d65-b7acccb53812', 'd1da9c86-5954-46a9-8df7-3814f6618965', 'R', '637 Merrilee Loop', '87014-0656', 'Roobport', 'Montenegro');
INSERT INTO CUSTOMERS (id, first_name, last_name) values ('81488380-ad07-4cc9-bcf1-8a180306c261', 'Elwanda', 'Mann');
INSERT INTO CUSTOMER_IDENTIFIERS (customer_id, identifier_id, identifier_value) values ('81488380-ad07-4cc9-bcf1-8a180306c261', 101, '23838206477');
INSERT INTO CUSTOMER_IDENTIFIERS (customer_id, identifier_id, identifier_value) values ('81488380-ad07-4cc9-bcf1-8a180306c261', 103, '495-925-34-60');
INSERT INTO CUSTOMER_ADDRESSES (address_id, customer_id, address_type, street_address, zip_code, city, country) values ('f769afb3-3278-4b87-b805-f7cef8e49765', '81488380-ad07-4cc9-bcf1-8a180306c261', 'R', '32473 Glover Spurs', '87202', 'Gailmouth', 'Niue');
INSERT INTO CUSTOMER_ADDRESSES (address_id, customer_id, address_type, street_address, zip_code, city, country) values ('05be5bdd-6b43-41e0-816f-ce9d9d8645b4', '81488380-ad07-4cc9-bcf1-8a180306c261', 'M', '9548 Abbott Isle', '42977', 'Strackeview', 'Liberia');
INSERT INTO CUSTOMERS (id, first_name, last_name) values ('b29f9d5f-161f-4719-9a6c-9f6b474c19c9', 'Asa', 'Watsica');
INSERT INTO CUSTOMER_IDENTIFIERS (customer_id, identifier_id, identifier_value) values ('b29f9d5f-161f-4719-9a6c-9f6b474c19c9', 101, '26827825998');
INSERT INTO CUSTOMER_IDENTIFIERS (customer_id, identifier_id, identifier_value) values ('b29f9d5f-161f-4719-9a6c-9f6b474c19c9', 102, '010790926');
INSERT INTO CUSTOMER_ADDRESSES (address_id, customer_id, address_type, street_address, zip_code, city, country) values ('ffcee4a0-a183-45c2-b097-52e23b29f3c4', 'b29f9d5f-161f-4719-9a6c-9f6b474c19c9', 'R', '20822 Halvorson Dam', '46750', 'Port Clevelandchester', 'Mauritania');
INSERT INTO CUSTOMER_ADDRESSES (address_id, customer_id, address_type, street_address, zip_code, city, country) values ('7fcad155-4b8e-48b0-9c18-59b49c40a5d4', 'b29f9d5f-161f-4719-9a6c-9f6b474c19c9', 'M', '01261 Bruen Unions', '88876', 'Stoltenbergville', 'Jordan');
INSERT INTO CUSTOMERS (id, first_name, last_name) values ('e8fbebfb-7d99-4685-9642-aa1731cbb881', 'Dane', 'Kessler');
INSERT INTO CUSTOMER_IDENTIFIERS (customer_id, identifier_id, identifier_value) values ('e8fbebfb-7d99-4685-9642-aa1731cbb881', 101, '97709510488');
INSERT INTO CUSTOMER_IDENTIFIERS (customer_id, identifier_id, identifier_value) values ('e8fbebfb-7d99-4685-9642-aa1731cbb881', 102, '924599097');
INSERT INTO CUSTOMER_ADDRESSES (address_id, customer_id, address_type, street_address, zip_code, city, country) values ('8910b6f7-dc7f-4f12-9a0d-677cc9fcf1ac', 'e8fbebfb-7d99-4685-9642-aa1731cbb881', 'R', '9383 Stoltenberg Viaduct', '04920-3344', 'New Willie', 'Morocco');
INSERT INTO CUSTOMER_ADDRESSES (address_id, customer_id, address_type, street_address, zip_code, city, country) values ('fec9be7b-bfcc-41bb-bcd4-42db269a89f0', 'e8fbebfb-7d99-4685-9642-aa1731cbb881', 'M', '6792 Lynna Groves', '08817', 'Madelineview', 'Isle of Man');
INSERT INTO CUSTOMERS (id, first_name, last_name) values ('2f491305-8124-42ac-b107-541927ce33a1', 'Meta', 'Hartmann');
INSERT INTO CUSTOMER_IDENTIFIERS (customer_id, identifier_id, identifier_value) values ('2f491305-8124-42ac-b107-541927ce33a1', 101, '41338535441');
INSERT INTO CUSTOMER_IDENTIFIERS (customer_id, identifier_id, identifier_value) values ('2f491305-8124-42ac-b107-541927ce33a1', 103, '706-206-98-03');
INSERT INTO CUSTOMER_ADDRESSES (address_id, customer_id, address_type, street_address, zip_code, city, country) values ('62ef9d7d-3c23-45f6-9629-cad415cb4505', '2f491305-8124-42ac-b107-541927ce33a1', 'R', '891 Will Views', '98575-2727', 'West Landonland', 'Palestinian Territory');
INSERT INTO CUSTOMERS (id, first_name, last_name) values ('0c4109e9-16f2-4cb6-8e65-6104d1ee6de1', 'Dannette', 'Denesik');
INSERT INTO CUSTOMER_IDENTIFIERS (customer_id, identifier_id, identifier_value) values ('0c4109e9-16f2-4cb6-8e65-6104d1ee6de1', 102, '869892253');
INSERT INTO CUSTOMER_IDENTIFIERS (customer_id, identifier_id, identifier_value) values ('0c4109e9-16f2-4cb6-8e65-6104d1ee6de1', 103, '642-182-10-84');
INSERT INTO CUSTOMER_ADDRESSES (address_id, customer_id, address_type, street_address, zip_code, city, country) values ('30a4de35-974b-4921-85f0-1ee384045a51', '0c4109e9-16f2-4cb6-8e65-6104d1ee6de1', 'R', '029 Gorczany Burg', '72865-3458', 'Bodeshire', 'Belgium');
INSERT INTO CUSTOMERS (id, first_name, last_name) values ('3ace4261-a371-4b6d-b677-4b64bd782111', 'Pete', 'Dietrich');
INSERT INTO CUSTOMER_IDENTIFIERS (customer_id, identifier_id, identifier_value) values ('3ace4261-a371-4b6d-b677-4b64bd782111', 101, '48037142607');
INSERT INTO CUSTOMER_IDENTIFIERS (customer_id, identifier_id, identifier_value) values ('3ace4261-a371-4b6d-b677-4b64bd782111', 103, '857-358-88-76');
INSERT INTO CUSTOMER_ADDRESSES (address_id, customer_id, address_type, street_address, zip_code, city, country) values ('94dedcbd-827f-44c3-b644-fa115e92ff9a', '3ace4261-a371-4b6d-b677-4b64bd782111', 'R', '973 Collier Forge', '72331', 'Marissaborough', 'Netherlands Antilles');
INSERT INTO CUSTOMER_ADDRESSES (address_id, customer_id, address_type, street_address, zip_code, city, country) values ('5d0d17a4-b68e-499b-bc5d-92f3934a703c', '3ace4261-a371-4b6d-b677-4b64bd782111', 'M', '943 Dong Glen', '37490-8489', 'Amadoton', 'Jersey');
INSERT INTO CUSTOMERS (id, first_name, last_name) values ('86e9f913-cc82-432e-86cd-4d0e16b6d57c', 'Bess', 'Haley');
INSERT INTO CUSTOMER_IDENTIFIERS (customer_id, identifier_id, identifier_value) values ('86e9f913-cc82-432e-86cd-4d0e16b6d57c', 101, '73798315531');
INSERT INTO CUSTOMER_IDENTIFIERS (customer_id, identifier_id, identifier_value) values ('86e9f913-cc82-432e-86cd-4d0e16b6d57c', 102, '092713219');
INSERT INTO CUSTOMER_ADDRESSES (address_id, customer_id, address_type, street_address, zip_code, city, country) values ('6312ecde-5e89-413e-b096-bb7229d2713d', '86e9f913-cc82-432e-86cd-4d0e16b6d57c', 'R', '314 Reyes Knolls', '05044-1562', 'Kubfort', 'Antigua and Barbuda');
INSERT INTO CUSTOMERS (id, first_name, last_name) values ('62554d0b-b1a4-44af-b92f-7544d85495f9', 'Twanna', 'McClure');
INSERT INTO CUSTOMER_IDENTIFIERS (customer_id, identifier_id, identifier_value) values ('62554d0b-b1a4-44af-b92f-7544d85495f9', 101, '38608387953');
INSERT INTO CUSTOMER_IDENTIFIERS (customer_id, identifier_id, identifier_value) values ('62554d0b-b1a4-44af-b92f-7544d85495f9', 103, '817-179-07-79');
INSERT INTO CUSTOMER_ADDRESSES (address_id, customer_id, address_type, street_address, zip_code, city, country) values ('b64ec385-324b-4d22-9e6a-30a04e2cc16b', '62554d0b-b1a4-44af-b92f-7544d85495f9', 'R', '09680 Frederic Gateway', '98896-5699', 'North Terresa', 'Nigeria');
INSERT INTO CUSTOMER_ADDRESSES (address_id, customer_id, address_type, street_address, zip_code, city, country) values ('6b42f1c5-cd4e-4a50-926e-d142f1ba9f35', '62554d0b-b1a4-44af-b92f-7544d85495f9', 'M', '682 Romaguera Turnpike', '75701', 'Port Lyndseyhaven', 'Bermuda');
INSERT INTO CUSTOMERS (id, first_name, last_name) values ('ade28ea2-8d74-4dfd-82cf-17eff93afce5', 'Kip', 'Stoltenberg');
INSERT INTO CUSTOMER_IDENTIFIERS (customer_id, identifier_id, identifier_value) values ('ade28ea2-8d74-4dfd-82cf-17eff93afce5', 101, '74341391091');
INSERT INTO CUSTOMER_IDENTIFIERS (customer_id, identifier_id, identifier_value) values ('ade28ea2-8d74-4dfd-82cf-17eff93afce5', 102, '036178113');
INSERT INTO CUSTOMER_ADDRESSES (address_id, customer_id, address_type, street_address, zip_code, city, country) values ('cd7b08e8-057f-4c25-ad3f-cb23f52b2689', 'ade28ea2-8d74-4dfd-82cf-17eff93afce5', 'R', '2981 Heller Forest', '73527', 'Lake Reyesville', 'Turks and Caicos Islands');
INSERT INTO CUSTOMERS (id, first_name, last_name) values ('7ab5c29c-6dfd-4764-aff6-8f0924d06b18', 'Cathi', 'Pouros');
INSERT INTO CUSTOMER_IDENTIFIERS (customer_id, identifier_id, identifier_value) values ('7ab5c29c-6dfd-4764-aff6-8f0924d06b18', 101, '68039773429');
INSERT INTO CUSTOMER_IDENTIFIERS (customer_id, identifier_id, identifier_value) values ('7ab5c29c-6dfd-4764-aff6-8f0924d06b18', 103, '414-218-29-97');
INSERT INTO CUSTOMER_ADDRESSES (address_id, customer_id, address_type, street_address, zip_code, city, country) values ('8abbdf71-c810-493e-9ff5-e615b318b7f8', '7ab5c29c-6dfd-4764-aff6-8f0924d06b18', 'R', '5513 Tisa Mall', '40675', 'North Linoside', 'Reunion');
INSERT INTO CUSTOMERS (id, first_name, last_name) values ('655c9fbf-cd7a-4ab6-8b50-18621bfdd4e2', 'Marcus', 'Fahey');
INSERT INTO CUSTOMER_IDENTIFIERS (customer_id, identifier_id, identifier_value) values ('655c9fbf-cd7a-4ab6-8b50-18621bfdd4e2', 103, '177-487-76-35');
INSERT INTO CUSTOMER_ADDRESSES (address_id, customer_id, address_type, street_address, zip_code, city, country) values ('d23943a8-2dec-4dbe-8695-c0a8ddd4f436', '655c9fbf-cd7a-4ab6-8b50-18621bfdd4e2', 'R', '0451 Rau Track', '83777-4567', 'Hyattville', 'El Salvador');
INSERT INTO CUSTOMERS (id, first_name, last_name) values ('d378a6bc-cee5-43b8-9285-6775e760a9b4', 'Loma', 'Rohan');
INSERT INTO CUSTOMER_IDENTIFIERS (customer_id, identifier_id, identifier_value) values ('d378a6bc-cee5-43b8-9285-6775e760a9b4', 101, '45201838823');
INSERT INTO CUSTOMER_ADDRESSES (address_id, customer_id, address_type, street_address, zip_code, city, country) values ('14eb918d-5399-4e4a-99f6-d7a119250a2f', 'd378a6bc-cee5-43b8-9285-6775e760a9b4', 'R', '369 Emery Plaza', '74562-5997', 'Horacemouth', 'Egypt');
INSERT INTO CUSTOMER_ADDRESSES (address_id, customer_id, address_type, street_address, zip_code, city, country) values ('89df1438-016e-4a5a-a56d-bd585d3df905', 'd378a6bc-cee5-43b8-9285-6775e760a9b4', 'M', '1497 Schmidt Spring', '46194-9387', 'New Cherymouth', 'Rwanda');
INSERT INTO CUSTOMERS (id, first_name, last_name) values ('36f5998b-ea0a-4979-961f-0f28eba698fa', 'Haywood', 'Rohan');
INSERT INTO CUSTOMER_IDENTIFIERS (customer_id, identifier_id, identifier_value) values ('36f5998b-ea0a-4979-961f-0f28eba698fa', 101, '81753863487');
INSERT INTO CUSTOMER_IDENTIFIERS (customer_id, identifier_id, identifier_value) values ('36f5998b-ea0a-4979-961f-0f28eba698fa', 102, '786766958');
INSERT INTO CUSTOMER_IDENTIFIERS (customer_id, identifier_id, identifier_value) values ('36f5998b-ea0a-4979-961f-0f28eba698fa', 103, '497-569-98-42');
INSERT INTO CUSTOMER_ADDRESSES (address_id, customer_id, address_type, street_address, zip_code, city, country) values ('e6c7510c-b560-47b1-b591-9718f5fcb409', '36f5998b-ea0a-4979-961f-0f28eba698fa', 'R', '92506 Roselia Club', '48270-6676', 'Reynoldschester', 'Belize');
INSERT INTO CUSTOMERS (id, first_name, last_name) values ('84ea0abd-bb0b-4478-9c7b-bca08ca2330e', 'Kurtis', 'Dietrich');
INSERT INTO CUSTOMER_IDENTIFIERS (customer_id, identifier_id, identifier_value) values ('84ea0abd-bb0b-4478-9c7b-bca08ca2330e', 102, '686165747');
INSERT INTO CUSTOMER_IDENTIFIERS (customer_id, identifier_id, identifier_value) values ('84ea0abd-bb0b-4478-9c7b-bca08ca2330e', 103, '272-800-98-92');
INSERT INTO CUSTOMER_ADDRESSES (address_id, customer_id, address_type, street_address, zip_code, city, country) values ('ca4275b5-6e97-4f9e-b504-4ec368e60cb5', '84ea0abd-bb0b-4478-9c7b-bca08ca2330e', 'R', '0399 Howard Alley', '02226', 'Maishastad', 'Italy');
INSERT INTO CUSTOMERS (id, first_name, last_name) values ('18a3f073-efca-4a1a-8a3c-2420a8d48161', 'Lien', 'Huel');
INSERT INTO CUSTOMER_IDENTIFIERS (customer_id, identifier_id, identifier_value) values ('18a3f073-efca-4a1a-8a3c-2420a8d48161', 101, '46078184159');
INSERT INTO CUSTOMER_IDENTIFIERS (customer_id, identifier_id, identifier_value) values ('18a3f073-efca-4a1a-8a3c-2420a8d48161', 103, '132-122-76-19');
INSERT INTO CUSTOMER_ADDRESSES (address_id, customer_id, address_type, street_address, zip_code, city, country) values ('aa138ecd-e39f-43f5-baf9-51aaac883c01', '18a3f073-efca-4a1a-8a3c-2420a8d48161', 'R', '04549 Jacobs Mountains', '05612', 'West Basilhaven', 'Svalbard & Jan Mayen Islands');
INSERT INTO CUSTOMERS (id, first_name, last_name) values ('381790f3-a749-4e61-a3ec-38ed6cbbe559', 'Tanna', 'Murray');
INSERT INTO CUSTOMER_IDENTIFIERS (customer_id, identifier_id, identifier_value) values ('381790f3-a749-4e61-a3ec-38ed6cbbe559', 101, '88879446415');
INSERT INTO CUSTOMER_IDENTIFIERS (customer_id, identifier_id, identifier_value) values ('381790f3-a749-4e61-a3ec-38ed6cbbe559', 102, '584159163');
INSERT INTO CUSTOMER_IDENTIFIERS (customer_id, identifier_id, identifier_value) values ('381790f3-a749-4e61-a3ec-38ed6cbbe559', 103, '714-317-40-12');
INSERT INTO CUSTOMER_ADDRESSES (address_id, customer_id, address_type, street_address, zip_code, city, country) values ('cb757a88-ffda-40a7-93a7-3db7df88cad8', '381790f3-a749-4e61-a3ec-38ed6cbbe559', 'R', '061 Franklin Parks', '53544', 'North Rolf', 'Tonga');
INSERT INTO CUSTOMERS (id, first_name, last_name) values ('ed72797b-0a25-4dac-b258-296a60f79536', 'Milly', 'Dickinson');
INSERT INTO CUSTOMER_IDENTIFIERS (customer_id, identifier_id, identifier_value) values ('ed72797b-0a25-4dac-b258-296a60f79536', 102, '815481749');
INSERT INTO CUSTOMER_ADDRESSES (address_id, customer_id, address_type, street_address, zip_code, city, country) values ('8cbd90c1-3402-4156-9701-12076ba2be6c', 'ed72797b-0a25-4dac-b258-296a60f79536', 'R', '2217 Swaniawski Meadow', '19051-4340', 'New Karolynstad', 'Belgium');
INSERT INTO CUSTOMERS (id, first_name, last_name) values ('2de8e7c9-bb51-42d2-b0e1-dc730bd3817a', 'Stefan', 'Wuckert');
INSERT INTO CUSTOMER_IDENTIFIERS (customer_id, identifier_id, identifier_value) values ('2de8e7c9-bb51-42d2-b0e1-dc730bd3817a', 101, '26858027609');
INSERT INTO CUSTOMER_IDENTIFIERS (customer_id, identifier_id, identifier_value) values ('2de8e7c9-bb51-42d2-b0e1-dc730bd3817a', 103, '740-131-76-88');
INSERT INTO CUSTOMER_ADDRESSES (address_id, customer_id, address_type, street_address, zip_code, city, country) values ('73d6ef32-e063-4dcf-b19d-90cec2a40d5f', '2de8e7c9-bb51-42d2-b0e1-dc730bd3817a', 'R', '221 Lory Stravenue', '63822-4325', 'Lake Jaredfurt', 'Italy');
INSERT INTO CUSTOMERS (id, first_name, last_name) values ('f2287837-cb52-476c-9081-d2de816e7481', 'Courtney', 'Conn');
INSERT INTO CUSTOMER_IDENTIFIERS (customer_id, identifier_id, identifier_value) values ('f2287837-cb52-476c-9081-d2de816e7481', 102, '312648046');
INSERT INTO CUSTOMER_ADDRESSES (address_id, customer_id, address_type, street_address, zip_code, city, country) values ('56f73869-2672-4618-892b-ce834abc131e', 'f2287837-cb52-476c-9081-d2de816e7481', 'R', '66797 Hagenes Fall', '59045', 'Rickstad', 'Burundi');
INSERT INTO CUSTOMER_ADDRESSES (address_id, customer_id, address_type, street_address, zip_code, city, country) values ('78c0b0e5-e5bb-49f1-a720-14bbf45bea6f', 'f2287837-cb52-476c-9081-d2de816e7481', 'M', '189 Bins Plaza', '71859', 'Lake Evia', 'Guinea');
INSERT INTO CUSTOMERS (id, first_name, last_name) values ('be851c34-ad38-4d0a-857b-8f93c787bd45', 'Eddie', 'Boehm');
INSERT INTO CUSTOMER_IDENTIFIERS (customer_id, identifier_id, identifier_value) values ('be851c34-ad38-4d0a-857b-8f93c787bd45', 101, '43587236990');
INSERT INTO CUSTOMER_IDENTIFIERS (customer_id, identifier_id, identifier_value) values ('be851c34-ad38-4d0a-857b-8f93c787bd45', 102, '146912632');
INSERT INTO CUSTOMER_IDENTIFIERS (customer_id, identifier_id, identifier_value) values ('be851c34-ad38-4d0a-857b-8f93c787bd45', 103, '125-596-05-46');
INSERT INTO CUSTOMER_ADDRESSES (address_id, customer_id, address_type, street_address, zip_code, city, country) values ('72e8e6f5-d342-4e2c-bf84-fe2abea76790', 'be851c34-ad38-4d0a-857b-8f93c787bd45', 'R', '488 Karissa Ramp', '13787-0085', 'Port Alonso', 'France');
INSERT INTO CUSTOMERS (id, first_name, last_name) values ('c0690478-9873-430d-9df3-2cafe873eafd', 'Timmy', 'Gutmann');
INSERT INTO CUSTOMER_IDENTIFIERS (customer_id, identifier_id, identifier_value) values ('c0690478-9873-430d-9df3-2cafe873eafd', 103, '337-275-32-71');
INSERT INTO CUSTOMER_ADDRESSES (address_id, customer_id, address_type, street_address, zip_code, city, country) values ('e70df006-2d33-4787-8ae1-7377b4bf085e', 'c0690478-9873-430d-9df3-2cafe873eafd', 'R', '80253 Morissette Harbor', '24636', 'South Natacha', 'Sudan');
INSERT INTO CUSTOMERS (id, first_name, last_name) values ('fc289862-b8b4-4e92-bb5c-933e35767ad3', 'Kelly', 'Miller');
INSERT INTO CUSTOMER_IDENTIFIERS (customer_id, identifier_id, identifier_value) values ('fc289862-b8b4-4e92-bb5c-933e35767ad3', 102, '237772946');
INSERT INTO CUSTOMER_ADDRESSES (address_id, customer_id, address_type, street_address, zip_code, city, country) values ('4dd26eec-4010-49af-b13e-36a36abc9974', 'fc289862-b8b4-4e92-bb5c-933e35767ad3', 'R', '013 Willms Station', '38021', 'East Luannefurt', 'Malta');
INSERT INTO CUSTOMERS (id, first_name, last_name) values ('0ff7e5db-5adf-4e28-a077-19ac7162a3b9', 'Lesley', 'Breitenberg');
INSERT INTO CUSTOMER_IDENTIFIERS (customer_id, identifier_id, identifier_value) values ('0ff7e5db-5adf-4e28-a077-19ac7162a3b9', 101, '88230843429');
INSERT INTO CUSTOMER_IDENTIFIERS (customer_id, identifier_id, identifier_value) values ('0ff7e5db-5adf-4e28-a077-19ac7162a3b9', 102, '262297534');
INSERT INTO CUSTOMER_ADDRESSES (address_id, customer_id, address_type, street_address, zip_code, city, country) values ('3a85bbc5-18c1-4f95-bfa4-6cc46c43695b', '0ff7e5db-5adf-4e28-a077-19ac7162a3b9', 'R', '469 Milo Extension', '22360-2000', 'New Tyrelltown', 'Haiti');
INSERT INTO CUSTOMERS (id, first_name, last_name) values ('6f584c6b-89c6-4b22-8e86-bca3620413d4', 'Karl', 'Schmitt');
INSERT INTO CUSTOMER_IDENTIFIERS (customer_id, identifier_id, identifier_value) values ('6f584c6b-89c6-4b22-8e86-bca3620413d4', 102, '641261854');
INSERT INTO CUSTOMER_ADDRESSES (address_id, customer_id, address_type, street_address, zip_code, city, country) values ('98d6d7b7-72cb-4e11-981f-4abadcb7fe74', '6f584c6b-89c6-4b22-8e86-bca3620413d4', 'R', '05370 Marks Lane', '26490', 'Hilllstad', 'Norway');
INSERT INTO CUSTOMERS (id, first_name, last_name) values ('32e73559-2965-4a0e-ab0f-a27d487bb87e', 'Mikki', 'Borer');
INSERT INTO CUSTOMER_IDENTIFIERS (customer_id, identifier_id, identifier_value) values ('32e73559-2965-4a0e-ab0f-a27d487bb87e', 101, '75634696643');
INSERT INTO CUSTOMER_IDENTIFIERS (customer_id, identifier_id, identifier_value) values ('32e73559-2965-4a0e-ab0f-a27d487bb87e', 102, '446532073');
INSERT INTO CUSTOMER_IDENTIFIERS (customer_id, identifier_id, identifier_value) values ('32e73559-2965-4a0e-ab0f-a27d487bb87e', 103, '207-613-60-31');
INSERT INTO CUSTOMER_ADDRESSES (address_id, customer_id, address_type, street_address, zip_code, city, country) values ('d6e39868-9833-4a9e-8d7d-735dcc073c50', '32e73559-2965-4a0e-ab0f-a27d487bb87e', 'R', '892 Kuphal Station', '45179-1319', 'East Eugena', 'Honduras');
INSERT INTO CUSTOMERS (id, first_name, last_name) values ('77d42985-056c-4475-a185-c585c0dd7a80', 'Cesar', 'Murazik');
INSERT INTO CUSTOMER_IDENTIFIERS (customer_id, identifier_id, identifier_value) values ('77d42985-056c-4475-a185-c585c0dd7a80', 101, '92657025316');
INSERT INTO CUSTOMER_ADDRESSES (address_id, customer_id, address_type, street_address, zip_code, city, country) values ('9aee86b8-5069-4612-b2c8-36f7660f0d58', '77d42985-056c-4475-a185-c585c0dd7a80', 'R', '0371 Wilford Parkway', '48727', 'Lake Shannon', 'Belarus');
INSERT INTO CUSTOMERS (id, first_name, last_name) values ('5198875e-6def-409d-a267-559ba7fd13ec', 'Drusilla', 'Brown');
INSERT INTO CUSTOMER_IDENTIFIERS (customer_id, identifier_id, identifier_value) values ('5198875e-6def-409d-a267-559ba7fd13ec', 102, '645658660');
INSERT INTO CUSTOMER_IDENTIFIERS (customer_id, identifier_id, identifier_value) values ('5198875e-6def-409d-a267-559ba7fd13ec', 103, '026-757-87-46');
INSERT INTO CUSTOMER_ADDRESSES (address_id, customer_id, address_type, street_address, zip_code, city, country) values ('2f175f3a-3706-4649-b63e-9382bf74c226', '5198875e-6def-409d-a267-559ba7fd13ec', 'R', '562 Sadie Streets', '52123', 'Nubiaport', 'Papua New Guinea');
INSERT INTO CUSTOMERS (id, first_name, last_name) values ('1c5ba636-30a4-47f3-bf0f-7ae29e4a48d9', 'Wilbur', 'Langosh');
INSERT INTO CUSTOMER_IDENTIFIERS (customer_id, identifier_id, identifier_value) values ('1c5ba636-30a4-47f3-bf0f-7ae29e4a48d9', 102, '033773405');
INSERT INTO CUSTOMER_ADDRESSES (address_id, customer_id, address_type, street_address, zip_code, city, country) values ('16d2b653-cae9-4184-8677-3f22fb48f575', '1c5ba636-30a4-47f3-bf0f-7ae29e4a48d9', 'R', '7404 Stiedemann Unions', '83833', 'Wuckertfort', 'India');
INSERT INTO CUSTOMERS (id, first_name, last_name) values ('a0a2fa7f-b191-4042-a0f0-5c4388dbaeed', 'Timmy', 'Pfeffer');
INSERT INTO CUSTOMER_IDENTIFIERS (customer_id, identifier_id, identifier_value) values ('a0a2fa7f-b191-4042-a0f0-5c4388dbaeed', 101, '10118667015');
INSERT INTO CUSTOMER_IDENTIFIERS (customer_id, identifier_id, identifier_value) values ('a0a2fa7f-b191-4042-a0f0-5c4388dbaeed', 102, '184645716');
INSERT INTO CUSTOMER_IDENTIFIERS (customer_id, identifier_id, identifier_value) values ('a0a2fa7f-b191-4042-a0f0-5c4388dbaeed', 103, '248-070-87-43');
INSERT INTO CUSTOMER_ADDRESSES (address_id, customer_id, address_type, street_address, zip_code, city, country) values ('cd74f217-0cb1-4d50-9da1-2ee94609bcb8', 'a0a2fa7f-b191-4042-a0f0-5c4388dbaeed', 'R', '485 Kassulke View', '31071-4727', 'Lake Dontebury', 'Saint Martin');
INSERT INTO CUSTOMERS (id, first_name, last_name) values ('d5b18a2d-10b5-4336-abd5-b44028bffd04', 'Bao', 'Herman');
INSERT INTO CUSTOMER_IDENTIFIERS (customer_id, identifier_id, identifier_value) values ('d5b18a2d-10b5-4336-abd5-b44028bffd04', 101, '19678827972');
INSERT INTO CUSTOMER_IDENTIFIERS (customer_id, identifier_id, identifier_value) values ('d5b18a2d-10b5-4336-abd5-b44028bffd04', 102, '899806284');
INSERT INTO CUSTOMER_ADDRESSES (address_id, customer_id, address_type, street_address, zip_code, city, country) values ('b3d40240-48c6-437a-b409-2286850cf27c', 'd5b18a2d-10b5-4336-abd5-b44028bffd04', 'R', '5729 Paris Pass', '20726-8323', 'New Liza', 'Tajikistan');
INSERT INTO CUSTOMERS (id, first_name, last_name) values ('fcbe6ffc-8eeb-47f8-b32b-ac55972e020f', 'Morton', 'Rogahn');
INSERT INTO CUSTOMER_IDENTIFIERS (customer_id, identifier_id, identifier_value) values ('fcbe6ffc-8eeb-47f8-b32b-ac55972e020f', 101, '20434494937');
INSERT INTO CUSTOMER_IDENTIFIERS (customer_id, identifier_id, identifier_value) values ('fcbe6ffc-8eeb-47f8-b32b-ac55972e020f', 102, '934043072');
INSERT INTO CUSTOMER_ADDRESSES (address_id, customer_id, address_type, street_address, zip_code, city, country) values ('a21c558e-6223-4476-84a7-a46f9fe85a70', 'fcbe6ffc-8eeb-47f8-b32b-ac55972e020f', 'R', '064 Gidget Route', '07425-3440', 'New Bulaview', 'South Georgia and the South Sandwich Islands');
INSERT INTO CUSTOMERS (id, first_name, last_name) values ('d86da09f-0d9c-4a8e-8c54-dd6152764d33', 'Wanetta', 'Hauck');
INSERT INTO CUSTOMER_IDENTIFIERS (customer_id, identifier_id, identifier_value) values ('d86da09f-0d9c-4a8e-8c54-dd6152764d33', 101, '23098145250');
INSERT INTO CUSTOMER_ADDRESSES (address_id, customer_id, address_type, street_address, zip_code, city, country) values ('50921011-3e33-4b42-875c-e4c338f7c58f', 'd86da09f-0d9c-4a8e-8c54-dd6152764d33', 'R', '353 Leffler Village', '56111-7051', 'Donaldtown', 'Sweden');
INSERT INTO CUSTOMERS (id, first_name, last_name) values ('19207f64-4c2b-4348-a1d1-8bcd4a93bd98', 'Nicky', 'Larson');
INSERT INTO CUSTOMER_IDENTIFIERS (customer_id, identifier_id, identifier_value) values ('19207f64-4c2b-4348-a1d1-8bcd4a93bd98', 101, '05192186083');
INSERT INTO CUSTOMER_IDENTIFIERS (customer_id, identifier_id, identifier_value) values ('19207f64-4c2b-4348-a1d1-8bcd4a93bd98', 102, '485999421');
INSERT INTO CUSTOMER_ADDRESSES (address_id, customer_id, address_type, street_address, zip_code, city, country) values ('53c3ba5f-b2d9-4c64-8baa-51452e1959e9', '19207f64-4c2b-4348-a1d1-8bcd4a93bd98', 'R', '28441 Jermaine Roads', '18722', 'Lake Antione', 'Romania');
INSERT INTO CUSTOMERS (id, first_name, last_name) values ('5f4364c9-d2e9-447b-8e60-0b0375af2b1e', 'Alejandra', 'King');
INSERT INTO CUSTOMER_IDENTIFIERS (customer_id, identifier_id, identifier_value) values ('5f4364c9-d2e9-447b-8e60-0b0375af2b1e', 102, '897629297');
INSERT INTO CUSTOMER_ADDRESSES (address_id, customer_id, address_type, street_address, zip_code, city, country) values ('47f47531-2e90-4111-9fa7-6e0433065903', '5f4364c9-d2e9-447b-8e60-0b0375af2b1e', 'R', '96858 Durgan Square', '13735', 'Vonside', 'Luxembourg');
INSERT INTO CUSTOMERS (id, first_name, last_name) values ('b95d958e-3293-4eb5-b85a-a01bcf914146', 'Michale', 'Johns');
INSERT INTO CUSTOMER_IDENTIFIERS (customer_id, identifier_id, identifier_value) values ('b95d958e-3293-4eb5-b85a-a01bcf914146', 101, '79962325842');
INSERT INTO CUSTOMER_ADDRESSES (address_id, customer_id, address_type, street_address, zip_code, city, country) values ('24ce61f3-d5ed-4c20-8886-111b1f7322d1', 'b95d958e-3293-4eb5-b85a-a01bcf914146', 'R', '601 Aron Forge', '27364', 'North Jungburgh', 'Niger');
INSERT INTO CUSTOMERS (id, first_name, last_name) values ('a5475410-947f-4c8e-a4ed-2d24772a69fe', 'Lorna', 'Armstrong');
INSERT INTO CUSTOMER_IDENTIFIERS (customer_id, identifier_id, identifier_value) values ('a5475410-947f-4c8e-a4ed-2d24772a69fe', 102, '081916380');
INSERT INTO CUSTOMER_IDENTIFIERS (customer_id, identifier_id, identifier_value) values ('a5475410-947f-4c8e-a4ed-2d24772a69fe', 103, '621-503-75-69');
INSERT INTO CUSTOMER_ADDRESSES (address_id, customer_id, address_type, street_address, zip_code, city, country) values ('9160ccc5-b11d-4237-b280-ce6d29090187', 'a5475410-947f-4c8e-a4ed-2d24772a69fe', 'R', '826 Jenkins Haven', '05197-3391', 'Jasonfurt', 'Isle of Man');
INSERT INTO CUSTOMERS (id, first_name, last_name) values ('c7bb28ea-00c7-45d5-81f6-b5191c117476', 'Vincent', 'Kuphal');
INSERT INTO CUSTOMER_IDENTIFIERS (customer_id, identifier_id, identifier_value) values ('c7bb28ea-00c7-45d5-81f6-b5191c117476', 103, '441-534-76-35');
INSERT INTO CUSTOMER_ADDRESSES (address_id, customer_id, address_type, street_address, zip_code, city, country) values ('b635ef1f-b141-44de-ae4f-87b1b60f2891', 'c7bb28ea-00c7-45d5-81f6-b5191c117476', 'R', '55133 Lacey Harbors', '10610', 'West Rocky', 'Luxembourg');
INSERT INTO CUSTOMERS (id, first_name, last_name) values ('a4e19431-79c6-4490-a9e8-b4cd5ccf7b6c', 'Rolando', 'Stehr');
INSERT INTO CUSTOMER_IDENTIFIERS (customer_id, identifier_id, identifier_value) values ('a4e19431-79c6-4490-a9e8-b4cd5ccf7b6c', 103, '007-500-63-18');
INSERT INTO CUSTOMER_ADDRESSES (address_id, customer_id, address_type, street_address, zip_code, city, country) values ('db60899f-16c5-41d5-a5d3-f81e00f8d6ca', 'a4e19431-79c6-4490-a9e8-b4cd5ccf7b6c', 'R', '8341 Bennett Track', '57395-7093', 'East Thanhfurt', 'Tokelau');
INSERT INTO CUSTOMERS (id, first_name, last_name) values ('28ee120a-634b-46e3-bebe-76db83216192', 'Rod', 'Bergstrom');
INSERT INTO CUSTOMER_IDENTIFIERS (customer_id, identifier_id, identifier_value) values ('28ee120a-634b-46e3-bebe-76db83216192', 102, '419982705');
INSERT INTO CUSTOMER_ADDRESSES (address_id, customer_id, address_type, street_address, zip_code, city, country) values ('59afc608-f036-4784-a478-9d8f7b896837', '28ee120a-634b-46e3-bebe-76db83216192', 'R', '69107 Lisandra Stream', '28678', 'New Edmundo', 'Guatemala');
INSERT INTO CUSTOMER_ADDRESSES (address_id, customer_id, address_type, street_address, zip_code, city, country) values ('f742609a-eed7-4f93-8b28-cfeb475c8c5e', '28ee120a-634b-46e3-bebe-76db83216192', 'M', '7122 Micki Gateway', '48145-0060', 'Bayerburgh', 'Colombia');
INSERT INTO CUSTOMERS (id, first_name, last_name) values ('bb1f505c-c3c1-4fec-8959-c52ff0563e08', 'Kylee', 'Bartoletti');
INSERT INTO CUSTOMER_IDENTIFIERS (customer_id, identifier_id, identifier_value) values ('bb1f505c-c3c1-4fec-8959-c52ff0563e08', 101, '36216239715');
INSERT INTO CUSTOMER_IDENTIFIERS (customer_id, identifier_id, identifier_value) values ('bb1f505c-c3c1-4fec-8959-c52ff0563e08', 102, '391717601');
INSERT INTO CUSTOMER_ADDRESSES (address_id, customer_id, address_type, street_address, zip_code, city, country) values ('ee382feb-6782-4713-97ab-b65381645a27', 'bb1f505c-c3c1-4fec-8959-c52ff0563e08', 'R', '511 Kunde Centers', '21209', 'Christianaborough', 'Cameroon');
INSERT INTO CUSTOMERS (id, first_name, last_name) values ('d9af4a4c-b043-4ed5-94cc-8cc08ecba706', 'Vickie', 'Larson');
INSERT INTO CUSTOMER_IDENTIFIERS (customer_id, identifier_id, identifier_value) values ('d9af4a4c-b043-4ed5-94cc-8cc08ecba706', 101, '56657896940');
INSERT INTO CUSTOMER_ADDRESSES (address_id, customer_id, address_type, street_address, zip_code, city, country) values ('bc415c57-f5ad-4dd8-81da-7d9e6745ad4c', 'd9af4a4c-b043-4ed5-94cc-8cc08ecba706', 'R', '7922 Grant Shore', '08504', 'Kourtneymouth', 'United Kingdom');
INSERT INTO CUSTOMERS (id, first_name, last_name) values ('55adc8ce-ac89-45bd-a35b-db85e13fb851', 'Ophelia', 'Bradtke');
INSERT INTO CUSTOMER_IDENTIFIERS (customer_id, identifier_id, identifier_value) values ('55adc8ce-ac89-45bd-a35b-db85e13fb851', 102, '438571212');
INSERT INTO CUSTOMER_IDENTIFIERS (customer_id, identifier_id, identifier_value) values ('55adc8ce-ac89-45bd-a35b-db85e13fb851', 103, '201-919-35-82');
INSERT INTO CUSTOMER_ADDRESSES (address_id, customer_id, address_type, street_address, zip_code, city, country) values ('5276ea78-8888-4b7c-bb6b-466e6208d097', '55adc8ce-ac89-45bd-a35b-db85e13fb851', 'R', '14582 David Tunnel', '80050', 'Franklinland', 'Latvia');
INSERT INTO CUSTOMER_ADDRESSES (address_id, customer_id, address_type, street_address, zip_code, city, country) values ('ebbd2f42-825c-4a24-84c5-2f7078d41821', '55adc8ce-ac89-45bd-a35b-db85e13fb851', 'M', '2510 Stormy Brooks', '01687', 'West Jetta', 'Serbia');
INSERT INTO CUSTOMERS (id, first_name, last_name) values ('2ff68419-c49f-42c4-bcba-f648ea445ff6', 'Terrance', 'Metz');
INSERT INTO CUSTOMER_IDENTIFIERS (customer_id, identifier_id, identifier_value) values ('2ff68419-c49f-42c4-bcba-f648ea445ff6', 101, '75852408702');
INSERT INTO CUSTOMER_IDENTIFIERS (customer_id, identifier_id, identifier_value) values ('2ff68419-c49f-42c4-bcba-f648ea445ff6', 102, '027333711');
INSERT INTO CUSTOMER_IDENTIFIERS (customer_id, identifier_id, identifier_value) values ('2ff68419-c49f-42c4-bcba-f648ea445ff6', 103, '509-928-74-74');
INSERT INTO CUSTOMER_ADDRESSES (address_id, customer_id, address_type, street_address, zip_code, city, country) values ('0dc6caaa-e46f-47fd-ae25-eb0c0a1b7ee6', '2ff68419-c49f-42c4-bcba-f648ea445ff6', 'R', '30294 Allan Harbors', '69070', 'Lake Peggieside', 'Tajikistan');
INSERT INTO CUSTOMERS (id, first_name, last_name) values ('38c6e195-6c0d-48bb-9ccd-c64b40ee1b12', 'Makeda', 'Wuckert');
INSERT INTO CUSTOMER_IDENTIFIERS (customer_id, identifier_id, identifier_value) values ('38c6e195-6c0d-48bb-9ccd-c64b40ee1b12', 102, '976384532');
INSERT INTO CUSTOMER_ADDRESSES (address_id, customer_id, address_type, street_address, zip_code, city, country) values ('528d6013-2f82-4fe5-ae5f-988094f86349', '38c6e195-6c0d-48bb-9ccd-c64b40ee1b12', 'R', '63641 Humberto Greens', '98459', 'Schneiderhaven', 'United Kingdom');
INSERT INTO CUSTOMERS (id, first_name, last_name) values ('4f9042fc-bc66-48c1-b27f-c9977f9e8743', 'Isiah', 'Connelly');
INSERT INTO CUSTOMER_IDENTIFIERS (customer_id, identifier_id, identifier_value) values ('4f9042fc-bc66-48c1-b27f-c9977f9e8743', 101, '92284631634');
INSERT INTO CUSTOMER_IDENTIFIERS (customer_id, identifier_id, identifier_value) values ('4f9042fc-bc66-48c1-b27f-c9977f9e8743', 103, '326-885-10-31');
INSERT INTO CUSTOMER_ADDRESSES (address_id, customer_id, address_type, street_address, zip_code, city, country) values ('f4e5076f-c7b1-4ed0-bbb4-a1ab11419ca8', '4f9042fc-bc66-48c1-b27f-c9977f9e8743', 'R', '5282 Schoen Mountain', '79524-5746', 'Lake Leoniatown', 'Iceland');
INSERT INTO CUSTOMER_ADDRESSES (address_id, customer_id, address_type, street_address, zip_code, city, country) values ('aff83268-4078-4154-858f-413899d1bfbc', '4f9042fc-bc66-48c1-b27f-c9977f9e8743', 'M', '44245 Ericka Wells', '16563', 'East Faustino', 'Micronesia');
INSERT INTO CUSTOMERS (id, first_name, last_name) values ('c85501b0-acc2-4325-a180-65501204fb35', 'Devon', 'Lind');
INSERT INTO CUSTOMER_IDENTIFIERS (customer_id, identifier_id, identifier_value) values ('c85501b0-acc2-4325-a180-65501204fb35', 103, '156-691-57-16');
INSERT INTO CUSTOMER_ADDRESSES (address_id, customer_id, address_type, street_address, zip_code, city, country) values ('d1f6372f-11f7-455d-913d-e06bcb650761', 'c85501b0-acc2-4325-a180-65501204fb35', 'R', '76289 Mraz Knolls', '46865', 'Maryjanebury', 'Namibia');
INSERT INTO CUSTOMER_ADDRESSES (address_id, customer_id, address_type, street_address, zip_code, city, country) values ('c54cb6dc-b210-46f8-9dbd-c22731c8c9e4', 'c85501b0-acc2-4325-a180-65501204fb35', 'M', '054 Russel Underpass', '43794-8862', 'Lake Misha', 'Gibraltar');
INSERT INTO CUSTOMERS (id, first_name, last_name) values ('8216a781-e1bc-4ac2-9860-a8e3a40d38b0', 'Katherine', 'Tremblay');
INSERT INTO CUSTOMER_IDENTIFIERS (customer_id, identifier_id, identifier_value) values ('8216a781-e1bc-4ac2-9860-a8e3a40d38b0', 101, '33340439165');
INSERT INTO CUSTOMER_IDENTIFIERS (customer_id, identifier_id, identifier_value) values ('8216a781-e1bc-4ac2-9860-a8e3a40d38b0', 102, '578578766');
INSERT INTO CUSTOMER_IDENTIFIERS (customer_id, identifier_id, identifier_value) values ('8216a781-e1bc-4ac2-9860-a8e3a40d38b0', 103, '448-951-26-34');
INSERT INTO CUSTOMER_ADDRESSES (address_id, customer_id, address_type, street_address, zip_code, city, country) values ('f53b52a0-d374-45c2-bb71-0fbf9c9fe02f', '8216a781-e1bc-4ac2-9860-a8e3a40d38b0', 'R', '86572 Lanora Trafficway', '57079-1886', 'Kermitberg', 'Costa Rica');
INSERT INTO CUSTOMERS (id, first_name, last_name) values ('ec3f5105-140b-4774-9ee5-33fa3693fe1f', 'Thad', 'Adams');
INSERT INTO CUSTOMER_IDENTIFIERS (customer_id, identifier_id, identifier_value) values ('ec3f5105-140b-4774-9ee5-33fa3693fe1f', 103, '617-427-24-24');
INSERT INTO CUSTOMER_ADDRESSES (address_id, customer_id, address_type, street_address, zip_code, city, country) values ('798bfc8b-7566-4ea6-bff4-8d4b698fb8f2', 'ec3f5105-140b-4774-9ee5-33fa3693fe1f', 'R', '28712 Blanda Groves', '82158', 'New Caterina', 'Mexico');
INSERT INTO CUSTOMER_ADDRESSES (address_id, customer_id, address_type, street_address, zip_code, city, country) values ('d50b3ade-3888-46f2-b8e6-96ca3d639c6f', 'ec3f5105-140b-4774-9ee5-33fa3693fe1f', 'M', '511 Chester Junctions', '89733-2014', 'Goyettechester', 'Estonia');
INSERT INTO CUSTOMERS (id, first_name, last_name) values ('51c4662c-8267-45cf-92fe-b5d0f8807100', 'Tasha', 'Purdy');
INSERT INTO CUSTOMER_IDENTIFIERS (customer_id, identifier_id, identifier_value) values ('51c4662c-8267-45cf-92fe-b5d0f8807100', 101, '07691488585');
INSERT INTO CUSTOMER_IDENTIFIERS (customer_id, identifier_id, identifier_value) values ('51c4662c-8267-45cf-92fe-b5d0f8807100', 102, '074270761');
INSERT INTO CUSTOMER_IDENTIFIERS (customer_id, identifier_id, identifier_value) values ('51c4662c-8267-45cf-92fe-b5d0f8807100', 103, '727-300-25-83');
INSERT INTO CUSTOMER_ADDRESSES (address_id, customer_id, address_type, street_address, zip_code, city, country) values ('54266d98-1052-41ea-9888-f0f805712ebc', '51c4662c-8267-45cf-92fe-b5d0f8807100', 'R', '2136 Dicki Lodge', '21675-3616', 'Chinfurt', 'Saint Martin');
INSERT INTO CUSTOMER_ADDRESSES (address_id, customer_id, address_type, street_address, zip_code, city, country) values ('39437a6b-4d29-4191-806c-17d15faf243b', '51c4662c-8267-45cf-92fe-b5d0f8807100', 'M', '4029 Boyer Drive', '65394-5007', 'Rebbeccashire', 'Chile');
INSERT INTO CUSTOMERS (id, first_name, last_name) values ('8840b29a-a70f-4a40-ae23-a9395168e4da', 'Genna', 'Hudson');
INSERT INTO CUSTOMER_IDENTIFIERS (customer_id, identifier_id, identifier_value) values ('8840b29a-a70f-4a40-ae23-a9395168e4da', 102, '914369266');
INSERT INTO CUSTOMER_IDENTIFIERS (customer_id, identifier_id, identifier_value) values ('8840b29a-a70f-4a40-ae23-a9395168e4da', 103, '370-511-84-35');
INSERT INTO CUSTOMER_ADDRESSES (address_id, customer_id, address_type, street_address, zip_code, city, country) values ('9efbe446-68a7-4c0e-bbf1-72702e0f694c', '8840b29a-a70f-4a40-ae23-a9395168e4da', 'R', '684 Mckinley Track', '72148', 'South Sandra', 'Qatar');
INSERT INTO CUSTOMER_ADDRESSES (address_id, customer_id, address_type, street_address, zip_code, city, country) values ('640b157c-226b-4c09-9e97-2e86bd80fc21', '8840b29a-a70f-4a40-ae23-a9395168e4da', 'M', '21182 Hane Hills', '39367-3926', 'Seritamouth', 'El Salvador');
INSERT INTO CUSTOMERS (id, first_name, last_name) values ('c4550ca0-cc71-4762-b570-bb3f6de17657', 'Zulema', 'Schultz');
INSERT INTO CUSTOMER_IDENTIFIERS (customer_id, identifier_id, identifier_value) values ('c4550ca0-cc71-4762-b570-bb3f6de17657', 101, '11763376082');
INSERT INTO CUSTOMER_IDENTIFIERS (customer_id, identifier_id, identifier_value) values ('c4550ca0-cc71-4762-b570-bb3f6de17657', 103, '225-623-43-28');
INSERT INTO CUSTOMER_ADDRESSES (address_id, customer_id, address_type, street_address, zip_code, city, country) values ('21993452-de0b-4a77-8cd1-3e724d3b7016', 'c4550ca0-cc71-4762-b570-bb3f6de17657', 'R', '031 Dreama Springs', '52034-6071', 'West Sherril', 'Lesotho');
INSERT INTO CUSTOMER_ADDRESSES (address_id, customer_id, address_type, street_address, zip_code, city, country) values ('92bb3b58-ec3b-45bb-b7d9-3bdf42a48601', 'c4550ca0-cc71-4762-b570-bb3f6de17657', 'M', '867 Haag Ramp', '89766-1326', 'New Marylynstad', 'Lesotho');
INSERT INTO CUSTOMERS (id, first_name, last_name) values ('f4b90f53-7f26-475b-bf0c-52f27a934dad', 'Cesar', 'Macejkovic');
INSERT INTO CUSTOMER_IDENTIFIERS (customer_id, identifier_id, identifier_value) values ('f4b90f53-7f26-475b-bf0c-52f27a934dad', 101, '23704582121');
INSERT INTO CUSTOMER_IDENTIFIERS (customer_id, identifier_id, identifier_value) values ('f4b90f53-7f26-475b-bf0c-52f27a934dad', 103, '948-000-01-74');
INSERT INTO CUSTOMER_ADDRESSES (address_id, customer_id, address_type, street_address, zip_code, city, country) values ('83c71bac-6e37-4dd1-9509-5497d6f52d64', 'f4b90f53-7f26-475b-bf0c-52f27a934dad', 'R', '4264 Tashia Streets', '03907-5517', 'West Jakeville', 'New Caledonia');
INSERT INTO CUSTOMERS (id, first_name, last_name) values ('0e19bff7-87d0-4afb-843a-0cef839ff330', 'Norris', 'Osinski');
INSERT INTO CUSTOMER_IDENTIFIERS (customer_id, identifier_id, identifier_value) values ('0e19bff7-87d0-4afb-843a-0cef839ff330', 101, '47108788343');
INSERT INTO CUSTOMER_IDENTIFIERS (customer_id, identifier_id, identifier_value) values ('0e19bff7-87d0-4afb-843a-0cef839ff330', 102, '173599031');
INSERT INTO CUSTOMER_IDENTIFIERS (customer_id, identifier_id, identifier_value) values ('0e19bff7-87d0-4afb-843a-0cef839ff330', 103, '304-535-40-66');
INSERT INTO CUSTOMER_ADDRESSES (address_id, customer_id, address_type, street_address, zip_code, city, country) values ('dd5331e0-02b4-4753-9ee5-da7d6fddcd29', '0e19bff7-87d0-4afb-843a-0cef839ff330', 'R', '722 Willms Court', '11976-1220', 'Guillermoview', 'Zimbabwe');
INSERT INTO CUSTOMER_ADDRESSES (address_id, customer_id, address_type, street_address, zip_code, city, country) values ('67ab9d88-2976-414e-9615-20c0540a3196', '0e19bff7-87d0-4afb-843a-0cef839ff330', 'M', '439 Kohler Harbors', '32771-3264', 'North Luisland', 'Greenland');
INSERT INTO CUSTOMERS (id, first_name, last_name) values ('fb4fc763-b38d-4683-82ae-16c193839a33', 'Sherry', 'Watsica');
INSERT INTO CUSTOMER_IDENTIFIERS (customer_id, identifier_id, identifier_value) values ('fb4fc763-b38d-4683-82ae-16c193839a33', 101, '27864398719');
INSERT INTO CUSTOMER_IDENTIFIERS (customer_id, identifier_id, identifier_value) values ('fb4fc763-b38d-4683-82ae-16c193839a33', 102, '366044265');
INSERT INTO CUSTOMER_ADDRESSES (address_id, customer_id, address_type, street_address, zip_code, city, country) values ('4aca92c4-597e-467f-a5da-fc213e1c8309', 'fb4fc763-b38d-4683-82ae-16c193839a33', 'R', '099 Crooks Hill', '74214-8148', 'Port Yasmine', 'Guernsey');
INSERT INTO CUSTOMERS (id, first_name, last_name) values ('6cd9f7cd-33f3-443d-90dd-3bbd7665161c', 'Abe', 'Jakubowski');
INSERT INTO CUSTOMER_IDENTIFIERS (customer_id, identifier_id, identifier_value) values ('6cd9f7cd-33f3-443d-90dd-3bbd7665161c', 101, '53704643056');
INSERT INTO CUSTOMER_IDENTIFIERS (customer_id, identifier_id, identifier_value) values ('6cd9f7cd-33f3-443d-90dd-3bbd7665161c', 103, '481-110-75-89');
INSERT INTO CUSTOMER_ADDRESSES (address_id, customer_id, address_type, street_address, zip_code, city, country) values ('8f210f6e-addb-4d5c-9647-dc986f297c75', '6cd9f7cd-33f3-443d-90dd-3bbd7665161c', 'R', '16999 Raguel Passage', '74536-3101', 'Sherronburgh', 'Barbados');
INSERT INTO CUSTOMERS (id, first_name, last_name) values ('4072d8eb-951e-464d-9b2d-d876e9ccfeb3', 'Bethann', 'Effertz');
INSERT INTO CUSTOMER_IDENTIFIERS (customer_id, identifier_id, identifier_value) values ('4072d8eb-951e-464d-9b2d-d876e9ccfeb3', 101, '55515048357');
INSERT INTO CUSTOMER_IDENTIFIERS (customer_id, identifier_id, identifier_value) values ('4072d8eb-951e-464d-9b2d-d876e9ccfeb3', 102, '973052510');
INSERT INTO CUSTOMER_ADDRESSES (address_id, customer_id, address_type, street_address, zip_code, city, country) values ('456c3442-95f8-4ffd-9541-e8f88f9fa2a1', '4072d8eb-951e-464d-9b2d-d876e9ccfeb3', 'R', '2514 Orlando Spur', '05598-4136', 'Liseborough', 'Mozambique');
INSERT INTO CUSTOMER_ADDRESSES (address_id, customer_id, address_type, street_address, zip_code, city, country) values ('c8df4b9d-9d2d-4521-8279-b5bc8eb47c29', '4072d8eb-951e-464d-9b2d-d876e9ccfeb3', 'M', '8636 Nitzsche Mill', '20135', 'Port Linsey', 'Uruguay');
INSERT INTO CUSTOMERS (id, first_name, last_name) values ('1cc3cf19-4f14-4c8f-96de-d09efc0365a0', 'Wade', 'Lesch');
INSERT INTO CUSTOMER_IDENTIFIERS (customer_id, identifier_id, identifier_value) values ('1cc3cf19-4f14-4c8f-96de-d09efc0365a0', 101, '30536462346');
INSERT INTO CUSTOMER_IDENTIFIERS (customer_id, identifier_id, identifier_value) values ('1cc3cf19-4f14-4c8f-96de-d09efc0365a0', 102, '877132711');
INSERT INTO CUSTOMER_ADDRESSES (address_id, customer_id, address_type, street_address, zip_code, city, country) values ('ecf835a9-f9b9-4707-8714-f361626bff37', '1cc3cf19-4f14-4c8f-96de-d09efc0365a0', 'R', '698 Theodore Heights', '35145', 'Kentmouth', 'Brazil');
INSERT INTO CUSTOMERS (id, first_name, last_name) values ('c1ca6b7b-c4d9-4e49-8cf3-e6fb2b242d73', 'Chantell', 'Anderson');
INSERT INTO CUSTOMER_IDENTIFIERS (customer_id, identifier_id, identifier_value) values ('c1ca6b7b-c4d9-4e49-8cf3-e6fb2b242d73', 101, '03152733067');
INSERT INTO CUSTOMER_IDENTIFIERS (customer_id, identifier_id, identifier_value) values ('c1ca6b7b-c4d9-4e49-8cf3-e6fb2b242d73', 102, '811117202');
INSERT INTO CUSTOMER_ADDRESSES (address_id, customer_id, address_type, street_address, zip_code, city, country) values ('afb821ce-5faf-42dd-b6bd-4e635ee1859d', 'c1ca6b7b-c4d9-4e49-8cf3-e6fb2b242d73', 'R', '530 Jerrold View', '35583-0629', 'West Lawerence', 'Chad');
INSERT INTO CUSTOMERS (id, first_name, last_name) values ('70fa6d70-7a46-40cd-816d-f4dfc803c736', 'Aurora', 'Feeney');
INSERT INTO CUSTOMER_IDENTIFIERS (customer_id, identifier_id, identifier_value) values ('70fa6d70-7a46-40cd-816d-f4dfc803c736', 102, '265714504');
INSERT INTO CUSTOMER_ADDRESSES (address_id, customer_id, address_type, street_address, zip_code, city, country) values ('1fdae02a-85ca-4429-a6f2-355635113d41', '70fa6d70-7a46-40cd-816d-f4dfc803c736', 'R', '692 Thresa Ramp', '73394', 'West Willieland', 'Timor-Leste');
INSERT INTO CUSTOMERS (id, first_name, last_name) values ('0ad4e424-0433-40f0-8d4c-711c47ee30f1', 'Randall', 'Wyman');
INSERT INTO CUSTOMER_IDENTIFIERS (customer_id, identifier_id, identifier_value) values ('0ad4e424-0433-40f0-8d4c-711c47ee30f1', 102, '924031637');
INSERT INTO CUSTOMER_IDENTIFIERS (customer_id, identifier_id, identifier_value) values ('0ad4e424-0433-40f0-8d4c-711c47ee30f1', 103, '331-032-29-55');
INSERT INTO CUSTOMER_ADDRESSES (address_id, customer_id, address_type, street_address, zip_code, city, country) values ('a2d2bb19-3ee8-4d4f-97fd-3b6f642d51f7', '0ad4e424-0433-40f0-8d4c-711c47ee30f1', 'R', '7862 Wolff Hills', '58631-3180', 'Susannahshire', 'Zambia');
INSERT INTO CUSTOMER_ADDRESSES (address_id, customer_id, address_type, street_address, zip_code, city, country) values ('fb8ad6e6-2b54-4980-8e6e-93d0a13eed21', '0ad4e424-0433-40f0-8d4c-711c47ee30f1', 'M', '6738 Schinner Flat', '68996-6470', 'Lake Joanie', 'Poland');
INSERT INTO CUSTOMERS (id, first_name, last_name) values ('c5ea5bc3-6e6a-4f80-bf08-89cfc0c270f4', 'Micah', 'Weissnat');
INSERT INTO CUSTOMER_IDENTIFIERS (customer_id, identifier_id, identifier_value) values ('c5ea5bc3-6e6a-4f80-bf08-89cfc0c270f4', 101, '62871967852');
INSERT INTO CUSTOMER_IDENTIFIERS (customer_id, identifier_id, identifier_value) values ('c5ea5bc3-6e6a-4f80-bf08-89cfc0c270f4', 102, '827117323');
INSERT INTO CUSTOMER_ADDRESSES (address_id, customer_id, address_type, street_address, zip_code, city, country) values ('a094bae6-614d-4105-9452-a1abdba54192', 'c5ea5bc3-6e6a-4f80-bf08-89cfc0c270f4', 'R', '6675 Heaney Court', '12477-9013', 'Shermanstad', 'Qatar');
INSERT INTO CUSTOMER_ADDRESSES (address_id, customer_id, address_type, street_address, zip_code, city, country) values ('68b8b46d-48fb-4cee-8803-73b81a51dc2d', 'c5ea5bc3-6e6a-4f80-bf08-89cfc0c270f4', 'M', '39543 Brigid Oval', '43880', 'New Zackaryville', 'Burundi');
INSERT INTO CUSTOMERS (id, first_name, last_name) values ('b4d2da3b-5626-4b5b-8339-348a00785d1d', 'Hyo', 'Rohan');
INSERT INTO CUSTOMER_IDENTIFIERS (customer_id, identifier_id, identifier_value) values ('b4d2da3b-5626-4b5b-8339-348a00785d1d', 101, '52649971601');
INSERT INTO CUSTOMER_IDENTIFIERS (customer_id, identifier_id, identifier_value) values ('b4d2da3b-5626-4b5b-8339-348a00785d1d', 102, '934996112');
INSERT INTO CUSTOMER_ADDRESSES (address_id, customer_id, address_type, street_address, zip_code, city, country) values ('eb6c7d51-8efd-44ff-8549-e9f7aa1e82ee', 'b4d2da3b-5626-4b5b-8339-348a00785d1d', 'R', '564 Edna Trail', '80841', 'Lake Dee', 'Maldives');
INSERT INTO CUSTOMERS (id, first_name, last_name) values ('0987a371-a8d2-494e-82bf-96edb7e6f117', 'Adele', 'Hauck');
INSERT INTO CUSTOMER_IDENTIFIERS (customer_id, identifier_id, identifier_value) values ('0987a371-a8d2-494e-82bf-96edb7e6f117', 102, '197719422');
INSERT INTO CUSTOMER_IDENTIFIERS (customer_id, identifier_id, identifier_value) values ('0987a371-a8d2-494e-82bf-96edb7e6f117', 103, '619-744-80-94');
INSERT INTO CUSTOMER_ADDRESSES (address_id, customer_id, address_type, street_address, zip_code, city, country) values ('7a4673e6-bb89-49e0-85a2-b7f5e19c384a', '0987a371-a8d2-494e-82bf-96edb7e6f117', 'R', '71657 Bogan Mountains', '37840-9686', 'Kundeborough', 'Holy See (Vatican City State)');
INSERT INTO CUSTOMERS (id, first_name, last_name) values ('42665ab3-c2ae-4ae8-ad5e-444314838b00', 'Rod', 'Koch');
INSERT INTO CUSTOMER_IDENTIFIERS (customer_id, identifier_id, identifier_value) values ('42665ab3-c2ae-4ae8-ad5e-444314838b00', 101, '74831346211');
INSERT INTO CUSTOMER_IDENTIFIERS (customer_id, identifier_id, identifier_value) values ('42665ab3-c2ae-4ae8-ad5e-444314838b00', 103, '211-266-38-33');
INSERT INTO CUSTOMER_ADDRESSES (address_id, customer_id, address_type, street_address, zip_code, city, country) values ('ede85154-f7a3-4fe5-bb00-a77d319fbcdd', '42665ab3-c2ae-4ae8-ad5e-444314838b00', 'R', '01291 Swift Fall', '29224-7779', 'Namside', 'Argentina');
INSERT INTO CUSTOMERS (id, first_name, last_name) values ('40c490b1-109a-42bd-abcb-290a35b9c643', 'Rickey', 'White');
INSERT INTO CUSTOMER_IDENTIFIERS (customer_id, identifier_id, identifier_value) values ('40c490b1-109a-42bd-abcb-290a35b9c643', 101, '12873426666');
INSERT INTO CUSTOMER_IDENTIFIERS (customer_id, identifier_id, identifier_value) values ('40c490b1-109a-42bd-abcb-290a35b9c643', 102, '457370344');
INSERT INTO CUSTOMER_ADDRESSES (address_id, customer_id, address_type, street_address, zip_code, city, country) values ('4e6dcfc2-ebdd-4909-ab45-a9962a5dd7c1', '40c490b1-109a-42bd-abcb-290a35b9c643', 'R', '633 Delbert Key', '53617', 'Colechester', 'Cayman Islands');
INSERT INTO CUSTOMERS (id, first_name, last_name) values ('811fe6fd-dedf-44c1-b512-3247815303ef', 'Larae', 'Walker');
INSERT INTO CUSTOMER_IDENTIFIERS (customer_id, identifier_id, identifier_value) values ('811fe6fd-dedf-44c1-b512-3247815303ef', 101, '81581645038');
INSERT INTO CUSTOMER_IDENTIFIERS (customer_id, identifier_id, identifier_value) values ('811fe6fd-dedf-44c1-b512-3247815303ef', 103, '004-608-05-49');
INSERT INTO CUSTOMER_ADDRESSES (address_id, customer_id, address_type, street_address, zip_code, city, country) values ('11926ee5-4a57-42c7-af62-f57a9d28eabd', '811fe6fd-dedf-44c1-b512-3247815303ef', 'R', '59303 Grimes Square', '53718', 'Utemouth', 'Tonga');
INSERT INTO CUSTOMERS (id, first_name, last_name) values ('5cae142c-39cc-41e2-9afb-1d204a43dacc', 'Traci', 'Metz');
INSERT INTO CUSTOMER_IDENTIFIERS (customer_id, identifier_id, identifier_value) values ('5cae142c-39cc-41e2-9afb-1d204a43dacc', 101, '85748876109');
INSERT INTO CUSTOMER_ADDRESSES (address_id, customer_id, address_type, street_address, zip_code, city, country) values ('e54be423-09bc-4545-bc9d-fcbb0d16b300', '5cae142c-39cc-41e2-9afb-1d204a43dacc', 'R', '05626 Alberto Motorway', '51839', 'Nedville', 'Aruba');
INSERT INTO CUSTOMERS (id, first_name, last_name) values ('c002c5e7-d221-421c-9b53-b73b16176c2c', 'Vaughn', 'Schmeler');
INSERT INTO CUSTOMER_IDENTIFIERS (customer_id, identifier_id, identifier_value) values ('c002c5e7-d221-421c-9b53-b73b16176c2c', 101, '04310302502');
INSERT INTO CUSTOMER_IDENTIFIERS (customer_id, identifier_id, identifier_value) values ('c002c5e7-d221-421c-9b53-b73b16176c2c', 103, '864-349-09-66');
INSERT INTO CUSTOMER_ADDRESSES (address_id, customer_id, address_type, street_address, zip_code, city, country) values ('9ee21d4e-38eb-4a31-97e4-42ac460b5e62', 'c002c5e7-d221-421c-9b53-b73b16176c2c', 'R', '390 Predovic Fall', '29144-2868', 'Kassulkeshire', 'Nicaragua');
INSERT INTO CUSTOMERS (id, first_name, last_name) values ('7e43e704-68e7-44f5-8329-e869eb7333b7', 'Lindsay', 'Feeney');
INSERT INTO CUSTOMER_IDENTIFIERS (customer_id, identifier_id, identifier_value) values ('7e43e704-68e7-44f5-8329-e869eb7333b7', 102, '155597957');
INSERT INTO CUSTOMER_ADDRESSES (address_id, customer_id, address_type, street_address, zip_code, city, country) values ('71ca8e7b-b79a-4545-8b5d-cb0374ac3633', '7e43e704-68e7-44f5-8329-e869eb7333b7', 'R', '06777 Bartoletti Fort', '97082', 'Brantland', 'Ukraine');
INSERT INTO CUSTOMERS (id, first_name, last_name) values ('f2de3a6b-47e2-4778-8839-bbecacd1e734', 'Sherryl', 'Nitzsche');
INSERT INTO CUSTOMER_IDENTIFIERS (customer_id, identifier_id, identifier_value) values ('f2de3a6b-47e2-4778-8839-bbecacd1e734', 101, '85717869129');
INSERT INTO CUSTOMER_ADDRESSES (address_id, customer_id, address_type, street_address, zip_code, city, country) values ('e4627c70-6a94-4aaa-8af8-036c98e3feee', 'f2de3a6b-47e2-4778-8839-bbecacd1e734', 'R', '59376 Balistreri Mills', '76343-2291', 'South Pedro', 'Guam');
INSERT INTO CUSTOMERS (id, first_name, last_name) values ('025f2b65-09ce-47ce-bcae-073b7ceec6f4', 'Bernardo', 'Tillman');
INSERT INTO CUSTOMER_IDENTIFIERS (customer_id, identifier_id, identifier_value) values ('025f2b65-09ce-47ce-bcae-073b7ceec6f4', 102, '528580165');
INSERT INTO CUSTOMER_IDENTIFIERS (customer_id, identifier_id, identifier_value) values ('025f2b65-09ce-47ce-bcae-073b7ceec6f4', 103, '962-281-82-35');
INSERT INTO CUSTOMER_ADDRESSES (address_id, customer_id, address_type, street_address, zip_code, city, country) values ('eda4c631-b6d7-4264-a7d2-abdf9aac38ff', '025f2b65-09ce-47ce-bcae-073b7ceec6f4', 'R', '90773 Marlon Trace', '80181', 'Dickiland', 'Haiti');
INSERT INTO CUSTOMERS (id, first_name, last_name) values ('057cae67-2332-45dc-bcf5-435f9bcd13a7', 'Chantay', 'Abshire');
INSERT INTO CUSTOMER_IDENTIFIERS (customer_id, identifier_id, identifier_value) values ('057cae67-2332-45dc-bcf5-435f9bcd13a7', 102, '964184282');
INSERT INTO CUSTOMER_IDENTIFIERS (customer_id, identifier_id, identifier_value) values ('057cae67-2332-45dc-bcf5-435f9bcd13a7', 103, '027-108-38-61');
INSERT INTO CUSTOMER_ADDRESSES (address_id, customer_id, address_type, street_address, zip_code, city, country) values ('5703a38e-20cc-4e0b-8ee6-1fc3f49a36de', '057cae67-2332-45dc-bcf5-435f9bcd13a7', 'R', '71627 Glover Viaduct', '54662', 'Corinneport', 'Saint Vincent and the Grenadines');
INSERT INTO CUSTOMERS (id, first_name, last_name) values ('171f1c42-be10-4533-a5ff-24cbc1667019', 'Zoe', 'Stokes');
INSERT INTO CUSTOMER_IDENTIFIERS (customer_id, identifier_id, identifier_value) values ('171f1c42-be10-4533-a5ff-24cbc1667019', 102, '201296035');
INSERT INTO CUSTOMER_IDENTIFIERS (customer_id, identifier_id, identifier_value) values ('171f1c42-be10-4533-a5ff-24cbc1667019', 103, '022-858-69-00');
INSERT INTO CUSTOMER_ADDRESSES (address_id, customer_id, address_type, street_address, zip_code, city, country) values ('887aa5e4-9f60-4bc7-82e5-a99b5eeb3589', '171f1c42-be10-4533-a5ff-24cbc1667019', 'R', '9741 Rice Branch', '13791-5322', 'Westfurt', 'Reunion');
INSERT INTO CUSTOMERS (id, first_name, last_name) values ('11b22f8e-14c1-450d-a230-88de2b036472', 'Lorraine', 'Bins');
INSERT INTO CUSTOMER_IDENTIFIERS (customer_id, identifier_id, identifier_value) values ('11b22f8e-14c1-450d-a230-88de2b036472', 102, '351351762');
INSERT INTO CUSTOMER_ADDRESSES (address_id, customer_id, address_type, street_address, zip_code, city, country) values ('e36edeb9-8afd-4ca1-9971-e009fa6c7cd2', '11b22f8e-14c1-450d-a230-88de2b036472', 'R', '675 Terence Glens', '22625', 'New Juliane', 'Switzerland');
INSERT INTO CUSTOMERS (id, first_name, last_name) values ('e01de5e3-60d2-4ffa-a5bb-d711ab2ee7a3', 'Arlie', 'Rowe');
INSERT INTO CUSTOMER_IDENTIFIERS (customer_id, identifier_id, identifier_value) values ('e01de5e3-60d2-4ffa-a5bb-d711ab2ee7a3', 101, '60016213581');
INSERT INTO CUSTOMER_IDENTIFIERS (customer_id, identifier_id, identifier_value) values ('e01de5e3-60d2-4ffa-a5bb-d711ab2ee7a3', 102, '012847327');
INSERT INTO CUSTOMER_ADDRESSES (address_id, customer_id, address_type, street_address, zip_code, city, country) values ('523a3622-39a5-4eed-8a64-956917750c40', 'e01de5e3-60d2-4ffa-a5bb-d711ab2ee7a3', 'R', '422 Collins Stravenue', '34416-3970', 'Karonstad', 'Canada');
INSERT INTO CUSTOMERS (id, first_name, last_name) values ('7ce7994e-ad48-4bed-8d52-98c7acb1a686', 'Bok', 'Borer');
INSERT INTO CUSTOMER_IDENTIFIERS (customer_id, identifier_id, identifier_value) values ('7ce7994e-ad48-4bed-8d52-98c7acb1a686', 101, '08546028929');
INSERT INTO CUSTOMER_IDENTIFIERS (customer_id, identifier_id, identifier_value) values ('7ce7994e-ad48-4bed-8d52-98c7acb1a686', 102, '375462746');
INSERT INTO CUSTOMER_ADDRESSES (address_id, customer_id, address_type, street_address, zip_code, city, country) values ('b0610b26-8782-4bb1-95ec-06bf64e2f131', '7ce7994e-ad48-4bed-8d52-98c7acb1a686', 'R', '78814 Jenell Bypass', '02092-3734', 'South Eusebio', 'Portugal');
INSERT INTO CUSTOMERS (id, first_name, last_name) values ('7aafed3f-12ba-4eeb-8659-9c73020561ef', 'Miquel', 'Beahan');
INSERT INTO CUSTOMER_IDENTIFIERS (customer_id, identifier_id, identifier_value) values ('7aafed3f-12ba-4eeb-8659-9c73020561ef', 101, '73543742959');
INSERT INTO CUSTOMER_ADDRESSES (address_id, customer_id, address_type, street_address, zip_code, city, country) values ('dc88e9a7-677e-4269-bf04-3e496c7d1275', '7aafed3f-12ba-4eeb-8659-9c73020561ef', 'R', '151 Nickole Spur', '05638-0847', 'Owenview', 'Bouvet Island (Bouvetoya)');
INSERT INTO CUSTOMERS (id, first_name, last_name) values ('d6d80c67-14bd-4553-9ff1-3e3ca6d809d6', 'Aaron', 'Smitham');
INSERT INTO CUSTOMER_IDENTIFIERS (customer_id, identifier_id, identifier_value) values ('d6d80c67-14bd-4553-9ff1-3e3ca6d809d6', 103, '082-510-86-40');
INSERT INTO CUSTOMER_ADDRESSES (address_id, customer_id, address_type, street_address, zip_code, city, country) values ('d4fec7f1-0516-4130-9ecf-637fe7f3ce5d', 'd6d80c67-14bd-4553-9ff1-3e3ca6d809d6', 'R', '09898 Bailey Avenue', '90143-2768', 'East Carmellaport', 'Morocco');
INSERT INTO CUSTOMERS (id, first_name, last_name) values ('3da9aac7-69c6-448c-97b7-ce1cea9e5632', 'Orlando', 'Schuppe');
INSERT INTO CUSTOMER_IDENTIFIERS (customer_id, identifier_id, identifier_value) values ('3da9aac7-69c6-448c-97b7-ce1cea9e5632', 101, '19513234323');
INSERT INTO CUSTOMER_IDENTIFIERS (customer_id, identifier_id, identifier_value) values ('3da9aac7-69c6-448c-97b7-ce1cea9e5632', 102, '593934462');
INSERT INTO CUSTOMER_IDENTIFIERS (customer_id, identifier_id, identifier_value) values ('3da9aac7-69c6-448c-97b7-ce1cea9e5632', 103, '916-836-26-13');
INSERT INTO CUSTOMER_ADDRESSES (address_id, customer_id, address_type, street_address, zip_code, city, country) values ('fdca56b6-aea7-439a-a76a-a00b303ac5b1', '3da9aac7-69c6-448c-97b7-ce1cea9e5632', 'R', '19373 Rodriguez Mews', '93369-9918', 'Lake Michalstad', 'Trinidad and Tobago');
INSERT INTO CUSTOMERS (id, first_name, last_name) values ('c77e9bfa-4c44-470e-a7da-2e0f6d74fbaf', 'Erinn', 'Berge');
INSERT INTO CUSTOMER_IDENTIFIERS (customer_id, identifier_id, identifier_value) values ('c77e9bfa-4c44-470e-a7da-2e0f6d74fbaf', 102, '402515858');
INSERT INTO CUSTOMER_ADDRESSES (address_id, customer_id, address_type, street_address, zip_code, city, country) values ('1d30fc6e-f3da-48d7-8f48-a182b0123e48', 'c77e9bfa-4c44-470e-a7da-2e0f6d74fbaf', 'R', '1943 Mann Springs', '34009', 'West Vertie', 'Turks and Caicos Islands');
INSERT INTO CUSTOMERS (id, first_name, last_name) values ('dcafdd78-8fad-4921-a9d6-f4db06a7d114', 'Erin', 'Green');
INSERT INTO CUSTOMER_IDENTIFIERS (customer_id, identifier_id, identifier_value) values ('dcafdd78-8fad-4921-a9d6-f4db06a7d114', 103, '845-792-97-35');
INSERT INTO CUSTOMER_ADDRESSES (address_id, customer_id, address_type, street_address, zip_code, city, country) values ('30847fa3-85e2-49d6-a5c6-6b1e01021ee2', 'dcafdd78-8fad-4921-a9d6-f4db06a7d114', 'R', '7391 Halvorson Fords', '68677-7050', 'Schmidtshire', 'Bahamas');
INSERT INTO CUSTOMERS (id, first_name, last_name) values ('2a4cf731-8ad8-49b2-a47b-b1ff84e8f97a', 'Terrence', 'Bode');
INSERT INTO CUSTOMER_IDENTIFIERS (customer_id, identifier_id, identifier_value) values ('2a4cf731-8ad8-49b2-a47b-b1ff84e8f97a', 102, '599030034');
INSERT INTO CUSTOMER_ADDRESSES (address_id, customer_id, address_type, street_address, zip_code, city, country) values ('10a4824f-5290-4213-bf46-55dae6893093', '2a4cf731-8ad8-49b2-a47b-b1ff84e8f97a', 'R', '1115 Quitzon Glens', '36394-7148', 'Millsberg', 'Mongolia');
INSERT INTO CUSTOMERS (id, first_name, last_name) values ('4470f9d5-f4e2-4c97-8bd8-be1fe363626e', 'Stefanie', 'Altenwerth');
INSERT INTO CUSTOMER_IDENTIFIERS (customer_id, identifier_id, identifier_value) values ('4470f9d5-f4e2-4c97-8bd8-be1fe363626e', 101, '31254380792');
INSERT INTO CUSTOMER_IDENTIFIERS (customer_id, identifier_id, identifier_value) values ('4470f9d5-f4e2-4c97-8bd8-be1fe363626e', 103, '886-938-81-59');
INSERT INTO CUSTOMER_ADDRESSES (address_id, customer_id, address_type, street_address, zip_code, city, country) values ('3cb30de3-04fe-47a9-bf13-b14ffc01cfcd', '4470f9d5-f4e2-4c97-8bd8-be1fe363626e', 'R', '8060 Cyril Parkways', '66416', 'West Dick', 'Malawi');
INSERT INTO CUSTOMER_ADDRESSES (address_id, customer_id, address_type, street_address, zip_code, city, country) values ('0b045f39-93e2-47a0-8096-61d9a989899e', '4470f9d5-f4e2-4c97-8bd8-be1fe363626e', 'M', '571 Weldon Stream', '00330', 'Ankundingberg', 'Poland');
INSERT INTO CUSTOMERS (id, first_name, last_name) values ('867f4b00-1c0c-4f03-959f-7c3673bf74ac', 'Adelia', 'Cummerata');
INSERT INTO CUSTOMER_IDENTIFIERS (customer_id, identifier_id, identifier_value) values ('867f4b00-1c0c-4f03-959f-7c3673bf74ac', 102, '819656386');
INSERT INTO CUSTOMER_IDENTIFIERS (customer_id, identifier_id, identifier_value) values ('867f4b00-1c0c-4f03-959f-7c3673bf74ac', 103, '886-535-05-89');
INSERT INTO CUSTOMER_ADDRESSES (address_id, customer_id, address_type, street_address, zip_code, city, country) values ('872ed279-0ff9-4d1f-8f9e-d6e5e24a871a', '867f4b00-1c0c-4f03-959f-7c3673bf74ac', 'R', '67009 Doyle Creek', '28310-1560', 'Marianochester', 'Trinidad and Tobago');
INSERT INTO CUSTOMERS (id, first_name, last_name) values ('95369cf7-eec9-4129-8c3f-de64cfff4db5', 'Elias', 'McCullough');
INSERT INTO CUSTOMER_IDENTIFIERS (customer_id, identifier_id, identifier_value) values ('95369cf7-eec9-4129-8c3f-de64cfff4db5', 101, '68395727464');
INSERT INTO CUSTOMER_IDENTIFIERS (customer_id, identifier_id, identifier_value) values ('95369cf7-eec9-4129-8c3f-de64cfff4db5', 103, '166-205-36-89');
INSERT INTO CUSTOMER_ADDRESSES (address_id, customer_id, address_type, street_address, zip_code, city, country) values ('6f82a38a-ffd1-4ba3-9b00-54f33fc6d67c', '95369cf7-eec9-4129-8c3f-de64cfff4db5', 'R', '4499 Frami Estate', '26078-2510', 'Greenfeldershire', 'Saint Pierre and Miquelon');
INSERT INTO CUSTOMER_ADDRESSES (address_id, customer_id, address_type, street_address, zip_code, city, country) values ('ef66f017-6ed7-4833-b951-3dd8b9c8ae1b', '95369cf7-eec9-4129-8c3f-de64cfff4db5', 'M', '7094 Nanette Stream', '06367', 'Astridbury', 'Eritrea');
INSERT INTO CUSTOMERS (id, first_name, last_name) values ('d9db7ff5-06ef-428a-a2db-fae0ad4e6bc8', 'Marcelo', 'Boehm');
INSERT INTO CUSTOMER_IDENTIFIERS (customer_id, identifier_id, identifier_value) values ('d9db7ff5-06ef-428a-a2db-fae0ad4e6bc8', 102, '469445393');
INSERT INTO CUSTOMER_IDENTIFIERS (customer_id, identifier_id, identifier_value) values ('d9db7ff5-06ef-428a-a2db-fae0ad4e6bc8', 103, '559-606-45-00');
INSERT INTO CUSTOMER_ADDRESSES (address_id, customer_id, address_type, street_address, zip_code, city, country) values ('6b84dd12-f246-4e57-85eb-ce361b06cf3c', 'd9db7ff5-06ef-428a-a2db-fae0ad4e6bc8', 'R', '61217 Fahey Brook', '25229', 'East Arronborough', 'Malaysia');
INSERT INTO CUSTOMERS (id, first_name, last_name) values ('69943b9f-1a04-4f4c-8660-9ec08c3f69ae', 'Kathryne', 'Bogan');
INSERT INTO CUSTOMER_IDENTIFIERS (customer_id, identifier_id, identifier_value) values ('69943b9f-1a04-4f4c-8660-9ec08c3f69ae', 101, '48232319123');
INSERT INTO CUSTOMER_ADDRESSES (address_id, customer_id, address_type, street_address, zip_code, city, country) values ('715c0e2d-e186-4e1c-966d-eb00a5e4d205', '69943b9f-1a04-4f4c-8660-9ec08c3f69ae', 'R', '108 Kilback Ferry', '67581', 'West Deloisetown', 'Congo');
INSERT INTO CUSTOMERS (id, first_name, last_name) values ('008a392a-670e-4b1e-ae21-dcbea8d56ab2', 'Sidney', 'Ernser');
INSERT INTO CUSTOMER_IDENTIFIERS (customer_id, identifier_id, identifier_value) values ('008a392a-670e-4b1e-ae21-dcbea8d56ab2', 102, '168902351');
INSERT INTO CUSTOMER_ADDRESSES (address_id, customer_id, address_type, street_address, zip_code, city, country) values ('c3a6d9c0-bdc0-48b3-af5f-231dc81471c6', '008a392a-670e-4b1e-ae21-dcbea8d56ab2', 'R', '987 Evon Crescent', '54102', 'Bayerfort', 'Niue');
INSERT INTO CUSTOMERS (id, first_name, last_name) values ('60b16496-4b2f-4a12-a1ae-d8df6d1e223f', 'Jenelle', 'Schroeder');
INSERT INTO CUSTOMER_IDENTIFIERS (customer_id, identifier_id, identifier_value) values ('60b16496-4b2f-4a12-a1ae-d8df6d1e223f', 103, '197-317-97-93');
INSERT INTO CUSTOMER_ADDRESSES (address_id, customer_id, address_type, street_address, zip_code, city, country) values ('74982fe1-1a7e-41f8-ad49-199589911f49', '60b16496-4b2f-4a12-a1ae-d8df6d1e223f', 'R', '58089 Todd Roads', '41456', 'North Oscarborough', 'Poland');
INSERT INTO CUSTOMERS (id, first_name, last_name) values ('56f493fb-0b73-4dd0-9693-b881e750380f', 'Lexie', 'Satterfield');
INSERT INTO CUSTOMER_IDENTIFIERS (customer_id, identifier_id, identifier_value) values ('56f493fb-0b73-4dd0-9693-b881e750380f', 101, '11280767976');
INSERT INTO CUSTOMER_ADDRESSES (address_id, customer_id, address_type, street_address, zip_code, city, country) values ('9d5bff4a-002c-43aa-93f4-d77b3c434945', '56f493fb-0b73-4dd0-9693-b881e750380f', 'R', '0650 Hegmann Parkways', '07100', 'Donnyburgh', 'Zambia');
INSERT INTO CUSTOMERS (id, first_name, last_name) values ('483c995f-c27d-4f05-80ba-55270b02f750', 'Ramon', 'Kling');
INSERT INTO CUSTOMER_IDENTIFIERS (customer_id, identifier_id, identifier_value) values ('483c995f-c27d-4f05-80ba-55270b02f750', 101, '28538174656');
INSERT INTO CUSTOMER_IDENTIFIERS (customer_id, identifier_id, identifier_value) values ('483c995f-c27d-4f05-80ba-55270b02f750', 102, '185092085');
INSERT INTO CUSTOMER_IDENTIFIERS (customer_id, identifier_id, identifier_value) values ('483c995f-c27d-4f05-80ba-55270b02f750', 103, '562-556-93-18');
INSERT INTO CUSTOMER_ADDRESSES (address_id, customer_id, address_type, street_address, zip_code, city, country) values ('72209f85-96b1-4e45-895b-a47963c450fa', '483c995f-c27d-4f05-80ba-55270b02f750', 'R', '6091 Cyril Corners', '42824-8541', 'Lake Shawna', 'Angola');
INSERT INTO CUSTOMERS (id, first_name, last_name) values ('c985c4af-42cb-4d4b-a6a0-d628d4e0ba6c', 'Sau', 'Swift');
INSERT INTO CUSTOMER_IDENTIFIERS (customer_id, identifier_id, identifier_value) values ('c985c4af-42cb-4d4b-a6a0-d628d4e0ba6c', 102, '585151351');
INSERT INTO CUSTOMER_ADDRESSES (address_id, customer_id, address_type, street_address, zip_code, city, country) values ('f470ae12-f1d8-408f-9e45-010538723fe1', 'c985c4af-42cb-4d4b-a6a0-d628d4e0ba6c', 'R', '7999 Jared Track', '92095-0004', 'Koryshire', 'Pitcairn Islands');
INSERT INTO CUSTOMERS (id, first_name, last_name) values ('bb2e02e7-625d-4795-aaa5-4e611c857aae', 'Maynard', 'Blanda');
INSERT INTO CUSTOMER_IDENTIFIERS (customer_id, identifier_id, identifier_value) values ('bb2e02e7-625d-4795-aaa5-4e611c857aae', 101, '99588981852');
INSERT INTO CUSTOMER_ADDRESSES (address_id, customer_id, address_type, street_address, zip_code, city, country) values ('98eb50ee-b910-44d3-9f89-6f82d3eafb61', 'bb2e02e7-625d-4795-aaa5-4e611c857aae', 'R', '34634 Refugio Points', '89782-3019', 'Lake Gabrielle', 'Aruba');
INSERT INTO CUSTOMERS (id, first_name, last_name) values ('95e3c483-9857-406a-9797-9ed9db8587cb', 'Yoko', 'Rowe');
INSERT INTO CUSTOMER_IDENTIFIERS (customer_id, identifier_id, identifier_value) values ('95e3c483-9857-406a-9797-9ed9db8587cb', 103, '234-928-15-13');
INSERT INTO CUSTOMER_ADDRESSES (address_id, customer_id, address_type, street_address, zip_code, city, country) values ('3481a6a7-a2b4-4269-b3c7-44800ba13580', '95e3c483-9857-406a-9797-9ed9db8587cb', 'R', '1761 Nickolas Stravenue', '68339', 'North Val', 'Saint Martin');
INSERT INTO CUSTOMERS (id, first_name, last_name) values ('383da354-eac9-4637-9764-84fea8f2993b', 'Albert', 'Brekke');
INSERT INTO CUSTOMER_IDENTIFIERS (customer_id, identifier_id, identifier_value) values ('383da354-eac9-4637-9764-84fea8f2993b', 102, '451973784');
INSERT INTO CUSTOMER_IDENTIFIERS (customer_id, identifier_id, identifier_value) values ('383da354-eac9-4637-9764-84fea8f2993b', 103, '553-644-59-13');
INSERT INTO CUSTOMER_ADDRESSES (address_id, customer_id, address_type, street_address, zip_code, city, country) values ('caac9b0a-2ae6-4fc6-8e2c-2f0d81cf3c20', '383da354-eac9-4637-9764-84fea8f2993b', 'R', '30522 Shelby Port', '09489', 'East Anjelicamouth', 'Ethiopia');
INSERT INTO CUSTOMERS (id, first_name, last_name) values ('6daa40a5-442e-4c62-b642-e315075b206b', 'Clay', 'Feeney');
INSERT INTO CUSTOMER_IDENTIFIERS (customer_id, identifier_id, identifier_value) values ('6daa40a5-442e-4c62-b642-e315075b206b', 102, '134761247');
INSERT INTO CUSTOMER_IDENTIFIERS (customer_id, identifier_id, identifier_value) values ('6daa40a5-442e-4c62-b642-e315075b206b', 103, '542-217-96-37');
INSERT INTO CUSTOMER_ADDRESSES (address_id, customer_id, address_type, street_address, zip_code, city, country) values ('37f59c46-6491-4616-b0a8-183dc341d967', '6daa40a5-442e-4c62-b642-e315075b206b', 'R', '24296 Fadel Vista', '78115-2359', 'West Brantview', 'Lebanon');
INSERT INTO CUSTOMERS (id, first_name, last_name) values ('834f0a6e-764a-4751-a6a9-254ef62e3157', 'Abel', 'VonRueden');
INSERT INTO CUSTOMER_IDENTIFIERS (customer_id, identifier_id, identifier_value) values ('834f0a6e-764a-4751-a6a9-254ef62e3157', 103, '390-946-66-38');
INSERT INTO CUSTOMER_ADDRESSES (address_id, customer_id, address_type, street_address, zip_code, city, country) values ('12dc503b-e2eb-4673-b954-687f010a79c4', '834f0a6e-764a-4751-a6a9-254ef62e3157', 'R', '31354 Arlen Forks', '79777-7596', 'South Shanhaven', 'Djibouti');
INSERT INTO CUSTOMERS (id, first_name, last_name) values ('77e120c3-f310-46f4-8a60-df6b2dabc6b4', 'Ladonna', 'Thiel');
INSERT INTO CUSTOMER_IDENTIFIERS (customer_id, identifier_id, identifier_value) values ('77e120c3-f310-46f4-8a60-df6b2dabc6b4', 101, '55468708358');
INSERT INTO CUSTOMER_IDENTIFIERS (customer_id, identifier_id, identifier_value) values ('77e120c3-f310-46f4-8a60-df6b2dabc6b4', 102, '211789931');
INSERT INTO CUSTOMER_ADDRESSES (address_id, customer_id, address_type, street_address, zip_code, city, country) values ('b9498cf0-cc93-4f17-8534-1c9e9264ae48', '77e120c3-f310-46f4-8a60-df6b2dabc6b4', 'R', '263 Jenae Springs', '52956-3810', 'North Taren', 'Martinique');
INSERT INTO CUSTOMERS (id, first_name, last_name) values ('185eea82-72c8-4a13-a49c-48650a1cb6bb', 'Lester', 'Blick');
INSERT INTO CUSTOMER_IDENTIFIERS (customer_id, identifier_id, identifier_value) values ('185eea82-72c8-4a13-a49c-48650a1cb6bb', 101, '35284741945');
INSERT INTO CUSTOMER_IDENTIFIERS (customer_id, identifier_id, identifier_value) values ('185eea82-72c8-4a13-a49c-48650a1cb6bb', 103, '655-992-10-39');
INSERT INTO CUSTOMER_ADDRESSES (address_id, customer_id, address_type, street_address, zip_code, city, country) values ('a152cfca-23af-4e76-9827-3ae54cb80338', '185eea82-72c8-4a13-a49c-48650a1cb6bb', 'R', '19160 Marvin Parkways', '91138', 'New Harveyberg', 'Morocco');
INSERT INTO CUSTOMER_ADDRESSES (address_id, customer_id, address_type, street_address, zip_code, city, country) values ('91b16616-9693-43f6-a6cb-d82589464b23', '185eea82-72c8-4a13-a49c-48650a1cb6bb', 'M', '21415 Bechtelar Corners', '80362', 'West Dana', 'Thailand');
INSERT INTO CUSTOMERS (id, first_name, last_name) values ('6a9775a7-3d07-4d4e-88f0-d1fc27fc071e', 'Lloyd', 'Ryan');
INSERT INTO CUSTOMER_IDENTIFIERS (customer_id, identifier_id, identifier_value) values ('6a9775a7-3d07-4d4e-88f0-d1fc27fc071e', 102, '529493371');
INSERT INTO CUSTOMER_ADDRESSES (address_id, customer_id, address_type, street_address, zip_code, city, country) values ('29c7e9b9-fe4c-417a-8d06-b8f6399e109f', '6a9775a7-3d07-4d4e-88f0-d1fc27fc071e', 'R', '115 Pagac Pike', '84485', 'Wesleybury', 'Greenland');
INSERT INTO CUSTOMERS (id, first_name, last_name) values ('e404961f-af0e-48ea-8750-cc99ae02237c', 'Sumiko', 'Koch');
INSERT INTO CUSTOMER_IDENTIFIERS (customer_id, identifier_id, identifier_value) values ('e404961f-af0e-48ea-8750-cc99ae02237c', 102, '331826575');
INSERT INTO CUSTOMER_ADDRESSES (address_id, customer_id, address_type, street_address, zip_code, city, country) values ('9ca81c06-f523-45ab-b301-5da987366029', 'e404961f-af0e-48ea-8750-cc99ae02237c', 'R', '8108 Runolfsdottir Turnpike', '75714', 'Jaskolskistad', 'Seychelles');
INSERT INTO CUSTOMER_ADDRESSES (address_id, customer_id, address_type, street_address, zip_code, city, country) values ('a9ea8d7f-cc4f-4c73-b1ea-1315a8df6e91', 'e404961f-af0e-48ea-8750-cc99ae02237c', 'M', '545 Dale Ports', '70556-8473', 'South Devin', 'India');
INSERT INTO CUSTOMERS (id, first_name, last_name) values ('7ed9868b-6e8c-4320-9163-87c7195c1b72', 'Debbie', 'Hartmann');
INSERT INTO CUSTOMER_IDENTIFIERS (customer_id, identifier_id, identifier_value) values ('7ed9868b-6e8c-4320-9163-87c7195c1b72', 101, '19437559583');
INSERT INTO CUSTOMER_IDENTIFIERS (customer_id, identifier_id, identifier_value) values ('7ed9868b-6e8c-4320-9163-87c7195c1b72', 102, '776810602');
INSERT INTO CUSTOMER_IDENTIFIERS (customer_id, identifier_id, identifier_value) values ('7ed9868b-6e8c-4320-9163-87c7195c1b72', 103, '401-614-59-92');
INSERT INTO CUSTOMER_ADDRESSES (address_id, customer_id, address_type, street_address, zip_code, city, country) values ('0520c1d8-0aea-4f54-a228-d42ee1388a54', '7ed9868b-6e8c-4320-9163-87c7195c1b72', 'R', '86960 Wiegand Glens', '75383-7154', 'North Iramouth', 'Liberia');
INSERT INTO CUSTOMER_ADDRESSES (address_id, customer_id, address_type, street_address, zip_code, city, country) values ('c88e7bd0-9fec-48d7-8dc9-f1c0f2b28c11', '7ed9868b-6e8c-4320-9163-87c7195c1b72', 'M', '99439 Karole Park', '95482-5476', 'Baumbachbury', 'Sao Tome and Principe');
INSERT INTO CUSTOMERS (id, first_name, last_name) values ('4ed6e74f-7397-45a1-ab37-61dc88d1f610', 'Kathleen', 'Hickle');
INSERT INTO CUSTOMER_IDENTIFIERS (customer_id, identifier_id, identifier_value) values ('4ed6e74f-7397-45a1-ab37-61dc88d1f610', 103, '497-125-21-72');
INSERT INTO CUSTOMER_ADDRESSES (address_id, customer_id, address_type, street_address, zip_code, city, country) values ('d6b06e4e-efdd-48e9-a0ca-be1be433160c', '4ed6e74f-7397-45a1-ab37-61dc88d1f610', 'R', '2334 Scottie Dale', '31905', 'South Donnieside', 'Djibouti');
INSERT INTO CUSTOMER_ADDRESSES (address_id, customer_id, address_type, street_address, zip_code, city, country) values ('01fb3955-6506-45d7-932b-362aae25e563', '4ed6e74f-7397-45a1-ab37-61dc88d1f610', 'M', '5036 Christiana Parks', '98202-2192', 'Ronnyview', 'Indonesia');
INSERT INTO CUSTOMERS (id, first_name, last_name) values ('9509e587-bbc5-4959-a962-3aa5bbda311e', 'Fernanda', 'Franecki');
INSERT INTO CUSTOMER_IDENTIFIERS (customer_id, identifier_id, identifier_value) values ('9509e587-bbc5-4959-a962-3aa5bbda311e', 101, '56753234732');
INSERT INTO CUSTOMER_IDENTIFIERS (customer_id, identifier_id, identifier_value) values ('9509e587-bbc5-4959-a962-3aa5bbda311e', 102, '234127700');
INSERT INTO CUSTOMER_ADDRESSES (address_id, customer_id, address_type, street_address, zip_code, city, country) values ('e9828331-8c53-4b78-b157-f77fad75670e', '9509e587-bbc5-4959-a962-3aa5bbda311e', 'R', '571 Vanita Land', '36044-3658', 'East Dulce', 'Montenegro');
INSERT INTO CUSTOMER_ADDRESSES (address_id, customer_id, address_type, street_address, zip_code, city, country) values ('a6b0d1ff-642b-4ac9-864d-b37a1cccaea8', '9509e587-bbc5-4959-a962-3aa5bbda311e', 'M', '346 Parker Trail', '66374-6292', 'West Zackary', 'Liberia');
INSERT INTO CUSTOMERS (id, first_name, last_name) values ('80f928fe-d3fe-4853-8daf-25bf07b0a1b2', 'Charline', 'Bailey');
INSERT INTO CUSTOMER_IDENTIFIERS (customer_id, identifier_id, identifier_value) values ('80f928fe-d3fe-4853-8daf-25bf07b0a1b2', 101, '12961953107');
INSERT INTO CUSTOMER_IDENTIFIERS (customer_id, identifier_id, identifier_value) values ('80f928fe-d3fe-4853-8daf-25bf07b0a1b2', 103, '395-894-82-39');
INSERT INTO CUSTOMER_ADDRESSES (address_id, customer_id, address_type, street_address, zip_code, city, country) values ('984bb3b8-4a21-4639-96da-d0a86d5ca977', '80f928fe-d3fe-4853-8daf-25bf07b0a1b2', 'R', '602 Silas Lodge', '76624-9374', 'East Shawnborough', 'Slovenia');
INSERT INTO CUSTOMER_ADDRESSES (address_id, customer_id, address_type, street_address, zip_code, city, country) values ('ce4e788d-19bd-45c0-812e-2456a03eb5f9', '80f928fe-d3fe-4853-8daf-25bf07b0a1b2', 'M', '9403 Owen View', '48786-8687', 'Anibalview', 'Heard Island and McDonald Islands');
INSERT INTO CUSTOMERS (id, first_name, last_name) values ('7c38a4b1-8386-4178-b61f-e9ad39f715d8', 'Reuben', 'Leannon');
INSERT INTO CUSTOMER_IDENTIFIERS (customer_id, identifier_id, identifier_value) values ('7c38a4b1-8386-4178-b61f-e9ad39f715d8', 102, '432483893');
INSERT INTO CUSTOMER_ADDRESSES (address_id, customer_id, address_type, street_address, zip_code, city, country) values ('4933a600-f93f-48cb-9535-7a3686958cbd', '7c38a4b1-8386-4178-b61f-e9ad39f715d8', 'R', '20526 Romaguera Turnpike', '19117', 'Quigleyville', 'Jamaica');
INSERT INTO CUSTOMERS (id, first_name, last_name) values ('81957da7-ee19-4fe0-8453-fdd96328adf7', 'Mauro', 'Lakin');
INSERT INTO CUSTOMER_IDENTIFIERS (customer_id, identifier_id, identifier_value) values ('81957da7-ee19-4fe0-8453-fdd96328adf7', 102, '379862719');
INSERT INTO CUSTOMER_IDENTIFIERS (customer_id, identifier_id, identifier_value) values ('81957da7-ee19-4fe0-8453-fdd96328adf7', 103, '917-929-46-88');
INSERT INTO CUSTOMER_ADDRESSES (address_id, customer_id, address_type, street_address, zip_code, city, country) values ('1d756284-7362-4a99-ae98-3b435fffedf3', '81957da7-ee19-4fe0-8453-fdd96328adf7', 'R', '9785 Breana Islands', '31389-6084', 'North Abefurt', 'Svalbard & Jan Mayen Islands');
INSERT INTO CUSTOMERS (id, first_name, last_name) values ('c0c0b4bc-9003-48c3-8c96-f4d849552f90', 'Lourdes', 'Will');
INSERT INTO CUSTOMER_IDENTIFIERS (customer_id, identifier_id, identifier_value) values ('c0c0b4bc-9003-48c3-8c96-f4d849552f90', 101, '92343419099');
INSERT INTO CUSTOMER_IDENTIFIERS (customer_id, identifier_id, identifier_value) values ('c0c0b4bc-9003-48c3-8c96-f4d849552f90', 102, '402488120');
INSERT INTO CUSTOMER_IDENTIFIERS (customer_id, identifier_id, identifier_value) values ('c0c0b4bc-9003-48c3-8c96-f4d849552f90', 103, '980-782-48-96');
INSERT INTO CUSTOMER_ADDRESSES (address_id, customer_id, address_type, street_address, zip_code, city, country) values ('dbca0b74-4fab-41a3-a231-2c6f017d63ee', 'c0c0b4bc-9003-48c3-8c96-f4d849552f90', 'R', '0850 Bechtelar Underpass', '22652-1490', 'East Sheryll', 'Micronesia');
INSERT INTO CUSTOMERS (id, first_name, last_name) values ('d748ccba-add1-456d-9fcb-34ec0e76f5d5', 'Willetta', 'Bogan');
INSERT INTO CUSTOMER_IDENTIFIERS (customer_id, identifier_id, identifier_value) values ('d748ccba-add1-456d-9fcb-34ec0e76f5d5', 103, '643-689-01-25');
INSERT INTO CUSTOMER_ADDRESSES (address_id, customer_id, address_type, street_address, zip_code, city, country) values ('b7837087-5028-4752-bb2a-c7437c924753', 'd748ccba-add1-456d-9fcb-34ec0e76f5d5', 'R', '15562 Love Crescent', '75604-7426', 'Lake Melvin', 'Lebanon');
INSERT INTO CUSTOMERS (id, first_name, last_name) values ('49fb614b-44c2-4bb5-a432-7bb5da453618', 'Donn', 'Zieme');
INSERT INTO CUSTOMER_IDENTIFIERS (customer_id, identifier_id, identifier_value) values ('49fb614b-44c2-4bb5-a432-7bb5da453618', 101, '42423908612');
INSERT INTO CUSTOMER_IDENTIFIERS (customer_id, identifier_id, identifier_value) values ('49fb614b-44c2-4bb5-a432-7bb5da453618', 102, '141023952');
INSERT INTO CUSTOMER_ADDRESSES (address_id, customer_id, address_type, street_address, zip_code, city, country) values ('9eb857a1-1add-4ba3-a2b2-84a4550600eb', '49fb614b-44c2-4bb5-a432-7bb5da453618', 'R', '2653 Gaylord Canyon', '94980-5193', 'East Vicente', 'Sri Lanka');
INSERT INTO CUSTOMER_ADDRESSES (address_id, customer_id, address_type, street_address, zip_code, city, country) values ('5de1d40b-abc7-4de9-8cb8-8ab4009d1b44', '49fb614b-44c2-4bb5-a432-7bb5da453618', 'M', '8664 Nikki Passage', '23757', 'Goodwinfurt', 'Jamaica');
INSERT INTO CUSTOMERS (id, first_name, last_name) values ('e9d79e1a-2306-469d-bff6-0b33eca407b6', 'Fidel', 'Botsford');
INSERT INTO CUSTOMER_IDENTIFIERS (customer_id, identifier_id, identifier_value) values ('e9d79e1a-2306-469d-bff6-0b33eca407b6', 101, '82221560317');
INSERT INTO CUSTOMER_IDENTIFIERS (customer_id, identifier_id, identifier_value) values ('e9d79e1a-2306-469d-bff6-0b33eca407b6', 103, '154-858-49-51');
INSERT INTO CUSTOMER_ADDRESSES (address_id, customer_id, address_type, street_address, zip_code, city, country) values ('7de7cf5d-6cf4-4760-a12e-acf37620497a', 'e9d79e1a-2306-469d-bff6-0b33eca407b6', 'R', '2663 Cameron Bridge', '87055-6497', 'Port Phungshire', 'Mozambique');
INSERT INTO CUSTOMERS (id, first_name, last_name) values ('76f27741-6dfa-4594-8dfc-ae4ba90c0fd4', 'Emerson', 'Williamson');
INSERT INTO CUSTOMER_IDENTIFIERS (customer_id, identifier_id, identifier_value) values ('76f27741-6dfa-4594-8dfc-ae4ba90c0fd4', 101, '80948241703');
INSERT INTO CUSTOMER_IDENTIFIERS (customer_id, identifier_id, identifier_value) values ('76f27741-6dfa-4594-8dfc-ae4ba90c0fd4', 103, '236-094-95-93');
INSERT INTO CUSTOMER_ADDRESSES (address_id, customer_id, address_type, street_address, zip_code, city, country) values ('5a579201-60e3-443b-9e3b-68265a1675eb', '76f27741-6dfa-4594-8dfc-ae4ba90c0fd4', 'R', '2401 Gibson Road', '16714', 'Lake Laniemouth', 'Virgin Islands, U.S.');
INSERT INTO CUSTOMERS (id, first_name, last_name) values ('c8aed573-342d-412d-99f6-2993dba38f9e', 'Cora', 'Hermann');
INSERT INTO CUSTOMER_IDENTIFIERS (customer_id, identifier_id, identifier_value) values ('c8aed573-342d-412d-99f6-2993dba38f9e', 102, '434599629');
INSERT INTO CUSTOMER_IDENTIFIERS (customer_id, identifier_id, identifier_value) values ('c8aed573-342d-412d-99f6-2993dba38f9e', 103, '416-541-70-28');
INSERT INTO CUSTOMER_ADDRESSES (address_id, customer_id, address_type, street_address, zip_code, city, country) values ('1c710745-e58b-44b6-849b-f16a5f0e1252', 'c8aed573-342d-412d-99f6-2993dba38f9e', 'R', '848 Bernier Mount', '86708-2597', 'North Monroeport', 'Cayman Islands');
INSERT INTO CUSTOMER_ADDRESSES (address_id, customer_id, address_type, street_address, zip_code, city, country) values ('898d6caa-93cb-4fa6-a7c5-aa2d7b465b0e', 'c8aed573-342d-412d-99f6-2993dba38f9e', 'M', '2570 Walsh Plains', '99504-7311', 'Elbertshire', 'Nicaragua');
INSERT INTO CUSTOMERS (id, first_name, last_name) values ('4f1792a4-b487-4796-871e-cd5be2534d99', 'Towanda', 'Rowe');
INSERT INTO CUSTOMER_IDENTIFIERS (customer_id, identifier_id, identifier_value) values ('4f1792a4-b487-4796-871e-cd5be2534d99', 101, '65897445210');
INSERT INTO CUSTOMER_IDENTIFIERS (customer_id, identifier_id, identifier_value) values ('4f1792a4-b487-4796-871e-cd5be2534d99', 102, '643446721');
INSERT INTO CUSTOMER_IDENTIFIERS (customer_id, identifier_id, identifier_value) values ('4f1792a4-b487-4796-871e-cd5be2534d99', 103, '033-357-35-64');
INSERT INTO CUSTOMER_ADDRESSES (address_id, customer_id, address_type, street_address, zip_code, city, country) values ('25f1c7ae-30bc-4dc7-af92-95ee517130c7', '4f1792a4-b487-4796-871e-cd5be2534d99', 'R', '871 Jenelle Plaza', '64809', 'East Derek', 'Moldova');
INSERT INTO CUSTOMERS (id, first_name, last_name) values ('049b6235-9f7b-48ca-b588-25ac29b7f979', 'Shawnna', 'Maggio');
INSERT INTO CUSTOMER_IDENTIFIERS (customer_id, identifier_id, identifier_value) values ('049b6235-9f7b-48ca-b588-25ac29b7f979', 102, '452888112');
INSERT INTO CUSTOMER_ADDRESSES (address_id, customer_id, address_type, street_address, zip_code, city, country) values ('cea2a102-c183-417e-b8bb-40617fd1c81a', '049b6235-9f7b-48ca-b588-25ac29b7f979', 'R', '653 Rolfson Shores', '20340', 'Wittingview', 'Slovenia');
INSERT INTO CUSTOMERS (id, first_name, last_name) values ('420a8601-f9ec-44d4-871f-a61acc656b7d', 'Zackary', 'Dibbert');
INSERT INTO CUSTOMER_IDENTIFIERS (customer_id, identifier_id, identifier_value) values ('420a8601-f9ec-44d4-871f-a61acc656b7d', 101, '29195013527');
INSERT INTO CUSTOMER_IDENTIFIERS (customer_id, identifier_id, identifier_value) values ('420a8601-f9ec-44d4-871f-a61acc656b7d', 103, '720-169-93-31');
INSERT INTO CUSTOMER_ADDRESSES (address_id, customer_id, address_type, street_address, zip_code, city, country) values ('6783b8aa-e588-48e4-a5e1-79bc249847e9', '420a8601-f9ec-44d4-871f-a61acc656b7d', 'R', '470 Lavenia Island', '97407', 'South Phyliciaville', 'Czech Republic');
INSERT INTO CUSTOMER_ADDRESSES (address_id, customer_id, address_type, street_address, zip_code, city, country) values ('29a5dba1-2fe6-47ff-bd0f-d3d6c37b8edb', '420a8601-f9ec-44d4-871f-a61acc656b7d', 'M', '156 Bryan Overpass', '64797', 'Prohaskaton', 'Albania');
INSERT INTO CUSTOMERS (id, first_name, last_name) values ('9cf81190-90d3-428c-94da-13b3b57e2d71', 'Ollie', 'Lind');
INSERT INTO CUSTOMER_IDENTIFIERS (customer_id, identifier_id, identifier_value) values ('9cf81190-90d3-428c-94da-13b3b57e2d71', 101, '68527057464');
INSERT INTO CUSTOMER_IDENTIFIERS (customer_id, identifier_id, identifier_value) values ('9cf81190-90d3-428c-94da-13b3b57e2d71', 102, '180541312');
INSERT INTO CUSTOMER_ADDRESSES (address_id, customer_id, address_type, street_address, zip_code, city, country) values ('ec712382-fb21-4074-a148-d8bf9ab18978', '9cf81190-90d3-428c-94da-13b3b57e2d71', 'R', '822 Becker Field', '92282-5376', 'Port Claudeton', 'Palau');
INSERT INTO CUSTOMER_ADDRESSES (address_id, customer_id, address_type, street_address, zip_code, city, country) values ('967f846c-68e8-43da-a382-e0e1a6cb7306', '9cf81190-90d3-428c-94da-13b3b57e2d71', 'M', '679 Gusikowski Way', '24929', 'Morissettetown', 'Papua New Guinea');
INSERT INTO CUSTOMERS (id, first_name, last_name) values ('8b699041-4781-406a-a8e8-56699a6fc774', 'Tamala', 'Ratke');
INSERT INTO CUSTOMER_IDENTIFIERS (customer_id, identifier_id, identifier_value) values ('8b699041-4781-406a-a8e8-56699a6fc774', 102, '168496510');
INSERT INTO CUSTOMER_IDENTIFIERS (customer_id, identifier_id, identifier_value) values ('8b699041-4781-406a-a8e8-56699a6fc774', 103, '229-645-10-60');
INSERT INTO CUSTOMER_ADDRESSES (address_id, customer_id, address_type, street_address, zip_code, city, country) values ('22c02d9e-f061-430b-9c45-c5af1979973e', '8b699041-4781-406a-a8e8-56699a6fc774', 'R', '624 Batz View', '59144-0549', 'New Leonardton', 'Guernsey');
INSERT INTO CUSTOMERS (id, first_name, last_name) values ('f5609936-4f25-48ee-ae14-1acd226935b7', 'Fatima', 'Veum');
INSERT INTO CUSTOMER_IDENTIFIERS (customer_id, identifier_id, identifier_value) values ('f5609936-4f25-48ee-ae14-1acd226935b7', 101, '97239968990');
INSERT INTO CUSTOMER_ADDRESSES (address_id, customer_id, address_type, street_address, zip_code, city, country) values ('c739a3c5-d3ee-4a41-b87c-c0f9e769838c', 'f5609936-4f25-48ee-ae14-1acd226935b7', 'R', '940 Mohr Valleys', '58057-8666', 'Lake Israel', 'Bahrain');
INSERT INTO CUSTOMER_ADDRESSES (address_id, customer_id, address_type, street_address, zip_code, city, country) values ('821de42f-b0cc-4572-b979-87722feb1c71', 'f5609936-4f25-48ee-ae14-1acd226935b7', 'M', '7246 Von Stravenue', '06097-6670', 'Asatown', 'Uganda');
INSERT INTO CUSTOMERS (id, first_name, last_name) values ('d8bfc3a1-a636-43c7-9ea6-903d707e8e20', 'Terry', 'Kshlerin');
INSERT INTO CUSTOMER_IDENTIFIERS (customer_id, identifier_id, identifier_value) values ('d8bfc3a1-a636-43c7-9ea6-903d707e8e20', 102, '242817843');
INSERT INTO CUSTOMER_IDENTIFIERS (customer_id, identifier_id, identifier_value) values ('d8bfc3a1-a636-43c7-9ea6-903d707e8e20', 103, '015-509-60-81');
INSERT INTO CUSTOMER_ADDRESSES (address_id, customer_id, address_type, street_address, zip_code, city, country) values ('9411466d-f633-4f17-ae77-bbff014870e2', 'd8bfc3a1-a636-43c7-9ea6-903d707e8e20', 'R', '561 Carmelo Locks', '43725', 'West Coltonland', 'Slovakia (Slovak Republic)');
INSERT INTO CUSTOMER_ADDRESSES (address_id, customer_id, address_type, street_address, zip_code, city, country) values ('720e333b-0640-4b75-a244-f40a8da1fe38', 'd8bfc3a1-a636-43c7-9ea6-903d707e8e20', 'M', '39352 Louie Camp', '77289-7637', 'North Noble', 'Canada');
INSERT INTO CUSTOMERS (id, first_name, last_name) values ('2bc9cedb-7dac-4739-8faa-cfb7bd29362e', 'Marquita', 'Witting');
INSERT INTO CUSTOMER_IDENTIFIERS (customer_id, identifier_id, identifier_value) values ('2bc9cedb-7dac-4739-8faa-cfb7bd29362e', 102, '721361457');
INSERT INTO CUSTOMER_IDENTIFIERS (customer_id, identifier_id, identifier_value) values ('2bc9cedb-7dac-4739-8faa-cfb7bd29362e', 103, '030-541-88-43');
INSERT INTO CUSTOMER_ADDRESSES (address_id, customer_id, address_type, street_address, zip_code, city, country) values ('9e5c2b4e-102b-4ef7-bd5b-3ff744ebc478', '2bc9cedb-7dac-4739-8faa-cfb7bd29362e', 'R', '2349 Dooley Track', '68594-8868', 'North Pamulaview', 'Zimbabwe');
INSERT INTO CUSTOMER_ADDRESSES (address_id, customer_id, address_type, street_address, zip_code, city, country) values ('a785c1be-caa0-410c-8e1c-19315646bc79', '2bc9cedb-7dac-4739-8faa-cfb7bd29362e', 'M', '611 Noel Brooks', '10602', 'New Willard', 'Kuwait');
INSERT INTO CUSTOMERS (id, first_name, last_name) values ('b1a1a712-9b1d-45fe-8bf1-e2b082872e05', 'Roman', 'Crist');
INSERT INTO CUSTOMER_IDENTIFIERS (customer_id, identifier_id, identifier_value) values ('b1a1a712-9b1d-45fe-8bf1-e2b082872e05', 101, '18056658897');
INSERT INTO CUSTOMER_IDENTIFIERS (customer_id, identifier_id, identifier_value) values ('b1a1a712-9b1d-45fe-8bf1-e2b082872e05', 102, '470202480');
INSERT INTO CUSTOMER_IDENTIFIERS (customer_id, identifier_id, identifier_value) values ('b1a1a712-9b1d-45fe-8bf1-e2b082872e05', 103, '915-242-40-21');
INSERT INTO CUSTOMER_ADDRESSES (address_id, customer_id, address_type, street_address, zip_code, city, country) values ('f9e65b3a-c322-41b3-9386-810782ec8bd6', 'b1a1a712-9b1d-45fe-8bf1-e2b082872e05', 'R', '1780 Goldner Ways', '77091', 'Johnsontown', 'Kiribati');
INSERT INTO CUSTOMERS (id, first_name, last_name) values ('631b1f27-32b0-4466-b17d-40152322a9fb', 'Vennie', 'Leuschke');
INSERT INTO CUSTOMER_IDENTIFIERS (customer_id, identifier_id, identifier_value) values ('631b1f27-32b0-4466-b17d-40152322a9fb', 103, '991-292-64-53');
INSERT INTO CUSTOMER_ADDRESSES (address_id, customer_id, address_type, street_address, zip_code, city, country) values ('af694e2e-b0c9-4a09-9e7b-5a9b95a7a966', '631b1f27-32b0-4466-b17d-40152322a9fb', 'R', '9793 MacGyver Underpass', '54361', 'Stokesland', 'Afghanistan');
INSERT INTO CUSTOMERS (id, first_name, last_name) values ('7ab7ece2-9ce0-4d55-9fe6-1f0ba2a0bd74', 'Matthew', 'Hermann');
INSERT INTO CUSTOMER_IDENTIFIERS (customer_id, identifier_id, identifier_value) values ('7ab7ece2-9ce0-4d55-9fe6-1f0ba2a0bd74', 101, '80798148573');
INSERT INTO CUSTOMER_IDENTIFIERS (customer_id, identifier_id, identifier_value) values ('7ab7ece2-9ce0-4d55-9fe6-1f0ba2a0bd74', 103, '099-696-74-26');
INSERT INTO CUSTOMER_ADDRESSES (address_id, customer_id, address_type, street_address, zip_code, city, country) values ('5aeaf7c3-873f-4827-a443-3c6ecd9f7306', '7ab7ece2-9ce0-4d55-9fe6-1f0ba2a0bd74', 'R', '10690 Margaretta Skyway', '57853', 'Balistrerishire', 'Ethiopia');
INSERT INTO CUSTOMER_ADDRESSES (address_id, customer_id, address_type, street_address, zip_code, city, country) values ('36c71563-4d56-45e4-b8f0-1c6af25b1bde', '7ab7ece2-9ce0-4d55-9fe6-1f0ba2a0bd74', 'M', '37080 Gregorio Shore', '88951', 'North Willybury', 'Morocco');
INSERT INTO CUSTOMERS (id, first_name, last_name) values ('ee31b578-cb45-4eb8-8ad3-60780b251af6', 'Hung', 'Wolf');
INSERT INTO CUSTOMER_IDENTIFIERS (customer_id, identifier_id, identifier_value) values ('ee31b578-cb45-4eb8-8ad3-60780b251af6', 101, '78347307402');
INSERT INTO CUSTOMER_IDENTIFIERS (customer_id, identifier_id, identifier_value) values ('ee31b578-cb45-4eb8-8ad3-60780b251af6', 102, '213142948');
INSERT INTO CUSTOMER_IDENTIFIERS (customer_id, identifier_id, identifier_value) values ('ee31b578-cb45-4eb8-8ad3-60780b251af6', 103, '890-539-61-22');
INSERT INTO CUSTOMER_ADDRESSES (address_id, customer_id, address_type, street_address, zip_code, city, country) values ('1a34e279-cd21-418b-9a7b-a9185d72cf30', 'ee31b578-cb45-4eb8-8ad3-60780b251af6', 'R', '820 Blanda Cape', '86016', 'South Nestorfurt', 'Israel');
INSERT INTO CUSTOMERS (id, first_name, last_name) values ('f6992661-bc32-472f-8e4a-5bae6981cc74', 'Murray', 'Spencer');
INSERT INTO CUSTOMER_IDENTIFIERS (customer_id, identifier_id, identifier_value) values ('f6992661-bc32-472f-8e4a-5bae6981cc74', 101, '16451806561');
INSERT INTO CUSTOMER_ADDRESSES (address_id, customer_id, address_type, street_address, zip_code, city, country) values ('808c3b06-207e-42da-bd47-dd04fb44e52a', 'f6992661-bc32-472f-8e4a-5bae6981cc74', 'R', '6276 Kareem Heights', '35358-6047', 'East Denese', 'Heard Island and McDonald Islands');
INSERT INTO CUSTOMER_ADDRESSES (address_id, customer_id, address_type, street_address, zip_code, city, country) values ('cf7e314b-2c0d-4a8e-8ea6-3d4d47b6221d', 'f6992661-bc32-472f-8e4a-5bae6981cc74', 'M', '8164 Benjamin Terrace', '99790-9954', 'Kozeyside', 'Angola');
INSERT INTO CUSTOMERS (id, first_name, last_name) values ('8c4c0262-be04-4134-93db-ae72d853300a', 'Bettina', 'Cole');
INSERT INTO CUSTOMER_IDENTIFIERS (customer_id, identifier_id, identifier_value) values ('8c4c0262-be04-4134-93db-ae72d853300a', 102, '972997250');
INSERT INTO CUSTOMER_IDENTIFIERS (customer_id, identifier_id, identifier_value) values ('8c4c0262-be04-4134-93db-ae72d853300a', 103, '231-446-03-43');
INSERT INTO CUSTOMER_ADDRESSES (address_id, customer_id, address_type, street_address, zip_code, city, country) values ('e7b3cafd-6bf5-4b80-9a1e-75f463e23d76', '8c4c0262-be04-4134-93db-ae72d853300a', 'R', '5242 Blanda Square', '36471', 'Jadestad', 'Saint Vincent and the Grenadines');
INSERT INTO CUSTOMERS (id, first_name, last_name) values ('d8375f5a-feb6-49a5-8a08-a083bcf47115', 'Lashawna', 'Wisozk');
INSERT INTO CUSTOMER_IDENTIFIERS (customer_id, identifier_id, identifier_value) values ('d8375f5a-feb6-49a5-8a08-a083bcf47115', 101, '73627953763');
INSERT INTO CUSTOMER_IDENTIFIERS (customer_id, identifier_id, identifier_value) values ('d8375f5a-feb6-49a5-8a08-a083bcf47115', 103, '843-636-98-03');
INSERT INTO CUSTOMER_ADDRESSES (address_id, customer_id, address_type, street_address, zip_code, city, country) values ('0cf1c116-4def-463a-b908-e33939f577ff', 'd8375f5a-feb6-49a5-8a08-a083bcf47115', 'R', '900 Rempel Shore', '77456-5038', 'Ryanview', 'Svalbard & Jan Mayen Islands');
INSERT INTO CUSTOMERS (id, first_name, last_name) values ('61c00fa8-b860-4f37-86b8-82189f95f486', 'Digna', 'Rutherford');
INSERT INTO CUSTOMER_IDENTIFIERS (customer_id, identifier_id, identifier_value) values ('61c00fa8-b860-4f37-86b8-82189f95f486', 101, '32361357687');
INSERT INTO CUSTOMER_ADDRESSES (address_id, customer_id, address_type, street_address, zip_code, city, country) values ('81e9dcb9-c3e3-46ac-8638-52e4d519fec1', '61c00fa8-b860-4f37-86b8-82189f95f486', 'R', '9254 Lois Loop', '61223-1092', 'Clydechester', 'Gibraltar');
INSERT INTO CUSTOMER_ADDRESSES (address_id, customer_id, address_type, street_address, zip_code, city, country) values ('1cd1004b-0cd8-4492-91d0-67534f884bf1', '61c00fa8-b860-4f37-86b8-82189f95f486', 'M', '490 Harvey Locks', '12700', 'West Brian', 'Macao');
INSERT INTO CUSTOMERS (id, first_name, last_name) values ('25f0cc66-aa4e-4e9f-9b44-392153ef97a8', 'Williams', 'Pacocha');
INSERT INTO CUSTOMER_IDENTIFIERS (customer_id, identifier_id, identifier_value) values ('25f0cc66-aa4e-4e9f-9b44-392153ef97a8', 101, '11464931837');
INSERT INTO CUSTOMER_IDENTIFIERS (customer_id, identifier_id, identifier_value) values ('25f0cc66-aa4e-4e9f-9b44-392153ef97a8', 103, '427-154-04-10');
INSERT INTO CUSTOMER_ADDRESSES (address_id, customer_id, address_type, street_address, zip_code, city, country) values ('cd374ed6-790e-4a78-8b6d-407770086c4f', '25f0cc66-aa4e-4e9f-9b44-392153ef97a8', 'R', '1256 Nathanial Prairie', '08428', 'North Shanemouth', 'British Indian Ocean Territory (Chagos Archipelago)');
INSERT INTO CUSTOMERS (id, first_name, last_name) values ('63d04b27-ff3b-4241-83cb-042bc8c624d5', 'Kerstin', 'Mohr');
INSERT INTO CUSTOMER_IDENTIFIERS (customer_id, identifier_id, identifier_value) values ('63d04b27-ff3b-4241-83cb-042bc8c624d5', 101, '69984500060');
INSERT INTO CUSTOMER_IDENTIFIERS (customer_id, identifier_id, identifier_value) values ('63d04b27-ff3b-4241-83cb-042bc8c624d5', 102, '918308443');
INSERT INTO CUSTOMER_ADDRESSES (address_id, customer_id, address_type, street_address, zip_code, city, country) values ('d26b19fd-66d3-4ddd-92de-510ed314020f', '63d04b27-ff3b-4241-83cb-042bc8c624d5', 'R', '66287 Kulas Haven', '63756', 'Veumton', 'Mali');
INSERT INTO CUSTOMERS (id, first_name, last_name) values ('b764aa09-f233-44ee-9dfc-dd805d72dc0d', 'Maria', 'Rosenbaum');
INSERT INTO CUSTOMER_IDENTIFIERS (customer_id, identifier_id, identifier_value) values ('b764aa09-f233-44ee-9dfc-dd805d72dc0d', 102, '804686210');
INSERT INTO CUSTOMER_IDENTIFIERS (customer_id, identifier_id, identifier_value) values ('b764aa09-f233-44ee-9dfc-dd805d72dc0d', 103, '489-720-12-45');
INSERT INTO CUSTOMER_ADDRESSES (address_id, customer_id, address_type, street_address, zip_code, city, country) values ('96872dca-4dcc-4390-a6df-7657eb70cd86', 'b764aa09-f233-44ee-9dfc-dd805d72dc0d', 'R', '880 Marvin Trail', '21303', 'Okunevaburgh', 'Uganda');
INSERT INTO CUSTOMERS (id, first_name, last_name) values ('f189ffa3-fba9-4763-935a-eefa557b9e5b', 'Chang', 'Lindgren');
INSERT INTO CUSTOMER_IDENTIFIERS (customer_id, identifier_id, identifier_value) values ('f189ffa3-fba9-4763-935a-eefa557b9e5b', 101, '31458976433');
INSERT INTO CUSTOMER_IDENTIFIERS (customer_id, identifier_id, identifier_value) values ('f189ffa3-fba9-4763-935a-eefa557b9e5b', 102, '727603128');
INSERT INTO CUSTOMER_IDENTIFIERS (customer_id, identifier_id, identifier_value) values ('f189ffa3-fba9-4763-935a-eefa557b9e5b', 103, '500-141-00-59');
INSERT INTO CUSTOMER_ADDRESSES (address_id, customer_id, address_type, street_address, zip_code, city, country) values ('e5674b3b-e8be-4091-95a1-e939baf1ed5c', 'f189ffa3-fba9-4763-935a-eefa557b9e5b', 'R', '557 Rippin Flats', '63992', 'Lake Otilia', 'Georgia');
INSERT INTO CUSTOMERS (id, first_name, last_name) values ('bc7d105d-40db-4d4d-a0dd-db80fc305b69', 'Andrea', 'Jast');
INSERT INTO CUSTOMER_IDENTIFIERS (customer_id, identifier_id, identifier_value) values ('bc7d105d-40db-4d4d-a0dd-db80fc305b69', 103, '947-308-82-40');
INSERT INTO CUSTOMER_ADDRESSES (address_id, customer_id, address_type, street_address, zip_code, city, country) values ('b5700d55-b4e7-4219-8357-8ff7775dff6d', 'bc7d105d-40db-4d4d-a0dd-db80fc305b69', 'R', '184 Kimberlie Mills', '65111', 'Alihaven', 'Swaziland');
INSERT INTO CUSTOMERS (id, first_name, last_name) values ('86e060bc-fa08-4d5d-81ec-6c0d1b2f83d6', 'Roland', 'Flatley');
INSERT INTO CUSTOMER_IDENTIFIERS (customer_id, identifier_id, identifier_value) values ('86e060bc-fa08-4d5d-81ec-6c0d1b2f83d6', 102, '968522569');
INSERT INTO CUSTOMER_IDENTIFIERS (customer_id, identifier_id, identifier_value) values ('86e060bc-fa08-4d5d-81ec-6c0d1b2f83d6', 103, '407-455-35-22');
INSERT INTO CUSTOMER_ADDRESSES (address_id, customer_id, address_type, street_address, zip_code, city, country) values ('32c161a6-c107-4deb-a03e-b414520ff692', '86e060bc-fa08-4d5d-81ec-6c0d1b2f83d6', 'R', '5375 Usha Tunnel', '35080', 'Harveychester', 'Belize');
INSERT INTO CUSTOMERS (id, first_name, last_name) values ('63ad7876-7520-4218-885c-7e2c37c36fe5', 'Nicolas', 'Dare');
INSERT INTO CUSTOMER_IDENTIFIERS (customer_id, identifier_id, identifier_value) values ('63ad7876-7520-4218-885c-7e2c37c36fe5', 101, '75025243210');
INSERT INTO CUSTOMER_IDENTIFIERS (customer_id, identifier_id, identifier_value) values ('63ad7876-7520-4218-885c-7e2c37c36fe5', 102, '391708941');
INSERT INTO CUSTOMER_ADDRESSES (address_id, customer_id, address_type, street_address, zip_code, city, country) values ('e6004262-7c1f-42cf-b1f5-22b7e29f55d2', '63ad7876-7520-4218-885c-7e2c37c36fe5', 'R', '6395 Weissnat Brook', '77645', 'Lake Jesse', 'Mauritius');
INSERT INTO CUSTOMERS (id, first_name, last_name) values ('a973a251-0e0e-49c0-bdba-bcecf20ff916', 'Titus', 'Quigley');
INSERT INTO CUSTOMER_IDENTIFIERS (customer_id, identifier_id, identifier_value) values ('a973a251-0e0e-49c0-bdba-bcecf20ff916', 101, '73612756214');
INSERT INTO CUSTOMER_IDENTIFIERS (customer_id, identifier_id, identifier_value) values ('a973a251-0e0e-49c0-bdba-bcecf20ff916', 102, '089929442');
INSERT INTO CUSTOMER_ADDRESSES (address_id, customer_id, address_type, street_address, zip_code, city, country) values ('57ef93b8-5889-4ea1-ba00-d1a83eac7eb0', 'a973a251-0e0e-49c0-bdba-bcecf20ff916', 'R', '625 Prosacco Motorway', '30974', 'Edborough', 'Saint Lucia');
INSERT INTO CUSTOMER_ADDRESSES (address_id, customer_id, address_type, street_address, zip_code, city, country) values ('66b2a430-2ad7-43cf-b02a-6c9b0c17c8f4', 'a973a251-0e0e-49c0-bdba-bcecf20ff916', 'M', '9740 Treutel Fall', '56291-2949', 'Alonsochester', 'Iraq');
INSERT INTO CUSTOMERS (id, first_name, last_name) values ('5e638c0b-3b8a-4fb7-8089-32e08a12ac62', 'Lashanda', 'Hoppe');
INSERT INTO CUSTOMER_IDENTIFIERS (customer_id, identifier_id, identifier_value) values ('5e638c0b-3b8a-4fb7-8089-32e08a12ac62', 103, '081-837-79-15');
INSERT INTO CUSTOMER_ADDRESSES (address_id, customer_id, address_type, street_address, zip_code, city, country) values ('d892b6e2-9af7-4fdc-8bde-f9d526b0309f', '5e638c0b-3b8a-4fb7-8089-32e08a12ac62', 'R', '9968 Joanie Drives', '47502', 'South Tracyside', 'Albania');
INSERT INTO CUSTOMERS (id, first_name, last_name) values ('7c6c14e3-27ce-483a-8f27-782eefffa369', 'Zola', 'Bogan');
INSERT INTO CUSTOMER_IDENTIFIERS (customer_id, identifier_id, identifier_value) values ('7c6c14e3-27ce-483a-8f27-782eefffa369', 101, '57651225147');
INSERT INTO CUSTOMER_ADDRESSES (address_id, customer_id, address_type, street_address, zip_code, city, country) values ('73266bac-e0cc-46fe-9759-122bdeef099b', '7c6c14e3-27ce-483a-8f27-782eefffa369', 'R', '8764 Dickinson Road', '69053', 'Kochshire', 'Saudi Arabia');
INSERT INTO CUSTOMER_ADDRESSES (address_id, customer_id, address_type, street_address, zip_code, city, country) values ('82cc52d1-70c0-4f4d-8156-dc5654d11978', '7c6c14e3-27ce-483a-8f27-782eefffa369', 'M', '52026 Rosario Dale', '02579', 'Okmouth', 'New Zealand');
INSERT INTO CUSTOMERS (id, first_name, last_name) values ('d782bb36-d127-4338-92ec-daaa5d95bc38', 'Darci', 'Lindgren');
INSERT INTO CUSTOMER_IDENTIFIERS (customer_id, identifier_id, identifier_value) values ('d782bb36-d127-4338-92ec-daaa5d95bc38', 101, '81680558406');
INSERT INTO CUSTOMER_IDENTIFIERS (customer_id, identifier_id, identifier_value) values ('d782bb36-d127-4338-92ec-daaa5d95bc38', 102, '881250487');
INSERT INTO CUSTOMER_IDENTIFIERS (customer_id, identifier_id, identifier_value) values ('d782bb36-d127-4338-92ec-daaa5d95bc38', 103, '331-623-39-28');
INSERT INTO CUSTOMER_ADDRESSES (address_id, customer_id, address_type, street_address, zip_code, city, country) values ('a9dc4e7a-03fb-45eb-8431-79a061d252f7', 'd782bb36-d127-4338-92ec-daaa5d95bc38', 'R', '669 Katelynn Trail', '72775-2739', 'South Elbert', 'Italy');
INSERT INTO CUSTOMERS (id, first_name, last_name) values ('9c34674e-d765-41f7-9bc5-e22ffb9ff23a', 'Britt', 'Rice');
INSERT INTO CUSTOMER_IDENTIFIERS (customer_id, identifier_id, identifier_value) values ('9c34674e-d765-41f7-9bc5-e22ffb9ff23a', 101, '63020709103');
INSERT INTO CUSTOMER_IDENTIFIERS (customer_id, identifier_id, identifier_value) values ('9c34674e-d765-41f7-9bc5-e22ffb9ff23a', 102, '036266413');
INSERT INTO CUSTOMER_IDENTIFIERS (customer_id, identifier_id, identifier_value) values ('9c34674e-d765-41f7-9bc5-e22ffb9ff23a', 103, '199-359-95-63');
INSERT INTO CUSTOMER_ADDRESSES (address_id, customer_id, address_type, street_address, zip_code, city, country) values ('09514bd1-14d4-4a5e-a6eb-97f964a8aac5', '9c34674e-d765-41f7-9bc5-e22ffb9ff23a', 'R', '22872 Smitham Fords', '51651', 'North Domenicside', 'Belgium');
INSERT INTO CUSTOMERS (id, first_name, last_name) values ('65ac4649-5ed4-4aee-8398-bd7b0e030f68', 'Kathern', 'Treutel');
INSERT INTO CUSTOMER_IDENTIFIERS (customer_id, identifier_id, identifier_value) values ('65ac4649-5ed4-4aee-8398-bd7b0e030f68', 102, '511772972');
INSERT INTO CUSTOMER_IDENTIFIERS (customer_id, identifier_id, identifier_value) values ('65ac4649-5ed4-4aee-8398-bd7b0e030f68', 103, '269-621-79-77');
INSERT INTO CUSTOMER_ADDRESSES (address_id, customer_id, address_type, street_address, zip_code, city, country) values ('4bb872f4-e90a-48cb-97d6-7b9a483da0f9', '65ac4649-5ed4-4aee-8398-bd7b0e030f68', 'R', '72984 Oswaldo Route', '71440-2644', 'North Chong', 'Puerto Rico');
INSERT INTO CUSTOMER_ADDRESSES (address_id, customer_id, address_type, street_address, zip_code, city, country) values ('065df576-89b3-4f3f-9559-d19b7f063df7', '65ac4649-5ed4-4aee-8398-bd7b0e030f68', 'M', '066 Lenard Pines', '40653-9548', 'West Shaun', 'Saint Martin');
INSERT INTO CUSTOMERS (id, first_name, last_name) values ('8942bae8-8b45-414e-9e51-f4c4a150286b', 'Reinaldo', 'Hauck');
INSERT INTO CUSTOMER_IDENTIFIERS (customer_id, identifier_id, identifier_value) values ('8942bae8-8b45-414e-9e51-f4c4a150286b', 101, '26180366787');
INSERT INTO CUSTOMER_IDENTIFIERS (customer_id, identifier_id, identifier_value) values ('8942bae8-8b45-414e-9e51-f4c4a150286b', 102, '896189618');
INSERT INTO CUSTOMER_ADDRESSES (address_id, customer_id, address_type, street_address, zip_code, city, country) values ('1fa41d08-f2e4-4300-ac75-e7036649c03b', '8942bae8-8b45-414e-9e51-f4c4a150286b', 'R', '706 Adelaide Cliff', '94151-1054', 'West Guadalupe', 'Sao Tome and Principe');
INSERT INTO CUSTOMERS (id, first_name, last_name) values ('1dfd363f-2e7a-47bc-9f1a-4452bebc1f37', 'Etha', 'Ankunding');
INSERT INTO CUSTOMER_IDENTIFIERS (customer_id, identifier_id, identifier_value) values ('1dfd363f-2e7a-47bc-9f1a-4452bebc1f37', 101, '81155984448');
INSERT INTO CUSTOMER_IDENTIFIERS (customer_id, identifier_id, identifier_value) values ('1dfd363f-2e7a-47bc-9f1a-4452bebc1f37', 102, '680109654');
INSERT INTO CUSTOMER_ADDRESSES (address_id, customer_id, address_type, street_address, zip_code, city, country) values ('e73d6a64-e548-4ad8-8e4b-520ab2dbae0d', '1dfd363f-2e7a-47bc-9f1a-4452bebc1f37', 'R', '73638 Svetlana Fort', '39870', 'Willowland', 'Singapore');
INSERT INTO CUSTOMERS (id, first_name, last_name) values ('8d8a956d-a039-4dc6-9581-ec9e586a4443', 'Rico', 'Friesen');
INSERT INTO CUSTOMER_IDENTIFIERS (customer_id, identifier_id, identifier_value) values ('8d8a956d-a039-4dc6-9581-ec9e586a4443', 102, '394204204');
INSERT INTO CUSTOMER_ADDRESSES (address_id, customer_id, address_type, street_address, zip_code, city, country) values ('903deb57-6e95-4bab-b8e8-9e2b6edec47b', '8d8a956d-a039-4dc6-9581-ec9e586a4443', 'R', '7083 Jordon Manors', '97843-1797', 'Hegmannburgh', 'Wallis and Futuna');
INSERT INTO CUSTOMERS (id, first_name, last_name) values ('d4ae0a3b-1fa8-4444-a74e-34e6bfdce419', 'Ashlie', 'Kub');
INSERT INTO CUSTOMER_IDENTIFIERS (customer_id, identifier_id, identifier_value) values ('d4ae0a3b-1fa8-4444-a74e-34e6bfdce419', 101, '68721664888');
INSERT INTO CUSTOMER_IDENTIFIERS (customer_id, identifier_id, identifier_value) values ('d4ae0a3b-1fa8-4444-a74e-34e6bfdce419', 102, '238006517');
INSERT INTO CUSTOMER_IDENTIFIERS (customer_id, identifier_id, identifier_value) values ('d4ae0a3b-1fa8-4444-a74e-34e6bfdce419', 103, '733-440-23-61');
INSERT INTO CUSTOMER_ADDRESSES (address_id, customer_id, address_type, street_address, zip_code, city, country) values ('d1f64a23-5760-4fc0-890c-a3b8941eabf8', 'd4ae0a3b-1fa8-4444-a74e-34e6bfdce419', 'R', '977 Breanna Corners', '67999-3817', 'Vonbury', 'Azerbaijan');
INSERT INTO CUSTOMERS (id, first_name, last_name) values ('3118b51e-53ba-4077-ab4e-3bf58eb777f9', 'Antonia', 'Green');
INSERT INTO CUSTOMER_IDENTIFIERS (customer_id, identifier_id, identifier_value) values ('3118b51e-53ba-4077-ab4e-3bf58eb777f9', 101, '59420355299');
INSERT INTO CUSTOMER_IDENTIFIERS (customer_id, identifier_id, identifier_value) values ('3118b51e-53ba-4077-ab4e-3bf58eb777f9', 102, '508380541');
INSERT INTO CUSTOMER_IDENTIFIERS (customer_id, identifier_id, identifier_value) values ('3118b51e-53ba-4077-ab4e-3bf58eb777f9', 103, '627-855-39-19');
INSERT INTO CUSTOMER_ADDRESSES (address_id, customer_id, address_type, street_address, zip_code, city, country) values ('65c74ab6-f347-48c6-afa7-3b18af31ed1f', '3118b51e-53ba-4077-ab4e-3bf58eb777f9', 'R', '8649 Berge Islands', '16452-0485', 'Patmouth', 'Afghanistan');
INSERT INTO CUSTOMERS (id, first_name, last_name) values ('3d3a2a5b-db98-4cfa-9594-3d16692d88a7', 'Jim', 'Will');
INSERT INTO CUSTOMER_IDENTIFIERS (customer_id, identifier_id, identifier_value) values ('3d3a2a5b-db98-4cfa-9594-3d16692d88a7', 102, '455618022');
INSERT INTO CUSTOMER_IDENTIFIERS (customer_id, identifier_id, identifier_value) values ('3d3a2a5b-db98-4cfa-9594-3d16692d88a7', 103, '667-406-71-65');
INSERT INTO CUSTOMER_ADDRESSES (address_id, customer_id, address_type, street_address, zip_code, city, country) values ('d9dfdef6-b8ed-4157-8ba7-1b692d1e9be0', '3d3a2a5b-db98-4cfa-9594-3d16692d88a7', 'R', '097 Von Orchard', '44521-3136', 'Pameliahaven', 'Colombia');
INSERT INTO CUSTOMER_ADDRESSES (address_id, customer_id, address_type, street_address, zip_code, city, country) values ('33299a7b-c0f9-423b-83be-657e46b0652d', '3d3a2a5b-db98-4cfa-9594-3d16692d88a7', 'M', '91282 Debi Harbors', '85385', 'South Andrea', 'Costa Rica');
INSERT INTO CUSTOMERS (id, first_name, last_name) values ('597012b1-68ba-49a1-9294-180247dcb009', 'Jerold', 'Anderson');
INSERT INTO CUSTOMER_IDENTIFIERS (customer_id, identifier_id, identifier_value) values ('597012b1-68ba-49a1-9294-180247dcb009', 102, '077565349');
INSERT INTO CUSTOMER_ADDRESSES (address_id, customer_id, address_type, street_address, zip_code, city, country) values ('131baa37-afb5-4375-9b99-ad18c3cb01c1', '597012b1-68ba-49a1-9294-180247dcb009', 'R', '4392 Son Villages', '58659', 'Tobiasfort', 'Austria');
INSERT INTO CUSTOMERS (id, first_name, last_name) values ('a63214cd-fa28-4a58-94bb-8002528e9684', 'Ramon', 'Tromp');
INSERT INTO CUSTOMER_IDENTIFIERS (customer_id, identifier_id, identifier_value) values ('a63214cd-fa28-4a58-94bb-8002528e9684', 101, '57041824853');
INSERT INTO CUSTOMER_IDENTIFIERS (customer_id, identifier_id, identifier_value) values ('a63214cd-fa28-4a58-94bb-8002528e9684', 102, '860047782');
INSERT INTO CUSTOMER_IDENTIFIERS (customer_id, identifier_id, identifier_value) values ('a63214cd-fa28-4a58-94bb-8002528e9684', 103, '285-790-59-40');
INSERT INTO CUSTOMER_ADDRESSES (address_id, customer_id, address_type, street_address, zip_code, city, country) values ('58833ec9-c28a-4c49-9795-9c8b728a059e', 'a63214cd-fa28-4a58-94bb-8002528e9684', 'R', '9583 Jenae Tunnel', '20651', 'Schaeferville', 'Tajikistan');
INSERT INTO CUSTOMERS (id, first_name, last_name) values ('9ccb535c-82ab-43d5-bf51-3545e94f26cd', 'Dan', 'Hammes');
INSERT INTO CUSTOMER_IDENTIFIERS (customer_id, identifier_id, identifier_value) values ('9ccb535c-82ab-43d5-bf51-3545e94f26cd', 101, '78049961051');
INSERT INTO CUSTOMER_IDENTIFIERS (customer_id, identifier_id, identifier_value) values ('9ccb535c-82ab-43d5-bf51-3545e94f26cd', 103, '834-096-91-18');
INSERT INTO CUSTOMER_ADDRESSES (address_id, customer_id, address_type, street_address, zip_code, city, country) values ('5ef00b6d-dc3a-4584-95c8-c9d6534a11b2', '9ccb535c-82ab-43d5-bf51-3545e94f26cd', 'R', '5989 Stroman Walk', '10041-4355', 'Durganstad', 'Seychelles');
INSERT INTO CUSTOMERS (id, first_name, last_name) values ('a8637803-ab7e-481a-8ff1-cac33e8d4291', 'Kelsey', 'Ruecker');
INSERT INTO CUSTOMER_IDENTIFIERS (customer_id, identifier_id, identifier_value) values ('a8637803-ab7e-481a-8ff1-cac33e8d4291', 102, '325215112');
INSERT INTO CUSTOMER_ADDRESSES (address_id, customer_id, address_type, street_address, zip_code, city, country) values ('97686adc-a3d5-4ac2-adef-a4e39e7a5597', 'a8637803-ab7e-481a-8ff1-cac33e8d4291', 'R', '550 Federico Villages', '29052', 'East Kathitown', 'Tonga');
INSERT INTO CUSTOMERS (id, first_name, last_name) values ('a35c227c-aa6f-47af-a69f-0040eceb2af5', 'Chae', 'Vandervort');
INSERT INTO CUSTOMER_IDENTIFIERS (customer_id, identifier_id, identifier_value) values ('a35c227c-aa6f-47af-a69f-0040eceb2af5', 101, '51175302366');
INSERT INTO CUSTOMER_IDENTIFIERS (customer_id, identifier_id, identifier_value) values ('a35c227c-aa6f-47af-a69f-0040eceb2af5', 103, '368-244-78-08');
INSERT INTO CUSTOMER_ADDRESSES (address_id, customer_id, address_type, street_address, zip_code, city, country) values ('af79fe1d-8bbd-452b-9b81-7f28fd0e839a', 'a35c227c-aa6f-47af-a69f-0040eceb2af5', 'R', '0953 Chadwick Curve', '59158-3453', 'Jacobstown', 'Lithuania');
INSERT INTO CUSTOMER_ADDRESSES (address_id, customer_id, address_type, street_address, zip_code, city, country) values ('8409977f-3030-4ac4-998b-89be460c37cc', 'a35c227c-aa6f-47af-a69f-0040eceb2af5', 'M', '966 Felecia Vista', '58403-1415', 'South Maurice', 'Australia');
INSERT INTO CUSTOMERS (id, first_name, last_name) values ('2f4de10e-67b6-48cb-833b-bb00369fec97', 'Augusta', 'Hilll');
INSERT INTO CUSTOMER_IDENTIFIERS (customer_id, identifier_id, identifier_value) values ('2f4de10e-67b6-48cb-833b-bb00369fec97', 102, '672500080');
INSERT INTO CUSTOMER_IDENTIFIERS (customer_id, identifier_id, identifier_value) values ('2f4de10e-67b6-48cb-833b-bb00369fec97', 103, '983-838-01-39');
INSERT INTO CUSTOMER_ADDRESSES (address_id, customer_id, address_type, street_address, zip_code, city, country) values ('d01fe7ee-653f-4f1e-99f1-4531737930d3', '2f4de10e-67b6-48cb-833b-bb00369fec97', 'R', '632 Heller Pass', '29579-7290', 'Colliermouth', 'Colombia');
INSERT INTO CUSTOMERS (id, first_name, last_name) values ('b9b47d6d-f80c-43cb-9f0c-be40cbb02530', 'Bob', 'Turcotte');
INSERT INTO CUSTOMER_IDENTIFIERS (customer_id, identifier_id, identifier_value) values ('b9b47d6d-f80c-43cb-9f0c-be40cbb02530', 102, '173366797');
INSERT INTO CUSTOMER_IDENTIFIERS (customer_id, identifier_id, identifier_value) values ('b9b47d6d-f80c-43cb-9f0c-be40cbb02530', 103, '820-976-64-94');
INSERT INTO CUSTOMER_ADDRESSES (address_id, customer_id, address_type, street_address, zip_code, city, country) values ('8ba48ffa-e1fb-4c45-93d6-ace88b5f75d2', 'b9b47d6d-f80c-43cb-9f0c-be40cbb02530', 'R', '535 Lauren Road', '94045-7698', 'South Deshawnhaven', 'Sweden');
INSERT INTO CUSTOMER_ADDRESSES (address_id, customer_id, address_type, street_address, zip_code, city, country) values ('a88ba5f7-1976-4a9a-a1a7-32238944f7bd', 'b9b47d6d-f80c-43cb-9f0c-be40cbb02530', 'M', '585 Brock Prairie', '56460-7255', 'Stoltenbergmouth', 'Heard Island and McDonald Islands');
INSERT INTO CUSTOMERS (id, first_name, last_name) values ('1f59f9b7-0a5b-4450-8567-0b9965549d18', 'Darcie', 'Hintz');
INSERT INTO CUSTOMER_IDENTIFIERS (customer_id, identifier_id, identifier_value) values ('1f59f9b7-0a5b-4450-8567-0b9965549d18', 102, '500742670');
INSERT INTO CUSTOMER_ADDRESSES (address_id, customer_id, address_type, street_address, zip_code, city, country) values ('9fddcfd7-a62e-48e4-b60b-ec7e6d8e2695', '1f59f9b7-0a5b-4450-8567-0b9965549d18', 'R', '8071 Wintheiser Isle', '50870-2414', 'Johnstown', 'Saint Vincent and the Grenadines');
INSERT INTO CUSTOMERS (id, first_name, last_name) values ('9d3106bf-edc2-4041-b93b-0bb2a784385d', 'Nichol', 'Ratke');
INSERT INTO CUSTOMER_IDENTIFIERS (customer_id, identifier_id, identifier_value) values ('9d3106bf-edc2-4041-b93b-0bb2a784385d', 102, '410009294');
INSERT INTO CUSTOMER_ADDRESSES (address_id, customer_id, address_type, street_address, zip_code, city, country) values ('0a637b32-763c-489e-84ca-fecc7e9a0a58', '9d3106bf-edc2-4041-b93b-0bb2a784385d', 'R', '641 Smitham Crescent', '04876-9464', 'Rustyborough', 'Bermuda');
INSERT INTO CUSTOMERS (id, first_name, last_name) values ('ef2578c9-aa54-42fd-9cad-6d78543840b3', 'Arianna', 'Kutch');
INSERT INTO CUSTOMER_IDENTIFIERS (customer_id, identifier_id, identifier_value) values ('ef2578c9-aa54-42fd-9cad-6d78543840b3', 102, '956135105');
INSERT INTO CUSTOMER_IDENTIFIERS (customer_id, identifier_id, identifier_value) values ('ef2578c9-aa54-42fd-9cad-6d78543840b3', 103, '451-561-17-28');
INSERT INTO CUSTOMER_ADDRESSES (address_id, customer_id, address_type, street_address, zip_code, city, country) values ('b0e31336-a0a9-46f3-97f3-aa5c20ee1aae', 'ef2578c9-aa54-42fd-9cad-6d78543840b3', 'R', '5908 Dorthea Road', '50937', 'Port Jameyland', 'Sri Lanka');
INSERT INTO CUSTOMERS (id, first_name, last_name) values ('5ffa62dd-01f6-4d78-8b63-a9ad138ed6e1', 'Coleen', 'Stokes');
INSERT INTO CUSTOMER_IDENTIFIERS (customer_id, identifier_id, identifier_value) values ('5ffa62dd-01f6-4d78-8b63-a9ad138ed6e1', 101, '23138077684');
INSERT INTO CUSTOMER_ADDRESSES (address_id, customer_id, address_type, street_address, zip_code, city, country) values ('6e74a76d-11f5-42f1-9882-3aa6edbd7a4f', '5ffa62dd-01f6-4d78-8b63-a9ad138ed6e1', 'R', '053 Gulgowski Avenue', '18547', 'East Sheldon', 'Japan');
INSERT INTO CUSTOMERS (id, first_name, last_name) values ('147cf3bc-c228-4424-8748-554c7174fe5f', 'Rocky', 'Lowe');
INSERT INTO CUSTOMER_IDENTIFIERS (customer_id, identifier_id, identifier_value) values ('147cf3bc-c228-4424-8748-554c7174fe5f', 102, '934882800');
INSERT INTO CUSTOMER_IDENTIFIERS (customer_id, identifier_id, identifier_value) values ('147cf3bc-c228-4424-8748-554c7174fe5f', 103, '890-738-63-79');
INSERT INTO CUSTOMER_ADDRESSES (address_id, customer_id, address_type, street_address, zip_code, city, country) values ('94aaf114-20ee-4feb-b85e-b5421f13dd52', '147cf3bc-c228-4424-8748-554c7174fe5f', 'R', '92755 Winford Way', '40548-9211', 'East Teresiaburgh', 'Mali');
INSERT INTO CUSTOMER_ADDRESSES (address_id, customer_id, address_type, street_address, zip_code, city, country) values ('a2205dda-50d2-4b67-b645-c9bb2717fc5c', '147cf3bc-c228-4424-8748-554c7174fe5f', 'M', '64052 Jacobi Bridge', '48119-2168', 'New Wiley', 'Saint Kitts and Nevis');
INSERT INTO CUSTOMERS (id, first_name, last_name) values ('942470c4-0647-4cb1-a6eb-75299ef0a125', 'Travis', 'Russel');
INSERT INTO CUSTOMER_IDENTIFIERS (customer_id, identifier_id, identifier_value) values ('942470c4-0647-4cb1-a6eb-75299ef0a125', 101, '54927233524');
INSERT INTO CUSTOMER_IDENTIFIERS (customer_id, identifier_id, identifier_value) values ('942470c4-0647-4cb1-a6eb-75299ef0a125', 103, '673-400-59-71');
INSERT INTO CUSTOMER_ADDRESSES (address_id, customer_id, address_type, street_address, zip_code, city, country) values ('bae63967-ca2f-458c-accd-5170e1354c95', '942470c4-0647-4cb1-a6eb-75299ef0a125', 'R', '240 Corkery Plains', '67128-8688', 'West Danielbury', 'Cyprus');
INSERT INTO CUSTOMERS (id, first_name, last_name) values ('e2072fb3-1f2a-43ca-851a-9dd223dcbbf6', 'Shenika', 'Runolfsson');
INSERT INTO CUSTOMER_IDENTIFIERS (customer_id, identifier_id, identifier_value) values ('e2072fb3-1f2a-43ca-851a-9dd223dcbbf6', 101, '77214011827');
INSERT INTO CUSTOMER_IDENTIFIERS (customer_id, identifier_id, identifier_value) values ('e2072fb3-1f2a-43ca-851a-9dd223dcbbf6', 103, '982-246-86-17');
INSERT INTO CUSTOMER_ADDRESSES (address_id, customer_id, address_type, street_address, zip_code, city, country) values ('a4aed0af-a4b0-4ead-a4d7-2a29522d28dd', 'e2072fb3-1f2a-43ca-851a-9dd223dcbbf6', 'R', '3201 Ula Port', '86023-7880', 'Percyburgh', 'Somalia');
INSERT INTO CUSTOMER_ADDRESSES (address_id, customer_id, address_type, street_address, zip_code, city, country) values ('1c39074e-1f65-44ae-99c6-2e980a19fc56', 'e2072fb3-1f2a-43ca-851a-9dd223dcbbf6', 'M', '185 Leannon Hills', '06954', 'Bryontown', 'Germany');
INSERT INTO CUSTOMERS (id, first_name, last_name) values ('c90004af-c4fc-42b1-83a9-e6559b28e018', 'Darrick', 'Morissette');
INSERT INTO CUSTOMER_IDENTIFIERS (customer_id, identifier_id, identifier_value) values ('c90004af-c4fc-42b1-83a9-e6559b28e018', 101, '45828439929');
INSERT INTO CUSTOMER_IDENTIFIERS (customer_id, identifier_id, identifier_value) values ('c90004af-c4fc-42b1-83a9-e6559b28e018', 102, '222011382');
INSERT INTO CUSTOMER_IDENTIFIERS (customer_id, identifier_id, identifier_value) values ('c90004af-c4fc-42b1-83a9-e6559b28e018', 103, '694-311-30-69');
INSERT INTO CUSTOMER_ADDRESSES (address_id, customer_id, address_type, street_address, zip_code, city, country) values ('cf424d6e-b817-4c79-bc6a-0f414243fe1f', 'c90004af-c4fc-42b1-83a9-e6559b28e018', 'R', '262 Leffler Inlet', '72188', 'Johnnyport', 'Guam');
INSERT INTO CUSTOMERS (id, first_name, last_name) values ('bb2f1e7d-776f-4559-9445-2ce7af710976', 'Merrill', 'Powlowski');
INSERT INTO CUSTOMER_IDENTIFIERS (customer_id, identifier_id, identifier_value) values ('bb2f1e7d-776f-4559-9445-2ce7af710976', 101, '96937921821');
INSERT INTO CUSTOMER_IDENTIFIERS (customer_id, identifier_id, identifier_value) values ('bb2f1e7d-776f-4559-9445-2ce7af710976', 102, '475715004');
INSERT INTO CUSTOMER_IDENTIFIERS (customer_id, identifier_id, identifier_value) values ('bb2f1e7d-776f-4559-9445-2ce7af710976', 103, '329-798-68-55');
INSERT INTO CUSTOMER_ADDRESSES (address_id, customer_id, address_type, street_address, zip_code, city, country) values ('5b1c8193-708e-4d70-8d22-7afbb840855d', 'bb2f1e7d-776f-4559-9445-2ce7af710976', 'R', '36607 Toy Land', '68263-7836', 'West Loreleiton', 'Andorra');
INSERT INTO CUSTOMERS (id, first_name, last_name) values ('49a842a9-4e6d-43bb-899d-14f37d66582a', 'Ethelyn', 'Boyer');
INSERT INTO CUSTOMER_IDENTIFIERS (customer_id, identifier_id, identifier_value) values ('49a842a9-4e6d-43bb-899d-14f37d66582a', 101, '44437321851');
INSERT INTO CUSTOMER_IDENTIFIERS (customer_id, identifier_id, identifier_value) values ('49a842a9-4e6d-43bb-899d-14f37d66582a', 103, '982-569-60-50');
INSERT INTO CUSTOMER_ADDRESSES (address_id, customer_id, address_type, street_address, zip_code, city, country) values ('4991d742-f1b1-4cb2-8da0-4f262a67857f', '49a842a9-4e6d-43bb-899d-14f37d66582a', 'R', '756 Daniel Keys', '13464-9359', 'Earlenefort', 'Kazakhstan');
INSERT INTO CUSTOMERS (id, first_name, last_name) values ('c41cce2d-7cc2-486f-abb5-f3dbb65ae6f2', 'Ray', 'McCullough');
INSERT INTO CUSTOMER_IDENTIFIERS (customer_id, identifier_id, identifier_value) values ('c41cce2d-7cc2-486f-abb5-f3dbb65ae6f2', 101, '93361689370');
INSERT INTO CUSTOMER_IDENTIFIERS (customer_id, identifier_id, identifier_value) values ('c41cce2d-7cc2-486f-abb5-f3dbb65ae6f2', 102, '365705626');
INSERT INTO CUSTOMER_ADDRESSES (address_id, customer_id, address_type, street_address, zip_code, city, country) values ('53225a51-5a10-4180-b088-510829ef0802', 'c41cce2d-7cc2-486f-abb5-f3dbb65ae6f2', 'R', '01093 Dach Manor', '91206', 'Cronashire', 'Afghanistan');
INSERT INTO CUSTOMER_ADDRESSES (address_id, customer_id, address_type, street_address, zip_code, city, country) values ('fae116aa-5348-4c9b-8eca-7d9352b61d34', 'c41cce2d-7cc2-486f-abb5-f3dbb65ae6f2', 'M', '85459 Bartell Gateway', '17200-6235', 'Normandmouth', 'Mali');
INSERT INTO CUSTOMERS (id, first_name, last_name) values ('4fd67dc6-56ef-4678-95fc-d4e7ce9f6e7d', 'Marcelino', 'Mayert');
INSERT INTO CUSTOMER_IDENTIFIERS (customer_id, identifier_id, identifier_value) values ('4fd67dc6-56ef-4678-95fc-d4e7ce9f6e7d', 101, '71087483846');
INSERT INTO CUSTOMER_ADDRESSES (address_id, customer_id, address_type, street_address, zip_code, city, country) values ('634acab8-1283-443e-aabf-719c40d3d36c', '4fd67dc6-56ef-4678-95fc-d4e7ce9f6e7d', 'R', '7834 Vincent Harbor', '95207-9106', 'Port Abel', 'Honduras');
INSERT INTO CUSTOMERS (id, first_name, last_name) values ('7d7b4af6-0203-429d-8482-e92087db7e66', 'Austin', 'Yundt');
INSERT INTO CUSTOMER_IDENTIFIERS (customer_id, identifier_id, identifier_value) values ('7d7b4af6-0203-429d-8482-e92087db7e66', 101, '83994653479');
INSERT INTO CUSTOMER_IDENTIFIERS (customer_id, identifier_id, identifier_value) values ('7d7b4af6-0203-429d-8482-e92087db7e66', 103, '588-153-41-48');
INSERT INTO CUSTOMER_ADDRESSES (address_id, customer_id, address_type, street_address, zip_code, city, country) values ('480a3476-1be5-4a36-aa75-86562644c3fc', '7d7b4af6-0203-429d-8482-e92087db7e66', 'R', '90896 Stokes Hill', '33908', 'West Teresa', 'Isle of Man');
INSERT INTO CUSTOMER_ADDRESSES (address_id, customer_id, address_type, street_address, zip_code, city, country) values ('e5c011b0-b3ec-48b2-980b-1fb045af8ea2', '7d7b4af6-0203-429d-8482-e92087db7e66', 'M', '049 Prohaska Unions', '91356-7849', 'North Pok', 'Bahrain');
INSERT INTO CUSTOMERS (id, first_name, last_name) values ('bd7b5a5b-90e6-4750-a752-188be1a75356', 'Jose', 'Lubowitz');
INSERT INTO CUSTOMER_IDENTIFIERS (customer_id, identifier_id, identifier_value) values ('bd7b5a5b-90e6-4750-a752-188be1a75356', 101, '29938342364');
INSERT INTO CUSTOMER_IDENTIFIERS (customer_id, identifier_id, identifier_value) values ('bd7b5a5b-90e6-4750-a752-188be1a75356', 102, '978840300');
INSERT INTO CUSTOMER_IDENTIFIERS (customer_id, identifier_id, identifier_value) values ('bd7b5a5b-90e6-4750-a752-188be1a75356', 103, '910-664-53-53');
INSERT INTO CUSTOMER_ADDRESSES (address_id, customer_id, address_type, street_address, zip_code, city, country) values ('2a528b24-9bff-429f-b67b-c2f4806d6fcf', 'bd7b5a5b-90e6-4750-a752-188be1a75356', 'R', '0830 Jospeh Trafficway', '56503-8572', 'Heaneymouth', 'France');
INSERT INTO CUSTOMERS (id, first_name, last_name) values ('7c1cdb1e-9709-450e-aad3-16ac2f6940e0', 'Socorro', 'Bashirian');
INSERT INTO CUSTOMER_IDENTIFIERS (customer_id, identifier_id, identifier_value) values ('7c1cdb1e-9709-450e-aad3-16ac2f6940e0', 101, '58476952229');
INSERT INTO CUSTOMER_IDENTIFIERS (customer_id, identifier_id, identifier_value) values ('7c1cdb1e-9709-450e-aad3-16ac2f6940e0', 103, '279-479-15-70');
INSERT INTO CUSTOMER_ADDRESSES (address_id, customer_id, address_type, street_address, zip_code, city, country) values ('917dd2d3-f131-424c-823f-67022ea26eb5', '7c1cdb1e-9709-450e-aad3-16ac2f6940e0', 'R', '19749 Lea Forge', '02939', 'DuBuquebury', 'Somalia');
INSERT INTO CUSTOMERS (id, first_name, last_name) values ('67ddfb02-670c-477d-a010-721da079fdf9', 'Angelia', 'Kulas');
INSERT INTO CUSTOMER_IDENTIFIERS (customer_id, identifier_id, identifier_value) values ('67ddfb02-670c-477d-a010-721da079fdf9', 101, '91242171384');
INSERT INTO CUSTOMER_IDENTIFIERS (customer_id, identifier_id, identifier_value) values ('67ddfb02-670c-477d-a010-721da079fdf9', 102, '826986015');
INSERT INTO CUSTOMER_ADDRESSES (address_id, customer_id, address_type, street_address, zip_code, city, country) values ('701ce1cb-5c45-4d7c-89c6-f8466d935f8a', '67ddfb02-670c-477d-a010-721da079fdf9', 'R', '6630 Legros Lake', '99404', 'North Hettie', 'Mozambique');
INSERT INTO CUSTOMERS (id, first_name, last_name) values ('548196aa-92cf-451f-bd8b-7d2213d7d66b', 'Perry', 'Hamill');
INSERT INTO CUSTOMER_IDENTIFIERS (customer_id, identifier_id, identifier_value) values ('548196aa-92cf-451f-bd8b-7d2213d7d66b', 103, '184-888-85-96');
INSERT INTO CUSTOMER_ADDRESSES (address_id, customer_id, address_type, street_address, zip_code, city, country) values ('54358037-3eac-4207-9290-3ba5a4f975de', '548196aa-92cf-451f-bd8b-7d2213d7d66b', 'R', '5565 Latonia Bypass', '61745', 'New Rodrigofort', 'Bulgaria');
INSERT INTO CUSTOMERS (id, first_name, last_name) values ('cf5c83b5-7668-4304-9ac4-7152b0153b19', 'Felica', 'Sauer');
INSERT INTO CUSTOMER_IDENTIFIERS (customer_id, identifier_id, identifier_value) values ('cf5c83b5-7668-4304-9ac4-7152b0153b19', 101, '57281491346');
INSERT INTO CUSTOMER_ADDRESSES (address_id, customer_id, address_type, street_address, zip_code, city, country) values ('db0532f4-fd00-4dda-97a9-c0518e56b5a4', 'cf5c83b5-7668-4304-9ac4-7152b0153b19', 'R', '88571 Jacobson Groves', '33273', 'North Cordie', 'Bermuda');
INSERT INTO CUSTOMERS (id, first_name, last_name) values ('24729f56-682e-4ce3-8246-0b79e2cd46a5', 'Bryce', 'Willms');
INSERT INTO CUSTOMER_IDENTIFIERS (customer_id, identifier_id, identifier_value) values ('24729f56-682e-4ce3-8246-0b79e2cd46a5', 101, '32275036168');
INSERT INTO CUSTOMER_IDENTIFIERS (customer_id, identifier_id, identifier_value) values ('24729f56-682e-4ce3-8246-0b79e2cd46a5', 102, '092143993');
INSERT INTO CUSTOMER_IDENTIFIERS (customer_id, identifier_id, identifier_value) values ('24729f56-682e-4ce3-8246-0b79e2cd46a5', 103, '792-721-57-97');
INSERT INTO CUSTOMER_ADDRESSES (address_id, customer_id, address_type, street_address, zip_code, city, country) values ('46070db6-dab3-44dc-9826-c8c0a25f3239', '24729f56-682e-4ce3-8246-0b79e2cd46a5', 'R', '33818 McClure Track', '71560', 'New Tammifort', 'Estonia');
INSERT INTO CUSTOMERS (id, first_name, last_name) values ('9264017c-550e-48a4-af8b-d22fd80832ce', 'Eduardo', 'Bradtke');
INSERT INTO CUSTOMER_IDENTIFIERS (customer_id, identifier_id, identifier_value) values ('9264017c-550e-48a4-af8b-d22fd80832ce', 103, '243-454-69-01');
INSERT INTO CUSTOMER_ADDRESSES (address_id, customer_id, address_type, street_address, zip_code, city, country) values ('a9d5eb54-4366-4187-bc18-d73b9a79387b', '9264017c-550e-48a4-af8b-d22fd80832ce', 'R', '157 Bailey Burg', '25692', 'Salton', 'United States Minor Outlying Islands');
INSERT INTO CUSTOMER_ADDRESSES (address_id, customer_id, address_type, street_address, zip_code, city, country) values ('0c56cc54-37f8-46d3-8dcf-a9b218723eb3', '9264017c-550e-48a4-af8b-d22fd80832ce', 'M', '262 Parker Estates', '59477-9278', 'Lake Leonardoport', 'Isle of Man');
INSERT INTO CUSTOMERS (id, first_name, last_name) values ('d57fc145-6d59-4c16-8901-d8606fdf3a47', 'Damion', 'Wunsch');
INSERT INTO CUSTOMER_IDENTIFIERS (customer_id, identifier_id, identifier_value) values ('d57fc145-6d59-4c16-8901-d8606fdf3a47', 103, '748-646-34-98');
INSERT INTO CUSTOMER_ADDRESSES (address_id, customer_id, address_type, street_address, zip_code, city, country) values ('a5d483f4-d3b7-4a3c-b5a5-a0ac5e53496b', 'd57fc145-6d59-4c16-8901-d8606fdf3a47', 'R', '172 Reichert Ports', '91549-4464', 'East Lashanda', 'Czech Republic');
INSERT INTO CUSTOMER_ADDRESSES (address_id, customer_id, address_type, street_address, zip_code, city, country) values ('c5437ffb-534e-4ec7-8114-944c6e685709', 'd57fc145-6d59-4c16-8901-d8606fdf3a47', 'M', '63178 Gorczany Place', '88072', 'Haaghaven', 'Mayotte');
INSERT INTO CUSTOMERS (id, first_name, last_name) values ('b231eb23-7954-4f65-b4d1-6c6be70382ac', 'Camille', 'Stracke');
INSERT INTO CUSTOMER_IDENTIFIERS (customer_id, identifier_id, identifier_value) values ('b231eb23-7954-4f65-b4d1-6c6be70382ac', 101, '24252677974');
INSERT INTO CUSTOMER_IDENTIFIERS (customer_id, identifier_id, identifier_value) values ('b231eb23-7954-4f65-b4d1-6c6be70382ac', 102, '423574587');
INSERT INTO CUSTOMER_ADDRESSES (address_id, customer_id, address_type, street_address, zip_code, city, country) values ('9eda89b3-01de-409b-a83f-dcd13a8f003e', 'b231eb23-7954-4f65-b4d1-6c6be70382ac', 'R', '8248 Ryann Vista', '68724', 'Stehrshire', 'Egypt');
INSERT INTO CUSTOMER_ADDRESSES (address_id, customer_id, address_type, street_address, zip_code, city, country) values ('fb330428-2e7b-4d34-93fd-30c8ebe29a63', 'b231eb23-7954-4f65-b4d1-6c6be70382ac', 'M', '7454 Brown Crossing', '68036', 'Johnstown', 'Uruguay');
INSERT INTO CUSTOMERS (id, first_name, last_name) values ('381a2ccc-69ee-4fe8-a704-8044fefce46a', 'Whitley', 'Donnelly');
INSERT INTO CUSTOMER_IDENTIFIERS (customer_id, identifier_id, identifier_value) values ('381a2ccc-69ee-4fe8-a704-8044fefce46a', 101, '46516633661');
INSERT INTO CUSTOMER_IDENTIFIERS (customer_id, identifier_id, identifier_value) values ('381a2ccc-69ee-4fe8-a704-8044fefce46a', 102, '153470803');
INSERT INTO CUSTOMER_ADDRESSES (address_id, customer_id, address_type, street_address, zip_code, city, country) values ('d381fc07-ac21-480d-b33a-448653acb5e5', '381a2ccc-69ee-4fe8-a704-8044fefce46a', 'R', '510 Bins Rapids', '05528-4666', 'Swaniawskiland', 'Liberia');
INSERT INTO CUSTOMERS (id, first_name, last_name) values ('ecfe557c-2d3a-494c-886f-e241a6ad2a06', 'Chau', 'Rau');
INSERT INTO CUSTOMER_IDENTIFIERS (customer_id, identifier_id, identifier_value) values ('ecfe557c-2d3a-494c-886f-e241a6ad2a06', 101, '79635910566');
INSERT INTO CUSTOMER_IDENTIFIERS (customer_id, identifier_id, identifier_value) values ('ecfe557c-2d3a-494c-886f-e241a6ad2a06', 102, '609698758');
INSERT INTO CUSTOMER_IDENTIFIERS (customer_id, identifier_id, identifier_value) values ('ecfe557c-2d3a-494c-886f-e241a6ad2a06', 103, '902-904-67-21');
INSERT INTO CUSTOMER_ADDRESSES (address_id, customer_id, address_type, street_address, zip_code, city, country) values ('5648ae85-2947-4516-831c-5faa466f8506', 'ecfe557c-2d3a-494c-886f-e241a6ad2a06', 'R', '4505 Sporer Turnpike', '43062', 'Port Carolynfurt', 'Malta');
INSERT INTO CUSTOMER_ADDRESSES (address_id, customer_id, address_type, street_address, zip_code, city, country) values ('400ae00e-dc0a-4c91-baab-94c0e9559903', 'ecfe557c-2d3a-494c-886f-e241a6ad2a06', 'M', '85353 Lawanna Trace', '13348-3708', 'Lake Randolph', 'Central African Republic');
INSERT INTO CUSTOMERS (id, first_name, last_name) values ('5aeeee2a-13ce-48c8-ad2d-4dd8d07cca79', 'Phylicia', 'Weissnat');
INSERT INTO CUSTOMER_IDENTIFIERS (customer_id, identifier_id, identifier_value) values ('5aeeee2a-13ce-48c8-ad2d-4dd8d07cca79', 101, '13803573639');
INSERT INTO CUSTOMER_IDENTIFIERS (customer_id, identifier_id, identifier_value) values ('5aeeee2a-13ce-48c8-ad2d-4dd8d07cca79', 103, '065-068-75-64');
INSERT INTO CUSTOMER_ADDRESSES (address_id, customer_id, address_type, street_address, zip_code, city, country) values ('c7b63330-d0eb-4068-a0f1-b919d384823f', '5aeeee2a-13ce-48c8-ad2d-4dd8d07cca79', 'R', '1699 Alberta Drive', '80942', 'North Carmelaport', 'Mongolia');
INSERT INTO CUSTOMER_ADDRESSES (address_id, customer_id, address_type, street_address, zip_code, city, country) values ('f440f4d2-76d6-4276-8fd0-d3f266e3a219', '5aeeee2a-13ce-48c8-ad2d-4dd8d07cca79', 'M', '4909 Mohammed Place', '62620', 'Connville', 'Reunion');
INSERT INTO CUSTOMERS (id, first_name, last_name) values ('695beb11-6809-43d8-bd9a-9b80ef98a054', 'Randall', 'Oberbrunner');
INSERT INTO CUSTOMER_IDENTIFIERS (customer_id, identifier_id, identifier_value) values ('695beb11-6809-43d8-bd9a-9b80ef98a054', 101, '59949930707');
INSERT INTO CUSTOMER_IDENTIFIERS (customer_id, identifier_id, identifier_value) values ('695beb11-6809-43d8-bd9a-9b80ef98a054', 103, '076-901-50-94');
INSERT INTO CUSTOMER_ADDRESSES (address_id, customer_id, address_type, street_address, zip_code, city, country) values ('32b1804d-a52c-4ace-9803-8aa906f8c2c9', '695beb11-6809-43d8-bd9a-9b80ef98a054', 'R', '7899 Simonis Passage', '87030', 'South Oscarmouth', 'Uruguay');
INSERT INTO CUSTOMERS (id, first_name, last_name) values ('27a54511-86a9-402c-9e22-369b91bed208', 'Nova', 'Stehr');
INSERT INTO CUSTOMER_IDENTIFIERS (customer_id, identifier_id, identifier_value) values ('27a54511-86a9-402c-9e22-369b91bed208', 101, '82752356536');
INSERT INTO CUSTOMER_ADDRESSES (address_id, customer_id, address_type, street_address, zip_code, city, country) values ('243aad57-e2bb-407d-bdf1-f21a656bd741', '27a54511-86a9-402c-9e22-369b91bed208', 'R', '7299 Shay Path', '89032-3564', 'West Alfred', 'American Samoa');
INSERT INTO CUSTOMER_ADDRESSES (address_id, customer_id, address_type, street_address, zip_code, city, country) values ('2dc6c434-0a3c-4e1b-84d9-ced745de9ecc', '27a54511-86a9-402c-9e22-369b91bed208', 'M', '3235 Zboncak Place', '35137-2145', 'New Edmundo', 'Guyana');
INSERT INTO CUSTOMERS (id, first_name, last_name) values ('260e36eb-7240-43df-bf63-79cf516b7442', 'Jefferson', 'Gutkowski');
INSERT INTO CUSTOMER_IDENTIFIERS (customer_id, identifier_id, identifier_value) values ('260e36eb-7240-43df-bf63-79cf516b7442', 101, '16215818691');
INSERT INTO CUSTOMER_ADDRESSES (address_id, customer_id, address_type, street_address, zip_code, city, country) values ('4d42f970-5000-4042-9096-ef10685c57bf', '260e36eb-7240-43df-bf63-79cf516b7442', 'R', '41763 Price Orchard', '61335-9193', 'Deedramouth', 'Tuvalu');
INSERT INTO CUSTOMERS (id, first_name, last_name) values ('48599997-a750-4b81-8e75-c1518a433648', 'Cory', 'McCullough');
INSERT INTO CUSTOMER_IDENTIFIERS (customer_id, identifier_id, identifier_value) values ('48599997-a750-4b81-8e75-c1518a433648', 101, '78476438700');
INSERT INTO CUSTOMER_IDENTIFIERS (customer_id, identifier_id, identifier_value) values ('48599997-a750-4b81-8e75-c1518a433648', 102, '489297375');
INSERT INTO CUSTOMER_IDENTIFIERS (customer_id, identifier_id, identifier_value) values ('48599997-a750-4b81-8e75-c1518a433648', 103, '029-459-28-20');
INSERT INTO CUSTOMER_ADDRESSES (address_id, customer_id, address_type, street_address, zip_code, city, country) values ('8902630c-469a-460d-93af-6a9eed23a0a1', '48599997-a750-4b81-8e75-c1518a433648', 'R', '19025 Nicolas Club', '52042-8274', 'New Deloras', 'Afghanistan');
INSERT INTO CUSTOMER_ADDRESSES (address_id, customer_id, address_type, street_address, zip_code, city, country) values ('da1cb186-976a-4e01-8b20-5b96d6296e9a', '48599997-a750-4b81-8e75-c1518a433648', 'M', '179 Ralph Fords', '51636-0439', 'Beaton', 'Heard Island and McDonald Islands');
INSERT INTO CUSTOMERS (id, first_name, last_name) values ('fbe83c15-6718-4642-b3e3-8d4ed6241ef1', 'Dario', 'Blick');
INSERT INTO CUSTOMER_IDENTIFIERS (customer_id, identifier_id, identifier_value) values ('fbe83c15-6718-4642-b3e3-8d4ed6241ef1', 101, '84640002513');
INSERT INTO CUSTOMER_IDENTIFIERS (customer_id, identifier_id, identifier_value) values ('fbe83c15-6718-4642-b3e3-8d4ed6241ef1', 103, '849-720-30-87');
INSERT INTO CUSTOMER_ADDRESSES (address_id, customer_id, address_type, street_address, zip_code, city, country) values ('4778081d-d8b3-4a80-8b54-e422a9aee9e8', 'fbe83c15-6718-4642-b3e3-8d4ed6241ef1', 'R', '580 Smith Mill', '15479', 'Mertzton', 'Suriname');
INSERT INTO CUSTOMERS (id, first_name, last_name) values ('e75f3073-48c7-4536-9022-771e9ad3fdca', 'Basilia', 'Koch');
INSERT INTO CUSTOMER_IDENTIFIERS (customer_id, identifier_id, identifier_value) values ('e75f3073-48c7-4536-9022-771e9ad3fdca', 103, '123-203-50-03');
INSERT INTO CUSTOMER_ADDRESSES (address_id, customer_id, address_type, street_address, zip_code, city, country) values ('421ad981-fbe6-4d25-9ba5-94eb4073b088', 'e75f3073-48c7-4536-9022-771e9ad3fdca', 'R', '8680 Goldner Rue', '50822', 'North Ernesto', 'Kazakhstan');
INSERT INTO CUSTOMERS (id, first_name, last_name) values ('8b5ea78f-ae82-45e3-b4df-9e48715775bc', 'Avril', 'Cummings');
INSERT INTO CUSTOMER_IDENTIFIERS (customer_id, identifier_id, identifier_value) values ('8b5ea78f-ae82-45e3-b4df-9e48715775bc', 101, '92084235001');
INSERT INTO CUSTOMER_IDENTIFIERS (customer_id, identifier_id, identifier_value) values ('8b5ea78f-ae82-45e3-b4df-9e48715775bc', 102, '183380959');
INSERT INTO CUSTOMER_IDENTIFIERS (customer_id, identifier_id, identifier_value) values ('8b5ea78f-ae82-45e3-b4df-9e48715775bc', 103, '121-373-39-21');
INSERT INTO CUSTOMER_ADDRESSES (address_id, customer_id, address_type, street_address, zip_code, city, country) values ('67697007-77c9-44c8-b732-4c8bb4c815de', '8b5ea78f-ae82-45e3-b4df-9e48715775bc', 'R', '71784 Laverne Pines', '76295', 'Jereton', 'Jersey');
INSERT INTO CUSTOMERS (id, first_name, last_name) values ('420fb924-f49b-491a-8dc9-75fb972815c7', 'Cher', 'Cartwright');
INSERT INTO CUSTOMER_IDENTIFIERS (customer_id, identifier_id, identifier_value) values ('420fb924-f49b-491a-8dc9-75fb972815c7', 103, '299-705-39-56');
INSERT INTO CUSTOMER_ADDRESSES (address_id, customer_id, address_type, street_address, zip_code, city, country) values ('6dc4ec46-171c-4aa1-aecd-c4e8febca57b', '420fb924-f49b-491a-8dc9-75fb972815c7', 'R', '60294 Valorie Shoal', '52375-7732', 'East Krishnaville', 'Norway');
INSERT INTO CUSTOMER_ADDRESSES (address_id, customer_id, address_type, street_address, zip_code, city, country) values ('fd896382-1b29-477c-b556-a71ad2aa4297', '420fb924-f49b-491a-8dc9-75fb972815c7', 'M', '01151 Weimann Underpass', '83781-9820', 'Edmondchester', 'Saint Vincent and the Grenadines');
INSERT INTO CUSTOMERS (id, first_name, last_name) values ('598505fb-0073-44f2-baf3-baf5b2655fc3', 'Hershel', 'Bogisich');
INSERT INTO CUSTOMER_IDENTIFIERS (customer_id, identifier_id, identifier_value) values ('598505fb-0073-44f2-baf3-baf5b2655fc3', 103, '867-894-35-31');
INSERT INTO CUSTOMER_ADDRESSES (address_id, customer_id, address_type, street_address, zip_code, city, country) values ('b1d3d840-8eb8-4c43-94cb-59771da29bc3', '598505fb-0073-44f2-baf3-baf5b2655fc3', 'R', '26993 Treutel Mount', '04358', 'Arvillaport', 'Mauritius');
INSERT INTO CUSTOMER_ADDRESSES (address_id, customer_id, address_type, street_address, zip_code, city, country) values ('6d29ec03-6b72-4a03-b0f4-e75c7cdb5452', '598505fb-0073-44f2-baf3-baf5b2655fc3', 'M', '45556 Pacocha Fort', '65516', 'North Wilfred', 'Burundi');
INSERT INTO CUSTOMERS (id, first_name, last_name) values ('3c07b166-ca40-40c7-904b-40c239c4cf76', 'Xavier', 'Bednar');
INSERT INTO CUSTOMER_IDENTIFIERS (customer_id, identifier_id, identifier_value) values ('3c07b166-ca40-40c7-904b-40c239c4cf76', 101, '81852877086');
INSERT INTO CUSTOMER_IDENTIFIERS (customer_id, identifier_id, identifier_value) values ('3c07b166-ca40-40c7-904b-40c239c4cf76', 102, '117914622');
INSERT INTO CUSTOMER_IDENTIFIERS (customer_id, identifier_id, identifier_value) values ('3c07b166-ca40-40c7-904b-40c239c4cf76', 103, '353-424-27-26');
INSERT INTO CUSTOMER_ADDRESSES (address_id, customer_id, address_type, street_address, zip_code, city, country) values ('5ccb729c-a6be-4876-b081-82f4e2be9d18', '3c07b166-ca40-40c7-904b-40c239c4cf76', 'R', '67555 Turcotte Meadow', '04399', 'East Kacie', 'India');
INSERT INTO CUSTOMERS (id, first_name, last_name) values ('2ab7cbc2-3f78-437f-9c8c-22fdba356e2a', 'Emmie', 'Ward');
INSERT INTO CUSTOMER_IDENTIFIERS (customer_id, identifier_id, identifier_value) values ('2ab7cbc2-3f78-437f-9c8c-22fdba356e2a', 101, '74848907399');
INSERT INTO CUSTOMER_IDENTIFIERS (customer_id, identifier_id, identifier_value) values ('2ab7cbc2-3f78-437f-9c8c-22fdba356e2a', 102, '942011568');
INSERT INTO CUSTOMER_ADDRESSES (address_id, customer_id, address_type, street_address, zip_code, city, country) values ('02d26344-3e7d-48cf-a9c9-d81dca09a751', '2ab7cbc2-3f78-437f-9c8c-22fdba356e2a', 'R', '97634 Roy Well', '83280-7838', 'New Lael', 'Maldives');
INSERT INTO CUSTOMERS (id, first_name, last_name) values ('08a89774-a350-479b-b1a2-14946116ea26', 'Berneice', 'Ankunding');
INSERT INTO CUSTOMER_IDENTIFIERS (customer_id, identifier_id, identifier_value) values ('08a89774-a350-479b-b1a2-14946116ea26', 101, '17748678363');
INSERT INTO CUSTOMER_IDENTIFIERS (customer_id, identifier_id, identifier_value) values ('08a89774-a350-479b-b1a2-14946116ea26', 102, '265716504');
INSERT INTO CUSTOMER_IDENTIFIERS (customer_id, identifier_id, identifier_value) values ('08a89774-a350-479b-b1a2-14946116ea26', 103, '656-013-47-11');
INSERT INTO CUSTOMER_ADDRESSES (address_id, customer_id, address_type, street_address, zip_code, city, country) values ('de11a402-c4c4-464c-9b2f-72b3563cd8b8', '08a89774-a350-479b-b1a2-14946116ea26', 'R', '216 Misti Lake', '55473', 'East Classieville', 'Gambia');
INSERT INTO CUSTOMER_ADDRESSES (address_id, customer_id, address_type, street_address, zip_code, city, country) values ('7e9e09c8-1062-4c7c-87e1-d748d4d2bfdd', '08a89774-a350-479b-b1a2-14946116ea26', 'M', '471 Cory Springs', '68868-6196', 'North Verdell', 'Northern Mariana Islands');
INSERT INTO CUSTOMERS (id, first_name, last_name) values ('11e61075-9da0-4822-be9e-e3efb54db982', 'Delena', 'Kilback');
INSERT INTO CUSTOMER_IDENTIFIERS (customer_id, identifier_id, identifier_value) values ('11e61075-9da0-4822-be9e-e3efb54db982', 102, '430354406');
INSERT INTO CUSTOMER_IDENTIFIERS (customer_id, identifier_id, identifier_value) values ('11e61075-9da0-4822-be9e-e3efb54db982', 103, '337-561-70-93');
INSERT INTO CUSTOMER_ADDRESSES (address_id, customer_id, address_type, street_address, zip_code, city, country) values ('03c39211-0c58-459d-969c-56d6c7033f14', '11e61075-9da0-4822-be9e-e3efb54db982', 'R', '6146 Leonardo Junction', '15789-1461', 'North Jeri', 'Venezuela');
INSERT INTO CUSTOMERS (id, first_name, last_name) values ('863104da-d08f-4163-a58f-abec360bab72', 'Lonnie', 'Lynch');
INSERT INTO CUSTOMER_IDENTIFIERS (customer_id, identifier_id, identifier_value) values ('863104da-d08f-4163-a58f-abec360bab72', 101, '56803283170');
INSERT INTO CUSTOMER_IDENTIFIERS (customer_id, identifier_id, identifier_value) values ('863104da-d08f-4163-a58f-abec360bab72', 103, '241-773-29-87');
INSERT INTO CUSTOMER_ADDRESSES (address_id, customer_id, address_type, street_address, zip_code, city, country) values ('9d710b93-241f-4f87-9e5d-0022c418bf2b', '863104da-d08f-4163-a58f-abec360bab72', 'R', '004 Braun Turnpike', '43382-5465', 'Griselhaven', 'Ethiopia');
INSERT INTO CUSTOMERS (id, first_name, last_name) values ('2ec52385-3400-410a-9bc8-e6756159fe0a', 'Buster', 'Greenfelder');
INSERT INTO CUSTOMER_IDENTIFIERS (customer_id, identifier_id, identifier_value) values ('2ec52385-3400-410a-9bc8-e6756159fe0a', 102, '133519213');
INSERT INTO CUSTOMER_IDENTIFIERS (customer_id, identifier_id, identifier_value) values ('2ec52385-3400-410a-9bc8-e6756159fe0a', 103, '897-358-85-68');
INSERT INTO CUSTOMER_ADDRESSES (address_id, customer_id, address_type, street_address, zip_code, city, country) values ('da972fb7-a4fd-49f7-a7a5-3119fe0891c3', '2ec52385-3400-410a-9bc8-e6756159fe0a', 'R', '581 Dianna Valley', '07399', 'South Leroy', 'Algeria');
INSERT INTO CUSTOMERS (id, first_name, last_name) values ('f9ed2878-e46e-41b9-b580-2b5749de5fd5', 'Kira', 'Brakus');
INSERT INTO CUSTOMER_IDENTIFIERS (customer_id, identifier_id, identifier_value) values ('f9ed2878-e46e-41b9-b580-2b5749de5fd5', 102, '745524336');
INSERT INTO CUSTOMER_IDENTIFIERS (customer_id, identifier_id, identifier_value) values ('f9ed2878-e46e-41b9-b580-2b5749de5fd5', 103, '925-140-03-63');
INSERT INTO CUSTOMER_ADDRESSES (address_id, customer_id, address_type, street_address, zip_code, city, country) values ('072421c8-b261-4f8a-9081-62dcf86770c6', 'f9ed2878-e46e-41b9-b580-2b5749de5fd5', 'R', '2845 Jeramy Wall', '99653-2427', 'West Chongtown', 'Thailand');
INSERT INTO CUSTOMERS (id, first_name, last_name) values ('4a55038f-5a98-4bcd-b277-2710583406f4', 'Lavona', 'Okuneva');
INSERT INTO CUSTOMER_IDENTIFIERS (customer_id, identifier_id, identifier_value) values ('4a55038f-5a98-4bcd-b277-2710583406f4', 101, '84346412995');
INSERT INTO CUSTOMER_IDENTIFIERS (customer_id, identifier_id, identifier_value) values ('4a55038f-5a98-4bcd-b277-2710583406f4', 102, '250978033');
INSERT INTO CUSTOMER_ADDRESSES (address_id, customer_id, address_type, street_address, zip_code, city, country) values ('b2104906-06e6-4e64-9aa5-f348c26ff225', '4a55038f-5a98-4bcd-b277-2710583406f4', 'R', '637 Spinka Islands', '70180', 'New Trinityville', 'Zambia');
INSERT INTO CUSTOMERS (id, first_name, last_name) values ('89238cf6-7e76-4db3-ae35-66ab5cd1f7bd', 'Ahmad', 'Torp');
INSERT INTO CUSTOMER_IDENTIFIERS (customer_id, identifier_id, identifier_value) values ('89238cf6-7e76-4db3-ae35-66ab5cd1f7bd', 101, '86365143089');
INSERT INTO CUSTOMER_IDENTIFIERS (customer_id, identifier_id, identifier_value) values ('89238cf6-7e76-4db3-ae35-66ab5cd1f7bd', 102, '680635194');
INSERT INTO CUSTOMER_IDENTIFIERS (customer_id, identifier_id, identifier_value) values ('89238cf6-7e76-4db3-ae35-66ab5cd1f7bd', 103, '936-663-18-26');
INSERT INTO CUSTOMER_ADDRESSES (address_id, customer_id, address_type, street_address, zip_code, city, country) values ('6ab00f0a-e59d-4f7c-9f96-a8fb3630a66f', '89238cf6-7e76-4db3-ae35-66ab5cd1f7bd', 'R', '872 Ledner Ridges', '79567', 'Jeromyview', 'Lao People''s Democratic Republic');
INSERT INTO CUSTOMERS (id, first_name, last_name) values ('60fa9b32-fd88-4789-92b7-e826e507218d', 'Tressa', 'Schmidt');
INSERT INTO CUSTOMER_IDENTIFIERS (customer_id, identifier_id, identifier_value) values ('60fa9b32-fd88-4789-92b7-e826e507218d', 103, '246-885-95-73');
INSERT INTO CUSTOMER_ADDRESSES (address_id, customer_id, address_type, street_address, zip_code, city, country) values ('68ece817-7282-477a-a967-b787f9a2646f', '60fa9b32-fd88-4789-92b7-e826e507218d', 'R', '36140 Green Islands', '93873-1141', 'Port Hollisberg', 'Mayotte');
INSERT INTO CUSTOMER_ADDRESSES (address_id, customer_id, address_type, street_address, zip_code, city, country) values ('6ce2c2c1-2e0f-4a5e-8986-ee0e930c750a', '60fa9b32-fd88-4789-92b7-e826e507218d', 'M', '0744 Carol Lock', '02165-0494', 'Reynaldamouth', 'Switzerland');
INSERT INTO CUSTOMERS (id, first_name, last_name) values ('2fd6fad5-0e11-4a05-9fd7-5986ec4aa895', 'Maximo', 'Funk');
INSERT INTO CUSTOMER_IDENTIFIERS (customer_id, identifier_id, identifier_value) values ('2fd6fad5-0e11-4a05-9fd7-5986ec4aa895', 103, '374-002-74-85');
INSERT INTO CUSTOMER_ADDRESSES (address_id, customer_id, address_type, street_address, zip_code, city, country) values ('9707f59e-90f1-4150-b334-ea0bf3ad04e7', '2fd6fad5-0e11-4a05-9fd7-5986ec4aa895', 'R', '967 Cristopher Avenue', '92282', 'Hahnfurt', 'Sri Lanka');
INSERT INTO CUSTOMERS (id, first_name, last_name) values ('b6618dc4-20e1-478d-9014-5fde1e39cdba', 'Tommie', 'Cassin');
INSERT INTO CUSTOMER_IDENTIFIERS (customer_id, identifier_id, identifier_value) values ('b6618dc4-20e1-478d-9014-5fde1e39cdba', 101, '66733479730');
INSERT INTO CUSTOMER_IDENTIFIERS (customer_id, identifier_id, identifier_value) values ('b6618dc4-20e1-478d-9014-5fde1e39cdba', 102, '055368575');
INSERT INTO CUSTOMER_ADDRESSES (address_id, customer_id, address_type, street_address, zip_code, city, country) values ('3323e350-e3e7-48b4-a740-2cc93bb140b2', 'b6618dc4-20e1-478d-9014-5fde1e39cdba', 'R', '9674 Mikki Expressway', '59067', 'New Gayle', 'Austria');
INSERT INTO CUSTOMER_ADDRESSES (address_id, customer_id, address_type, street_address, zip_code, city, country) values ('6de99212-6a19-4bf1-9159-a83f2f5535e1', 'b6618dc4-20e1-478d-9014-5fde1e39cdba', 'M', '471 Lockman Manors', '86799', 'East Tomi', 'French Southern Territories');
INSERT INTO CUSTOMERS (id, first_name, last_name) values ('c31608d9-994a-4a23-b1eb-95816b386712', 'Jewel', 'Blick');
INSERT INTO CUSTOMER_IDENTIFIERS (customer_id, identifier_id, identifier_value) values ('c31608d9-994a-4a23-b1eb-95816b386712', 101, '58650885256');
INSERT INTO CUSTOMER_IDENTIFIERS (customer_id, identifier_id, identifier_value) values ('c31608d9-994a-4a23-b1eb-95816b386712', 102, '807926875');
INSERT INTO CUSTOMER_IDENTIFIERS (customer_id, identifier_id, identifier_value) values ('c31608d9-994a-4a23-b1eb-95816b386712', 103, '339-224-81-17');
INSERT INTO CUSTOMER_ADDRESSES (address_id, customer_id, address_type, street_address, zip_code, city, country) values ('4b9e46fa-3294-417f-808e-993b1517a443', 'c31608d9-994a-4a23-b1eb-95816b386712', 'R', '842 Denesik Crossing', '39658', 'Mayertside', 'Guyana');
INSERT INTO CUSTOMER_ADDRESSES (address_id, customer_id, address_type, street_address, zip_code, city, country) values ('c34e196a-1942-41cc-ba82-3a1dfdd173b7', 'c31608d9-994a-4a23-b1eb-95816b386712', 'M', '000 Beatty Springs', '30198-5011', 'Turnerfurt', 'India');
INSERT INTO CUSTOMERS (id, first_name, last_name) values ('0d2734a2-7fcf-4777-b222-b5212240cadb', 'Timothy', 'Schamberger');
INSERT INTO CUSTOMER_IDENTIFIERS (customer_id, identifier_id, identifier_value) values ('0d2734a2-7fcf-4777-b222-b5212240cadb', 103, '244-841-33-44');
INSERT INTO CUSTOMER_ADDRESSES (address_id, customer_id, address_type, street_address, zip_code, city, country) values ('411121dd-feae-4107-95d8-c555ae446e2d', '0d2734a2-7fcf-4777-b222-b5212240cadb', 'R', '094 Long Points', '45728', 'Port Janeemouth', 'Western Sahara');
INSERT INTO CUSTOMER_ADDRESSES (address_id, customer_id, address_type, street_address, zip_code, city, country) values ('d70ecf13-50ab-44ea-bddc-e978d9646733', '0d2734a2-7fcf-4777-b222-b5212240cadb', 'M', '05809 Gerhold Underpass', '52377-9368', 'Ambroseton', 'Myanmar');
INSERT INTO CUSTOMERS (id, first_name, last_name) values ('5d4d3e24-af8a-4494-9367-72d90c7b95aa', 'Dario', 'Klocko');
INSERT INTO CUSTOMER_IDENTIFIERS (customer_id, identifier_id, identifier_value) values ('5d4d3e24-af8a-4494-9367-72d90c7b95aa', 101, '31925253393');
INSERT INTO CUSTOMER_IDENTIFIERS (customer_id, identifier_id, identifier_value) values ('5d4d3e24-af8a-4494-9367-72d90c7b95aa', 102, '216114563');
INSERT INTO CUSTOMER_ADDRESSES (address_id, customer_id, address_type, street_address, zip_code, city, country) values ('c4587746-b817-4e5a-a2cc-1bca195a9aa3', '5d4d3e24-af8a-4494-9367-72d90c7b95aa', 'R', '90869 Stark Harbor', '44189', 'Lake Ariana', 'Sweden');
INSERT INTO CUSTOMER_ADDRESSES (address_id, customer_id, address_type, street_address, zip_code, city, country) values ('1da4c33d-fdc4-4891-8c50-b409c8ee122e', '5d4d3e24-af8a-4494-9367-72d90c7b95aa', 'M', '64909 Daugherty Parkway', '45283', 'Ivantown', 'Bulgaria');
INSERT INTO CUSTOMERS (id, first_name, last_name) values ('a0fb49c8-0554-45c4-b1f5-5423e510b477', 'Robin', 'Franecki');
INSERT INTO CUSTOMER_IDENTIFIERS (customer_id, identifier_id, identifier_value) values ('a0fb49c8-0554-45c4-b1f5-5423e510b477', 101, '36582285583');
INSERT INTO CUSTOMER_IDENTIFIERS (customer_id, identifier_id, identifier_value) values ('a0fb49c8-0554-45c4-b1f5-5423e510b477', 102, '589684041');
INSERT INTO CUSTOMER_IDENTIFIERS (customer_id, identifier_id, identifier_value) values ('a0fb49c8-0554-45c4-b1f5-5423e510b477', 103, '298-647-04-04');
INSERT INTO CUSTOMER_ADDRESSES (address_id, customer_id, address_type, street_address, zip_code, city, country) values ('a3f889f5-0e76-4a12-99b7-2d330e916ba7', 'a0fb49c8-0554-45c4-b1f5-5423e510b477', 'R', '5815 Padberg Course', '24998-0633', 'West Tijuanafort', 'Sierra Leone');
INSERT INTO CUSTOMER_ADDRESSES (address_id, customer_id, address_type, street_address, zip_code, city, country) values ('755cf312-e6d1-468e-bb14-9acb4c48fa27', 'a0fb49c8-0554-45c4-b1f5-5423e510b477', 'M', '27575 Thiel Track', '31163-1056', 'Smithmouth', 'Mongolia');
INSERT INTO CUSTOMERS (id, first_name, last_name) values ('5e5903f7-7417-4ae5-ab06-f6e00798180f', 'Issac', 'Walker');
INSERT INTO CUSTOMER_IDENTIFIERS (customer_id, identifier_id, identifier_value) values ('5e5903f7-7417-4ae5-ab06-f6e00798180f', 103, '393-194-04-42');
INSERT INTO CUSTOMER_ADDRESSES (address_id, customer_id, address_type, street_address, zip_code, city, country) values ('56156bc5-05fb-46d8-bdaa-8094c4e79168', '5e5903f7-7417-4ae5-ab06-f6e00798180f', 'R', '660 Jast Row', '07493', 'Averytown', 'Kyrgyz Republic');
INSERT INTO CUSTOMER_ADDRESSES (address_id, customer_id, address_type, street_address, zip_code, city, country) values ('de704b84-74a1-4a80-bbda-197a18eb7cfb', '5e5903f7-7417-4ae5-ab06-f6e00798180f', 'M', '4869 Micah Mill', '86404-4762', 'New Merissaborough', 'Heard Island and McDonald Islands');
INSERT INTO CUSTOMERS (id, first_name, last_name) values ('378fb583-e766-4dc7-9751-289428da655a', 'Otelia', 'Block');
INSERT INTO CUSTOMER_IDENTIFIERS (customer_id, identifier_id, identifier_value) values ('378fb583-e766-4dc7-9751-289428da655a', 102, '235705494');
INSERT INTO CUSTOMER_ADDRESSES (address_id, customer_id, address_type, street_address, zip_code, city, country) values ('98c55019-71f4-4cbb-bcd7-17c57bc339d1', '378fb583-e766-4dc7-9751-289428da655a', 'R', '30336 Lind Village', '70453', 'Tammeraland', 'Chad');
INSERT INTO CUSTOMERS (id, first_name, last_name) values ('afacb627-7b85-4ed8-9577-83fa7e67fe49', 'Denny', 'Bernhard');
INSERT INTO CUSTOMER_IDENTIFIERS (customer_id, identifier_id, identifier_value) values ('afacb627-7b85-4ed8-9577-83fa7e67fe49', 103, '736-882-95-11');
INSERT INTO CUSTOMER_ADDRESSES (address_id, customer_id, address_type, street_address, zip_code, city, country) values ('66bfbbc8-5821-4924-a7b1-26150215fbcc', 'afacb627-7b85-4ed8-9577-83fa7e67fe49', 'R', '9330 Huel Hollow', '47582', 'North Ardell', 'Chad');
INSERT INTO CUSTOMER_ADDRESSES (address_id, customer_id, address_type, street_address, zip_code, city, country) values ('9cac4cbf-ed2a-4bf5-93c2-e5407b2777d4', 'afacb627-7b85-4ed8-9577-83fa7e67fe49', 'M', '85945 Donnelly Overpass', '19471-3278', 'Robelburgh', 'Costa Rica');
INSERT INTO CUSTOMERS (id, first_name, last_name) values ('d03ac8f2-676b-40da-ac96-0965ff3fab5d', 'Nadene', 'Cronin');
INSERT INTO CUSTOMER_IDENTIFIERS (customer_id, identifier_id, identifier_value) values ('d03ac8f2-676b-40da-ac96-0965ff3fab5d', 102, '741277742');
INSERT INTO CUSTOMER_IDENTIFIERS (customer_id, identifier_id, identifier_value) values ('d03ac8f2-676b-40da-ac96-0965ff3fab5d', 103, '076-423-05-96');
INSERT INTO CUSTOMER_ADDRESSES (address_id, customer_id, address_type, street_address, zip_code, city, country) values ('da4ec6b2-e521-43fa-88fc-55155e33e1f0', 'd03ac8f2-676b-40da-ac96-0965ff3fab5d', 'R', '538 Miles Manors', '65759-4947', 'Pourosfort', 'Burundi');
INSERT INTO CUSTOMERS (id, first_name, last_name) values ('cd84eab4-dfa5-477e-a144-7ced12693e65', 'Keturah', 'Ruecker');
INSERT INTO CUSTOMER_IDENTIFIERS (customer_id, identifier_id, identifier_value) values ('cd84eab4-dfa5-477e-a144-7ced12693e65', 101, '47627486409');
INSERT INTO CUSTOMER_ADDRESSES (address_id, customer_id, address_type, street_address, zip_code, city, country) values ('f324f2b3-5cc0-438f-a93a-3c133f8a53c1', 'cd84eab4-dfa5-477e-a144-7ced12693e65', 'R', '4695 Hintz Ford', '08779', 'Nienowburgh', 'Honduras');
INSERT INTO CUSTOMERS (id, first_name, last_name) values ('69512656-08b6-4c93-853b-f05aa7b62358', 'Santina', 'Hamill');
INSERT INTO CUSTOMER_IDENTIFIERS (customer_id, identifier_id, identifier_value) values ('69512656-08b6-4c93-853b-f05aa7b62358', 102, '211830662');
INSERT INTO CUSTOMER_IDENTIFIERS (customer_id, identifier_id, identifier_value) values ('69512656-08b6-4c93-853b-f05aa7b62358', 103, '021-241-82-86');
INSERT INTO CUSTOMER_ADDRESSES (address_id, customer_id, address_type, street_address, zip_code, city, country) values ('64df545d-c6da-41e0-bb8c-4f4b9be03eb2', '69512656-08b6-4c93-853b-f05aa7b62358', 'R', '5296 Edmundo Mills', '53433', 'Danielborough', 'American Samoa');
INSERT INTO CUSTOMER_ADDRESSES (address_id, customer_id, address_type, street_address, zip_code, city, country) values ('dcab3f9e-a5f2-4eda-93f4-d285fe76324c', '69512656-08b6-4c93-853b-f05aa7b62358', 'M', '8082 Gorczany Forges', '66008', 'Lake Katerinemouth', 'Finland');
INSERT INTO CUSTOMERS (id, first_name, last_name) values ('f543af1c-5fcb-478b-843c-ba85fd20d1b3', 'Charise', 'Quigley');
INSERT INTO CUSTOMER_IDENTIFIERS (customer_id, identifier_id, identifier_value) values ('f543af1c-5fcb-478b-843c-ba85fd20d1b3', 102, '949299277');
INSERT INTO CUSTOMER_IDENTIFIERS (customer_id, identifier_id, identifier_value) values ('f543af1c-5fcb-478b-843c-ba85fd20d1b3', 103, '697-077-52-32');
INSERT INTO CUSTOMER_ADDRESSES (address_id, customer_id, address_type, street_address, zip_code, city, country) values ('9f4c67e9-3832-4fe4-b88f-be9297fb1d59', 'f543af1c-5fcb-478b-843c-ba85fd20d1b3', 'R', '5808 Gusikowski Field', '91492', 'Adinashire', 'Malawi');
INSERT INTO CUSTOMER_ADDRESSES (address_id, customer_id, address_type, street_address, zip_code, city, country) values ('2121181d-a042-4ded-bc4d-e7cfd62a0f63', 'f543af1c-5fcb-478b-843c-ba85fd20d1b3', 'M', '8154 Schumm Green', '33854', 'South Antwanport', 'Guadeloupe');
INSERT INTO CUSTOMERS (id, first_name, last_name) values ('6ae3df60-8adc-4594-83f2-52493b3dbbe2', 'Katrina', 'Welch');
INSERT INTO CUSTOMER_IDENTIFIERS (customer_id, identifier_id, identifier_value) values ('6ae3df60-8adc-4594-83f2-52493b3dbbe2', 101, '66555660714');
INSERT INTO CUSTOMER_IDENTIFIERS (customer_id, identifier_id, identifier_value) values ('6ae3df60-8adc-4594-83f2-52493b3dbbe2', 102, '490178186');
INSERT INTO CUSTOMER_IDENTIFIERS (customer_id, identifier_id, identifier_value) values ('6ae3df60-8adc-4594-83f2-52493b3dbbe2', 103, '590-281-99-26');
INSERT INTO CUSTOMER_ADDRESSES (address_id, customer_id, address_type, street_address, zip_code, city, country) values ('95c0093c-f52b-4b48-97de-56db666cdbb1', '6ae3df60-8adc-4594-83f2-52493b3dbbe2', 'R', '098 Ernser Village', '05906-9260', 'East Bula', 'Saint Pierre and Miquelon');
INSERT INTO CUSTOMER_ADDRESSES (address_id, customer_id, address_type, street_address, zip_code, city, country) values ('d7e7157f-6f4d-4965-9812-b3b23a4d7183', '6ae3df60-8adc-4594-83f2-52493b3dbbe2', 'M', '88765 Upton Highway', '18492', 'West Joshuaton', 'Netherlands Antilles');
INSERT INTO CUSTOMERS (id, first_name, last_name) values ('302674d7-1884-49d1-b87e-dd47579a643f', 'Martin', 'Hand');
INSERT INTO CUSTOMER_IDENTIFIERS (customer_id, identifier_id, identifier_value) values ('302674d7-1884-49d1-b87e-dd47579a643f', 102, '717174736');
INSERT INTO CUSTOMER_ADDRESSES (address_id, customer_id, address_type, street_address, zip_code, city, country) values ('7154d53b-e771-4619-9b6b-d6efe9095e1d', '302674d7-1884-49d1-b87e-dd47579a643f', 'R', '801 Bergnaum Unions', '23045', 'South Kitmouth', 'Cambodia');
INSERT INTO CUSTOMERS (id, first_name, last_name) values ('c3e67e50-f532-48c1-9333-a7c3fc83f232', 'Darlene', 'Trantow');
INSERT INTO CUSTOMER_IDENTIFIERS (customer_id, identifier_id, identifier_value) values ('c3e67e50-f532-48c1-9333-a7c3fc83f232', 102, '053216827');
INSERT INTO CUSTOMER_IDENTIFIERS (customer_id, identifier_id, identifier_value) values ('c3e67e50-f532-48c1-9333-a7c3fc83f232', 103, '349-642-02-17');
INSERT INTO CUSTOMER_ADDRESSES (address_id, customer_id, address_type, street_address, zip_code, city, country) values ('63d795a4-4c04-473a-aa88-ac60a50dc270', 'c3e67e50-f532-48c1-9333-a7c3fc83f232', 'R', '9101 Turcotte Cove', '20956', 'Bauchmouth', 'Uzbekistan');
INSERT INTO CUSTOMER_ADDRESSES (address_id, customer_id, address_type, street_address, zip_code, city, country) values ('fb44f944-0359-4d24-bb79-7bb67e3a559e', 'c3e67e50-f532-48c1-9333-a7c3fc83f232', 'M', '0844 Cole Spring', '19060', 'Claudiotown', 'Belize');
INSERT INTO CUSTOMERS (id, first_name, last_name) values ('5be3e11d-d894-4dd5-8f20-2351adab6829', 'Tony', 'Labadie');
INSERT INTO CUSTOMER_IDENTIFIERS (customer_id, identifier_id, identifier_value) values ('5be3e11d-d894-4dd5-8f20-2351adab6829', 102, '615459465');
INSERT INTO CUSTOMER_ADDRESSES (address_id, customer_id, address_type, street_address, zip_code, city, country) values ('aff1a176-3ed6-4a42-959a-e7fb5d033bc9', '5be3e11d-d894-4dd5-8f20-2351adab6829', 'R', '7146 Dino Gateway', '58548', 'North Shirley', 'Czech Republic');
INSERT INTO CUSTOMERS (id, first_name, last_name) values ('1ed9aa7e-1500-4dfa-b639-97f083ec3055', 'Queenie', 'Bechtelar');
INSERT INTO CUSTOMER_IDENTIFIERS (customer_id, identifier_id, identifier_value) values ('1ed9aa7e-1500-4dfa-b639-97f083ec3055', 101, '82278462402');
INSERT INTO CUSTOMER_IDENTIFIERS (customer_id, identifier_id, identifier_value) values ('1ed9aa7e-1500-4dfa-b639-97f083ec3055', 102, '486367430');
INSERT INTO CUSTOMER_ADDRESSES (address_id, customer_id, address_type, street_address, zip_code, city, country) values ('319dbe37-7b10-4ad1-9187-90806f1dff2d', '1ed9aa7e-1500-4dfa-b639-97f083ec3055', 'R', '0729 Perry Flats', '20905', 'Hermannhaven', 'Georgia');
INSERT INTO CUSTOMERS (id, first_name, last_name) values ('e81daa9d-1304-4da7-85b0-db33fd9af367', 'Angelo', 'Casper');
INSERT INTO CUSTOMER_IDENTIFIERS (customer_id, identifier_id, identifier_value) values ('e81daa9d-1304-4da7-85b0-db33fd9af367', 102, '284602974');
INSERT INTO CUSTOMER_ADDRESSES (address_id, customer_id, address_type, street_address, zip_code, city, country) values ('aaa87933-edab-4157-ba33-be4badd3b161', 'e81daa9d-1304-4da7-85b0-db33fd9af367', 'R', '9886 Monroe Keys', '45088', 'Pagacchester', 'Japan');
INSERT INTO CUSTOMERS (id, first_name, last_name) values ('e5038733-906d-4f78-87ac-c1a1bf11f46d', 'Hugo', 'Friesen');
INSERT INTO CUSTOMER_IDENTIFIERS (customer_id, identifier_id, identifier_value) values ('e5038733-906d-4f78-87ac-c1a1bf11f46d', 101, '51511632496');
INSERT INTO CUSTOMER_IDENTIFIERS (customer_id, identifier_id, identifier_value) values ('e5038733-906d-4f78-87ac-c1a1bf11f46d', 102, '832564967');
INSERT INTO CUSTOMER_IDENTIFIERS (customer_id, identifier_id, identifier_value) values ('e5038733-906d-4f78-87ac-c1a1bf11f46d', 103, '951-118-11-28');
INSERT INTO CUSTOMER_ADDRESSES (address_id, customer_id, address_type, street_address, zip_code, city, country) values ('f32de6ad-cb87-4718-84d3-43c8f7797fc9', 'e5038733-906d-4f78-87ac-c1a1bf11f46d', 'R', '0200 Schaden Stream', '72147', 'Jodytown', 'Sierra Leone');
INSERT INTO CUSTOMER_ADDRESSES (address_id, customer_id, address_type, street_address, zip_code, city, country) values ('f592ea6d-85a9-4ddc-9522-5ffed97271fe', 'e5038733-906d-4f78-87ac-c1a1bf11f46d', 'M', '93798 O''Kon Skyway', '08107-3119', 'Port Keila', 'Egypt');
INSERT INTO CUSTOMERS (id, first_name, last_name) values ('3f37943a-aae2-42f4-86b4-63457d2a8382', 'Mechelle', 'Russel');
INSERT INTO CUSTOMER_IDENTIFIERS (customer_id, identifier_id, identifier_value) values ('3f37943a-aae2-42f4-86b4-63457d2a8382', 101, '59186405474');
INSERT INTO CUSTOMER_IDENTIFIERS (customer_id, identifier_id, identifier_value) values ('3f37943a-aae2-42f4-86b4-63457d2a8382', 103, '144-072-49-09');
INSERT INTO CUSTOMER_ADDRESSES (address_id, customer_id, address_type, street_address, zip_code, city, country) values ('271c691a-4f3e-4192-a9a4-e28515647597', '3f37943a-aae2-42f4-86b4-63457d2a8382', 'R', '232 Brady Field', '22444', 'Rochelstad', 'Palestinian Territory');
INSERT INTO CUSTOMERS (id, first_name, last_name) values ('592648ce-c93c-4ea5-b91c-74cf63b503a7', 'Yuri', 'Hermiston');
INSERT INTO CUSTOMER_IDENTIFIERS (customer_id, identifier_id, identifier_value) values ('592648ce-c93c-4ea5-b91c-74cf63b503a7', 101, '24727726590');
INSERT INTO CUSTOMER_IDENTIFIERS (customer_id, identifier_id, identifier_value) values ('592648ce-c93c-4ea5-b91c-74cf63b503a7', 102, '697566191');
INSERT INTO CUSTOMER_ADDRESSES (address_id, customer_id, address_type, street_address, zip_code, city, country) values ('5fd9e73a-0092-41e0-81c3-cd676fbd7006', '592648ce-c93c-4ea5-b91c-74cf63b503a7', 'R', '6374 Purdy Park', '22272', 'Baileymouth', 'Hong Kong');
INSERT INTO CUSTOMER_ADDRESSES (address_id, customer_id, address_type, street_address, zip_code, city, country) values ('c38076ae-9355-4825-96dd-7596fd295d87', '592648ce-c93c-4ea5-b91c-74cf63b503a7', 'M', '6112 Julie Mission', '42207-8779', 'Ziemannton', 'Luxembourg');
INSERT INTO CUSTOMERS (id, first_name, last_name) values ('30072d82-a363-47bd-820f-2cba3c00e1bf', 'Jamey', 'Kuhic');
INSERT INTO CUSTOMER_IDENTIFIERS (customer_id, identifier_id, identifier_value) values ('30072d82-a363-47bd-820f-2cba3c00e1bf', 103, '862-281-25-17');
INSERT INTO CUSTOMER_ADDRESSES (address_id, customer_id, address_type, street_address, zip_code, city, country) values ('936da6d5-2d33-4ac5-b7f6-4bab1936e5c8', '30072d82-a363-47bd-820f-2cba3c00e1bf', 'R', '643 Rutherford Mountains', '66699', 'New Lucia', 'Yemen');
INSERT INTO CUSTOMER_ADDRESSES (address_id, customer_id, address_type, street_address, zip_code, city, country) values ('62950bd1-a5b8-46f5-b950-79d351404f61', '30072d82-a363-47bd-820f-2cba3c00e1bf', 'M', '456 D''Amore Stream', '38829', 'Charleytown', 'Gambia');
INSERT INTO CUSTOMERS (id, first_name, last_name) values ('eb34e8be-1293-4e97-84f7-6a9fb0fc454d', 'Lincoln', 'Ankunding');
INSERT INTO CUSTOMER_IDENTIFIERS (customer_id, identifier_id, identifier_value) values ('eb34e8be-1293-4e97-84f7-6a9fb0fc454d', 101, '11528167333');
INSERT INTO CUSTOMER_IDENTIFIERS (customer_id, identifier_id, identifier_value) values ('eb34e8be-1293-4e97-84f7-6a9fb0fc454d', 102, '343508003');
INSERT INTO CUSTOMER_IDENTIFIERS (customer_id, identifier_id, identifier_value) values ('eb34e8be-1293-4e97-84f7-6a9fb0fc454d', 103, '709-656-70-69');
INSERT INTO CUSTOMER_ADDRESSES (address_id, customer_id, address_type, street_address, zip_code, city, country) values ('87e57923-206a-43f3-b836-635c16081843', 'eb34e8be-1293-4e97-84f7-6a9fb0fc454d', 'R', '48157 Teressa Harbor', '60806', 'Zacharyport', 'Nicaragua');
INSERT INTO CUSTOMERS (id, first_name, last_name) values ('dd9de0c7-741f-4115-8797-cdcdfbe072f1', 'Darren', 'Spencer');
INSERT INTO CUSTOMER_IDENTIFIERS (customer_id, identifier_id, identifier_value) values ('dd9de0c7-741f-4115-8797-cdcdfbe072f1', 101, '53757969411');
INSERT INTO CUSTOMER_ADDRESSES (address_id, customer_id, address_type, street_address, zip_code, city, country) values ('bd4f36e5-91bb-4644-b07d-e2da0664cc40', 'dd9de0c7-741f-4115-8797-cdcdfbe072f1', 'R', '999 Fransisca Wells', '18643-1975', 'Nicolemouth', 'Vanuatu');
INSERT INTO CUSTOMERS (id, first_name, last_name) values ('12513b4d-080a-442d-a7ac-0370e20ee9ee', 'Ezra', 'Padberg');
INSERT INTO CUSTOMER_IDENTIFIERS (customer_id, identifier_id, identifier_value) values ('12513b4d-080a-442d-a7ac-0370e20ee9ee', 101, '80042483173');
INSERT INTO CUSTOMER_IDENTIFIERS (customer_id, identifier_id, identifier_value) values ('12513b4d-080a-442d-a7ac-0370e20ee9ee', 102, '383619756');
INSERT INTO CUSTOMER_IDENTIFIERS (customer_id, identifier_id, identifier_value) values ('12513b4d-080a-442d-a7ac-0370e20ee9ee', 103, '809-669-42-00');
INSERT INTO CUSTOMER_ADDRESSES (address_id, customer_id, address_type, street_address, zip_code, city, country) values ('736fa629-45cf-4aff-ac3d-8f297f067486', '12513b4d-080a-442d-a7ac-0370e20ee9ee', 'R', '0261 Sammie Mission', '34701-7563', 'Willowmouth', 'Netherlands Antilles');
INSERT INTO CUSTOMERS (id, first_name, last_name) values ('6f460782-5aa4-4620-9239-7060ffd6998c', 'Forest', 'Ledner');
INSERT INTO CUSTOMER_IDENTIFIERS (customer_id, identifier_id, identifier_value) values ('6f460782-5aa4-4620-9239-7060ffd6998c', 101, '07090825609');
INSERT INTO CUSTOMER_ADDRESSES (address_id, customer_id, address_type, street_address, zip_code, city, country) values ('ca1889ba-f6f6-4fda-9ee6-8f4674bf2248', '6f460782-5aa4-4620-9239-7060ffd6998c', 'R', '32410 Cole Park', '76831', 'Catharinemouth', 'Martinique');
INSERT INTO CUSTOMERS (id, first_name, last_name) values ('5e71f9fc-6e9c-4cbd-8828-393b5c1d8a82', 'Kurt', 'Aufderhar');
INSERT INTO CUSTOMER_IDENTIFIERS (customer_id, identifier_id, identifier_value) values ('5e71f9fc-6e9c-4cbd-8828-393b5c1d8a82', 103, '017-935-14-36');
INSERT INTO CUSTOMER_ADDRESSES (address_id, customer_id, address_type, street_address, zip_code, city, country) values ('2fcc4446-0c9e-4c7c-a873-84bed2206615', '5e71f9fc-6e9c-4cbd-8828-393b5c1d8a82', 'R', '48002 McCullough Alley', '75034', 'West Danielleland', 'Grenada');
INSERT INTO CUSTOMERS (id, first_name, last_name) values ('d0b2e115-c3e1-45e3-a1ca-3010d900b344', 'Junie', 'Hayes');
INSERT INTO CUSTOMER_IDENTIFIERS (customer_id, identifier_id, identifier_value) values ('d0b2e115-c3e1-45e3-a1ca-3010d900b344', 102, '233047153');
INSERT INTO CUSTOMER_ADDRESSES (address_id, customer_id, address_type, street_address, zip_code, city, country) values ('768232dc-5431-4ff5-b7b7-bba591ff50ea', 'd0b2e115-c3e1-45e3-a1ca-3010d900b344', 'R', '26614 Ngoc Pines', '20284', 'West Dannymouth', 'United Kingdom');
INSERT INTO CUSTOMERS (id, first_name, last_name) values ('96aa78ff-2db3-4d6b-a2b1-88ae349eb1d8', 'Jess', 'Bruen');
INSERT INTO CUSTOMER_IDENTIFIERS (customer_id, identifier_id, identifier_value) values ('96aa78ff-2db3-4d6b-a2b1-88ae349eb1d8', 102, '185845812');
INSERT INTO CUSTOMER_IDENTIFIERS (customer_id, identifier_id, identifier_value) values ('96aa78ff-2db3-4d6b-a2b1-88ae349eb1d8', 103, '553-845-24-05');
INSERT INTO CUSTOMER_ADDRESSES (address_id, customer_id, address_type, street_address, zip_code, city, country) values ('2e3a29aa-9f06-46cb-80f7-f2f683f81748', '96aa78ff-2db3-4d6b-a2b1-88ae349eb1d8', 'R', '521 Crona Crossroad', '35048-7961', 'East Alexport', 'South Africa');
INSERT INTO CUSTOMER_ADDRESSES (address_id, customer_id, address_type, street_address, zip_code, city, country) values ('13209a63-2578-4363-855c-536c0fd0ccc8', '96aa78ff-2db3-4d6b-a2b1-88ae349eb1d8', 'M', '4038 Noe Course', '56279', 'Reitahaven', 'Mauritania');
INSERT INTO CUSTOMERS (id, first_name, last_name) values ('0db3daf4-d406-4acc-9a9e-ecd63585b28d', 'Lindsy', 'Beatty');
INSERT INTO CUSTOMER_IDENTIFIERS (customer_id, identifier_id, identifier_value) values ('0db3daf4-d406-4acc-9a9e-ecd63585b28d', 101, '23135918691');
INSERT INTO CUSTOMER_IDENTIFIERS (customer_id, identifier_id, identifier_value) values ('0db3daf4-d406-4acc-9a9e-ecd63585b28d', 102, '961680646');
INSERT INTO CUSTOMER_IDENTIFIERS (customer_id, identifier_id, identifier_value) values ('0db3daf4-d406-4acc-9a9e-ecd63585b28d', 103, '239-548-22-03');
INSERT INTO CUSTOMER_ADDRESSES (address_id, customer_id, address_type, street_address, zip_code, city, country) values ('282da379-0ef8-4f55-9f54-f0c6c892139a', '0db3daf4-d406-4acc-9a9e-ecd63585b28d', 'R', '3275 August Run', '83611', 'Orvalmouth', 'Nigeria');
INSERT INTO CUSTOMER_ADDRESSES (address_id, customer_id, address_type, street_address, zip_code, city, country) values ('6e1b6f9a-dcc8-4003-a577-8e5e53722c93', '0db3daf4-d406-4acc-9a9e-ecd63585b28d', 'M', '22598 Williamson Square', '01677', 'Dorrisshire', 'India');
INSERT INTO CUSTOMERS (id, first_name, last_name) values ('92cc8f65-91ba-468a-ad70-21eb469a6a3d', 'Dennise', 'Kozey');
INSERT INTO CUSTOMER_IDENTIFIERS (customer_id, identifier_id, identifier_value) values ('92cc8f65-91ba-468a-ad70-21eb469a6a3d', 101, '49358191749');
INSERT INTO CUSTOMER_ADDRESSES (address_id, customer_id, address_type, street_address, zip_code, city, country) values ('7bda3ae4-2400-453e-bf4e-ff8d25bf5b3c', '92cc8f65-91ba-468a-ad70-21eb469a6a3d', 'R', '5751 Collier Square', '54639', 'East Dorian', 'Mali');
INSERT INTO CUSTOMERS (id, first_name, last_name) values ('484e6fd6-0b1d-4e83-b9bd-d66d94544655', 'Maisie', 'Koelpin');
INSERT INTO CUSTOMER_IDENTIFIERS (customer_id, identifier_id, identifier_value) values ('484e6fd6-0b1d-4e83-b9bd-d66d94544655', 101, '54689255338');
INSERT INTO CUSTOMER_IDENTIFIERS (customer_id, identifier_id, identifier_value) values ('484e6fd6-0b1d-4e83-b9bd-d66d94544655', 103, '417-190-10-36');
INSERT INTO CUSTOMER_ADDRESSES (address_id, customer_id, address_type, street_address, zip_code, city, country) values ('bce3a5a5-4f7b-42d7-a378-39c028040bc7', '484e6fd6-0b1d-4e83-b9bd-d66d94544655', 'R', '2783 Lacie Crest', '28070-9329', 'Johnnybury', 'Lesotho');
INSERT INTO CUSTOMERS (id, first_name, last_name) values ('cda8135f-16f0-4412-87e2-60c7a1e2b73c', 'Theodore', 'Hartmann');
INSERT INTO CUSTOMER_IDENTIFIERS (customer_id, identifier_id, identifier_value) values ('cda8135f-16f0-4412-87e2-60c7a1e2b73c', 101, '21839650254');
INSERT INTO CUSTOMER_IDENTIFIERS (customer_id, identifier_id, identifier_value) values ('cda8135f-16f0-4412-87e2-60c7a1e2b73c', 102, '067646439');
INSERT INTO CUSTOMER_ADDRESSES (address_id, customer_id, address_type, street_address, zip_code, city, country) values ('0f648ce1-fa25-43a7-85e0-6a054950e3ce', 'cda8135f-16f0-4412-87e2-60c7a1e2b73c', 'R', '710 Gus Ford', '35775', 'Lake Fredericview', 'Anguilla');
INSERT INTO CUSTOMERS (id, first_name, last_name) values ('c28bca46-d75c-4a11-a221-0eedf129cf58', 'Na', 'Nienow');
INSERT INTO CUSTOMER_IDENTIFIERS (customer_id, identifier_id, identifier_value) values ('c28bca46-d75c-4a11-a221-0eedf129cf58', 101, '49063641905');
INSERT INTO CUSTOMER_ADDRESSES (address_id, customer_id, address_type, street_address, zip_code, city, country) values ('9eb900b7-2f08-49c4-91fb-d35e852dd60f', 'c28bca46-d75c-4a11-a221-0eedf129cf58', 'R', '94541 Frami Shore', '10621', 'Ursulaton', 'Japan');
INSERT INTO CUSTOMERS (id, first_name, last_name) values ('7e5703d4-99aa-4c76-b819-e945bf05a805', 'Luigi', 'Gerhold');
INSERT INTO CUSTOMER_IDENTIFIERS (customer_id, identifier_id, identifier_value) values ('7e5703d4-99aa-4c76-b819-e945bf05a805', 101, '49596756384');
INSERT INTO CUSTOMER_IDENTIFIERS (customer_id, identifier_id, identifier_value) values ('7e5703d4-99aa-4c76-b819-e945bf05a805', 102, '709046500');
INSERT INTO CUSTOMER_IDENTIFIERS (customer_id, identifier_id, identifier_value) values ('7e5703d4-99aa-4c76-b819-e945bf05a805', 103, '639-412-44-40');
INSERT INTO CUSTOMER_ADDRESSES (address_id, customer_id, address_type, street_address, zip_code, city, country) values ('0ff19771-5969-4592-811a-3d9638f3e8c9', '7e5703d4-99aa-4c76-b819-e945bf05a805', 'R', '458 Deana Corner', '98617', 'South Linhfurt', 'Palau');
INSERT INTO CUSTOMERS (id, first_name, last_name) values ('c3dd8815-5fc9-45c3-b07c-85ae0c1d10c6', 'Kerry', 'Waelchi');
INSERT INTO CUSTOMER_IDENTIFIERS (customer_id, identifier_id, identifier_value) values ('c3dd8815-5fc9-45c3-b07c-85ae0c1d10c6', 101, '59000715758');
INSERT INTO CUSTOMER_IDENTIFIERS (customer_id, identifier_id, identifier_value) values ('c3dd8815-5fc9-45c3-b07c-85ae0c1d10c6', 102, '631053654');
INSERT INTO CUSTOMER_IDENTIFIERS (customer_id, identifier_id, identifier_value) values ('c3dd8815-5fc9-45c3-b07c-85ae0c1d10c6', 103, '657-009-50-67');
INSERT INTO CUSTOMER_ADDRESSES (address_id, customer_id, address_type, street_address, zip_code, city, country) values ('e4d237f5-0b41-45a2-9f5e-9b5cb251edc0', 'c3dd8815-5fc9-45c3-b07c-85ae0c1d10c6', 'R', '453 Mills Unions', '97263-8947', 'North Alejandrinaton', 'Ethiopia');
INSERT INTO CUSTOMER_ADDRESSES (address_id, customer_id, address_type, street_address, zip_code, city, country) values ('367b981f-436e-4f90-ade0-7a46192a9b51', 'c3dd8815-5fc9-45c3-b07c-85ae0c1d10c6', 'M', '954 Powlowski Club', '28066-2854', 'West Breanneville', 'Western Sahara');
INSERT INTO CUSTOMERS (id, first_name, last_name) values ('b18ff8e5-d995-4d00-87c8-bbc7ceb73a22', 'Hayden', 'Turner');
INSERT INTO CUSTOMER_IDENTIFIERS (customer_id, identifier_id, identifier_value) values ('b18ff8e5-d995-4d00-87c8-bbc7ceb73a22', 101, '62854015427');
INSERT INTO CUSTOMER_IDENTIFIERS (customer_id, identifier_id, identifier_value) values ('b18ff8e5-d995-4d00-87c8-bbc7ceb73a22', 102, '210554318');
INSERT INTO CUSTOMER_ADDRESSES (address_id, customer_id, address_type, street_address, zip_code, city, country) values ('a761037b-d6bc-4417-a854-7ac72e003b95', 'b18ff8e5-d995-4d00-87c8-bbc7ceb73a22', 'R', '46987 Frami Forks', '98328', 'Richardmouth', 'Lebanon');
INSERT INTO CUSTOMER_ADDRESSES (address_id, customer_id, address_type, street_address, zip_code, city, country) values ('354de045-f377-4c07-821b-5c4632da7df2', 'b18ff8e5-d995-4d00-87c8-bbc7ceb73a22', 'M', '4630 Rohan Springs', '95017-6293', 'Andreaside', 'Svalbard & Jan Mayen Islands');
INSERT INTO CUSTOMERS (id, first_name, last_name) values ('b0e35c12-6807-4e99-8f94-b386f2ad127d', 'Gigi', 'Barrows');
INSERT INTO CUSTOMER_IDENTIFIERS (customer_id, identifier_id, identifier_value) values ('b0e35c12-6807-4e99-8f94-b386f2ad127d', 103, '274-001-64-94');
INSERT INTO CUSTOMER_ADDRESSES (address_id, customer_id, address_type, street_address, zip_code, city, country) values ('8f5deafb-87e6-42cd-81dd-daf62308a234', 'b0e35c12-6807-4e99-8f94-b386f2ad127d', 'R', '40329 Hank Freeway', '45028', 'Halvorsonmouth', 'Greece');
INSERT INTO CUSTOMERS (id, first_name, last_name) values ('be7cf092-71a8-44d1-97aa-9d44d005ace8', 'Virgie', 'Champlin');
INSERT INTO CUSTOMER_IDENTIFIERS (customer_id, identifier_id, identifier_value) values ('be7cf092-71a8-44d1-97aa-9d44d005ace8', 101, '26103088940');
INSERT INTO CUSTOMER_IDENTIFIERS (customer_id, identifier_id, identifier_value) values ('be7cf092-71a8-44d1-97aa-9d44d005ace8', 102, '317171558');
INSERT INTO CUSTOMER_IDENTIFIERS (customer_id, identifier_id, identifier_value) values ('be7cf092-71a8-44d1-97aa-9d44d005ace8', 103, '790-066-69-67');
INSERT INTO CUSTOMER_ADDRESSES (address_id, customer_id, address_type, street_address, zip_code, city, country) values ('1cdd045c-8b3b-433e-9e7e-edf287a071f9', 'be7cf092-71a8-44d1-97aa-9d44d005ace8', 'R', '0376 Rhett Spring', '73450', 'Scotville', 'Guatemala');
INSERT INTO CUSTOMERS (id, first_name, last_name) values ('6e126be5-5ad6-4b3e-9939-b03bb7336196', 'Elroy', 'Brekke');
INSERT INTO CUSTOMER_IDENTIFIERS (customer_id, identifier_id, identifier_value) values ('6e126be5-5ad6-4b3e-9939-b03bb7336196', 101, '87823217404');
INSERT INTO CUSTOMER_IDENTIFIERS (customer_id, identifier_id, identifier_value) values ('6e126be5-5ad6-4b3e-9939-b03bb7336196', 103, '106-660-70-75');
INSERT INTO CUSTOMER_ADDRESSES (address_id, customer_id, address_type, street_address, zip_code, city, country) values ('c76ad7a2-b736-4c3a-adf8-c3d637d2f6fc', '6e126be5-5ad6-4b3e-9939-b03bb7336196', 'R', '29814 Marvin Overpass', '75617-1732', 'Lake Loretta', 'Cayman Islands');
INSERT INTO CUSTOMERS (id, first_name, last_name) values ('c1c4a903-e708-4685-9b54-6184c6d1364d', 'Roma', 'Ziemann');
INSERT INTO CUSTOMER_IDENTIFIERS (customer_id, identifier_id, identifier_value) values ('c1c4a903-e708-4685-9b54-6184c6d1364d', 101, '90403105196');
INSERT INTO CUSTOMER_ADDRESSES (address_id, customer_id, address_type, street_address, zip_code, city, country) values ('2009baa7-b7ec-4929-8764-8a9b4dc1aad9', 'c1c4a903-e708-4685-9b54-6184c6d1364d', 'R', '7829 Clint Branch', '86009', 'Kuphalbury', 'Cayman Islands');
INSERT INTO CUSTOMERS (id, first_name, last_name) values ('69490295-7709-423e-8e07-dc65e3cefc53', 'Terrence', 'Sipes');
INSERT INTO CUSTOMER_IDENTIFIERS (customer_id, identifier_id, identifier_value) values ('69490295-7709-423e-8e07-dc65e3cefc53', 101, '49390917241');
INSERT INTO CUSTOMER_ADDRESSES (address_id, customer_id, address_type, street_address, zip_code, city, country) values ('429ee392-7fa3-49cc-87b9-707ccfb43567', '69490295-7709-423e-8e07-dc65e3cefc53', 'R', '423 Latisha Trace', '10607', 'West Sebastianchester', 'Guinea-Bissau');
INSERT INTO CUSTOMERS (id, first_name, last_name) values ('63f52611-0e26-4cfb-9fca-cfccf6558816', 'Antoine', 'Greenfelder');
INSERT INTO CUSTOMER_IDENTIFIERS (customer_id, identifier_id, identifier_value) values ('63f52611-0e26-4cfb-9fca-cfccf6558816', 101, '93910491931');
INSERT INTO CUSTOMER_IDENTIFIERS (customer_id, identifier_id, identifier_value) values ('63f52611-0e26-4cfb-9fca-cfccf6558816', 102, '435924051');
INSERT INTO CUSTOMER_ADDRESSES (address_id, customer_id, address_type, street_address, zip_code, city, country) values ('ed6f0506-3551-4439-bde8-e791f18b26d6', '63f52611-0e26-4cfb-9fca-cfccf6558816', 'R', '97042 Lachelle Lane', '34984', 'Lake Caroleville', 'Angola');
INSERT INTO CUSTOMERS (id, first_name, last_name) values ('b981f495-9016-4515-9de8-a5111a8c8a90', 'Malika', 'Quitzon');
INSERT INTO CUSTOMER_IDENTIFIERS (customer_id, identifier_id, identifier_value) values ('b981f495-9016-4515-9de8-a5111a8c8a90', 102, '715837102');
INSERT INTO CUSTOMER_ADDRESSES (address_id, customer_id, address_type, street_address, zip_code, city, country) values ('8c599af4-3350-4ce0-b7ef-d216b0b38bc4', 'b981f495-9016-4515-9de8-a5111a8c8a90', 'R', '444 Emile Station', '34192-6842', 'Feilton', 'Palau');
INSERT INTO CUSTOMERS (id, first_name, last_name) values ('c823697c-0016-4e31-be50-37f027121f54', 'Rocco', 'Nicolas');
INSERT INTO CUSTOMER_IDENTIFIERS (customer_id, identifier_id, identifier_value) values ('c823697c-0016-4e31-be50-37f027121f54', 101, '65787608644');
INSERT INTO CUSTOMER_IDENTIFIERS (customer_id, identifier_id, identifier_value) values ('c823697c-0016-4e31-be50-37f027121f54', 102, '276854693');
INSERT INTO CUSTOMER_IDENTIFIERS (customer_id, identifier_id, identifier_value) values ('c823697c-0016-4e31-be50-37f027121f54', 103, '524-363-93-51');
INSERT INTO CUSTOMER_ADDRESSES (address_id, customer_id, address_type, street_address, zip_code, city, country) values ('427581cb-649c-472d-b00f-306103eb0862', 'c823697c-0016-4e31-be50-37f027121f54', 'R', '461 Runolfsson Ports', '07876', 'Fidelafurt', 'Palestinian Territory');
INSERT INTO CUSTOMER_ADDRESSES (address_id, customer_id, address_type, street_address, zip_code, city, country) values ('135e93b5-e9be-4a7c-b471-d37baed1c5a4', 'c823697c-0016-4e31-be50-37f027121f54', 'M', '0073 Ritchie Inlet', '05366', 'Port Cliffordstad', 'New Zealand');
INSERT INTO CUSTOMERS (id, first_name, last_name) values ('6227ef83-7934-4839-93bf-a3d28ce25a50', 'Alex', 'Cormier');
INSERT INTO CUSTOMER_IDENTIFIERS (customer_id, identifier_id, identifier_value) values ('6227ef83-7934-4839-93bf-a3d28ce25a50', 102, '307623544');
INSERT INTO CUSTOMER_ADDRESSES (address_id, customer_id, address_type, street_address, zip_code, city, country) values ('1589df30-bda4-4d2f-be6d-0537af6260ae', '6227ef83-7934-4839-93bf-a3d28ce25a50', 'R', '04377 Kyle Hill', '57127-0074', 'Tieramouth', 'Northern Mariana Islands');
INSERT INTO CUSTOMERS (id, first_name, last_name) values ('3c4f539a-8ac8-4c15-9d94-9aa3291b62ef', 'Mikel', 'Kub');
INSERT INTO CUSTOMER_IDENTIFIERS (customer_id, identifier_id, identifier_value) values ('3c4f539a-8ac8-4c15-9d94-9aa3291b62ef', 101, '98806572629');
INSERT INTO CUSTOMER_IDENTIFIERS (customer_id, identifier_id, identifier_value) values ('3c4f539a-8ac8-4c15-9d94-9aa3291b62ef', 103, '749-814-26-75');
INSERT INTO CUSTOMER_ADDRESSES (address_id, customer_id, address_type, street_address, zip_code, city, country) values ('b250994d-cf56-40c2-8509-3cae38807d9c', '3c4f539a-8ac8-4c15-9d94-9aa3291b62ef', 'R', '8975 Yundt Unions', '18578', 'Port Yasminmouth', 'Mexico');
INSERT INTO CUSTOMERS (id, first_name, last_name) values ('5285cd61-beaa-441d-a17d-db3ce9e648d2', 'Lucille', 'Marquardt');
INSERT INTO CUSTOMER_IDENTIFIERS (customer_id, identifier_id, identifier_value) values ('5285cd61-beaa-441d-a17d-db3ce9e648d2', 101, '61289834676');
INSERT INTO CUSTOMER_IDENTIFIERS (customer_id, identifier_id, identifier_value) values ('5285cd61-beaa-441d-a17d-db3ce9e648d2', 102, '855787643');
INSERT INTO CUSTOMER_IDENTIFIERS (customer_id, identifier_id, identifier_value) values ('5285cd61-beaa-441d-a17d-db3ce9e648d2', 103, '424-850-55-70');
INSERT INTO CUSTOMER_ADDRESSES (address_id, customer_id, address_type, street_address, zip_code, city, country) values ('3a465546-aa9b-44d4-8063-3d7f3a7f0573', '5285cd61-beaa-441d-a17d-db3ce9e648d2', 'R', '9620 Reichel Unions', '99832', 'East Jestine', 'Bahrain');
INSERT INTO CUSTOMERS (id, first_name, last_name) values ('0c37cf88-e60b-4c1e-8ade-5d46cc311d41', 'Saran', 'Wintheiser');
INSERT INTO CUSTOMER_IDENTIFIERS (customer_id, identifier_id, identifier_value) values ('0c37cf88-e60b-4c1e-8ade-5d46cc311d41', 101, '64647943096');
INSERT INTO CUSTOMER_IDENTIFIERS (customer_id, identifier_id, identifier_value) values ('0c37cf88-e60b-4c1e-8ade-5d46cc311d41', 102, '353061989');
INSERT INTO CUSTOMER_IDENTIFIERS (customer_id, identifier_id, identifier_value) values ('0c37cf88-e60b-4c1e-8ade-5d46cc311d41', 103, '962-028-85-93');
INSERT INTO CUSTOMER_ADDRESSES (address_id, customer_id, address_type, street_address, zip_code, city, country) values ('73a2c04a-961e-4fab-be94-dd0550da163c', '0c37cf88-e60b-4c1e-8ade-5d46cc311d41', 'R', '21447 Stacia Inlet', '74463', 'Port Christelbury', 'Guam');
INSERT INTO CUSTOMERS (id, first_name, last_name) values ('5528fea2-3f4b-45cd-a37d-30d4ebbe90e6', 'Juliette', 'Wiegand');
INSERT INTO CUSTOMER_IDENTIFIERS (customer_id, identifier_id, identifier_value) values ('5528fea2-3f4b-45cd-a37d-30d4ebbe90e6', 102, '999369964');
INSERT INTO CUSTOMER_IDENTIFIERS (customer_id, identifier_id, identifier_value) values ('5528fea2-3f4b-45cd-a37d-30d4ebbe90e6', 103, '897-905-13-35');
INSERT INTO CUSTOMER_ADDRESSES (address_id, customer_id, address_type, street_address, zip_code, city, country) values ('7d885a7e-84ee-4248-aa9c-43204c53c6fc', '5528fea2-3f4b-45cd-a37d-30d4ebbe90e6', 'R', '123 Otilia Mountains', '77982', 'Waelchiside', 'Burkina Faso');
INSERT INTO CUSTOMERS (id, first_name, last_name) values ('df0703b0-48a9-49be-ae29-b37e3ae1d473', 'Tashia', 'Smith');
INSERT INTO CUSTOMER_IDENTIFIERS (customer_id, identifier_id, identifier_value) values ('df0703b0-48a9-49be-ae29-b37e3ae1d473', 101, '25587907566');
INSERT INTO CUSTOMER_IDENTIFIERS (customer_id, identifier_id, identifier_value) values ('df0703b0-48a9-49be-ae29-b37e3ae1d473', 102, '139705366');
INSERT INTO CUSTOMER_IDENTIFIERS (customer_id, identifier_id, identifier_value) values ('df0703b0-48a9-49be-ae29-b37e3ae1d473', 103, '341-055-06-13');
INSERT INTO CUSTOMER_ADDRESSES (address_id, customer_id, address_type, street_address, zip_code, city, country) values ('ca16adcd-3823-4206-aa9b-75b728293a98', 'df0703b0-48a9-49be-ae29-b37e3ae1d473', 'R', '6637 Osinski Prairie', '58983', 'Yulandamouth', 'Kiribati');
INSERT INTO CUSTOMERS (id, first_name, last_name) values ('979c2af8-3218-45dd-a95a-def3eda67dd7', 'Jamaal', 'Keebler');
INSERT INTO CUSTOMER_IDENTIFIERS (customer_id, identifier_id, identifier_value) values ('979c2af8-3218-45dd-a95a-def3eda67dd7', 101, '41978792933');
INSERT INTO CUSTOMER_IDENTIFIERS (customer_id, identifier_id, identifier_value) values ('979c2af8-3218-45dd-a95a-def3eda67dd7', 102, '760678286');
INSERT INTO CUSTOMER_IDENTIFIERS (customer_id, identifier_id, identifier_value) values ('979c2af8-3218-45dd-a95a-def3eda67dd7', 103, '414-107-17-48');
INSERT INTO CUSTOMER_ADDRESSES (address_id, customer_id, address_type, street_address, zip_code, city, country) values ('8718bd3b-0716-4a9b-8b5d-e23512b2c552', '979c2af8-3218-45dd-a95a-def3eda67dd7', 'R', '2220 Ronnie Trail', '23238', 'New Jonaton', 'Malawi');
INSERT INTO CUSTOMERS (id, first_name, last_name) values ('f0cd7ce0-0bc1-4061-9f5c-5675f210e5ad', 'Olin', 'Maggio');
INSERT INTO CUSTOMER_IDENTIFIERS (customer_id, identifier_id, identifier_value) values ('f0cd7ce0-0bc1-4061-9f5c-5675f210e5ad', 101, '28931706170');
INSERT INTO CUSTOMER_IDENTIFIERS (customer_id, identifier_id, identifier_value) values ('f0cd7ce0-0bc1-4061-9f5c-5675f210e5ad', 102, '293822477');
INSERT INTO CUSTOMER_ADDRESSES (address_id, customer_id, address_type, street_address, zip_code, city, country) values ('c7a7f946-e3f2-4ba7-bdf6-d40beca4c83b', 'f0cd7ce0-0bc1-4061-9f5c-5675f210e5ad', 'R', '114 Kreiger Wells', '81656-5306', 'Colbyberg', 'Saint Barthelemy');
INSERT INTO CUSTOMERS (id, first_name, last_name) values ('1f87dceb-9bfc-49c5-a89f-160f94f7e186', 'Dollie', 'Altenwerth');
INSERT INTO CUSTOMER_IDENTIFIERS (customer_id, identifier_id, identifier_value) values ('1f87dceb-9bfc-49c5-a89f-160f94f7e186', 101, '92932863085');
INSERT INTO CUSTOMER_ADDRESSES (address_id, customer_id, address_type, street_address, zip_code, city, country) values ('e1a30bd6-1fe5-4f3f-a5e3-c53579be9c5e', '1f87dceb-9bfc-49c5-a89f-160f94f7e186', 'R', '31463 Lueilwitz Groves', '33262', 'Haleyhaven', 'Mali');
INSERT INTO CUSTOMER_ADDRESSES (address_id, customer_id, address_type, street_address, zip_code, city, country) values ('d27b7d00-bead-490b-a6e4-f1a9ecf18e30', '1f87dceb-9bfc-49c5-a89f-160f94f7e186', 'M', '66664 Brown Ridges', '68690-8217', 'New Wen', 'Slovenia');
INSERT INTO CUSTOMERS (id, first_name, last_name) values ('5271e6ff-f5b4-4596-8bd6-1d6d0b8b2c6a', 'Sommer', 'Heaney');
INSERT INTO CUSTOMER_IDENTIFIERS (customer_id, identifier_id, identifier_value) values ('5271e6ff-f5b4-4596-8bd6-1d6d0b8b2c6a', 103, '882-521-05-64');
INSERT INTO CUSTOMER_ADDRESSES (address_id, customer_id, address_type, street_address, zip_code, city, country) values ('208f465c-09d1-4563-9da2-d67dcb8f3480', '5271e6ff-f5b4-4596-8bd6-1d6d0b8b2c6a', 'R', '91693 Long Vista', '88858-2772', 'South Natishabury', 'France');
INSERT INTO CUSTOMER_ADDRESSES (address_id, customer_id, address_type, street_address, zip_code, city, country) values ('f3005d31-a104-491e-88a0-24803b5b91d6', '5271e6ff-f5b4-4596-8bd6-1d6d0b8b2c6a', 'M', '460 Olson Station', '68466', 'Port Teddychester', 'French Polynesia');
INSERT INTO CUSTOMERS (id, first_name, last_name) values ('db1d96a3-38a6-4cde-b4db-f99b33c169ab', 'Jenniffer', 'Nader');
INSERT INTO CUSTOMER_IDENTIFIERS (customer_id, identifier_id, identifier_value) values ('db1d96a3-38a6-4cde-b4db-f99b33c169ab', 101, '60115282682');
INSERT INTO CUSTOMER_IDENTIFIERS (customer_id, identifier_id, identifier_value) values ('db1d96a3-38a6-4cde-b4db-f99b33c169ab', 102, '927048891');
INSERT INTO CUSTOMER_IDENTIFIERS (customer_id, identifier_id, identifier_value) values ('db1d96a3-38a6-4cde-b4db-f99b33c169ab', 103, '865-619-16-01');
INSERT INTO CUSTOMER_ADDRESSES (address_id, customer_id, address_type, street_address, zip_code, city, country) values ('19310b1d-7a2c-4643-b16b-22cfcebf1218', 'db1d96a3-38a6-4cde-b4db-f99b33c169ab', 'R', '83102 Emerson Forks', '90554', 'West Julianland', 'Jersey');
INSERT INTO CUSTOMER_ADDRESSES (address_id, customer_id, address_type, street_address, zip_code, city, country) values ('c6fcf632-8d67-489b-8784-a65cfa1434c4', 'db1d96a3-38a6-4cde-b4db-f99b33c169ab', 'M', '5364 Dominick Mills', '74865', 'Roscoeberg', 'Cuba');
INSERT INTO CUSTOMERS (id, first_name, last_name) values ('fa206a1b-4d16-4cb2-a86b-ec21a5a2c4aa', 'Page', 'Welch');
INSERT INTO CUSTOMER_IDENTIFIERS (customer_id, identifier_id, identifier_value) values ('fa206a1b-4d16-4cb2-a86b-ec21a5a2c4aa', 101, '47395627249');
INSERT INTO CUSTOMER_IDENTIFIERS (customer_id, identifier_id, identifier_value) values ('fa206a1b-4d16-4cb2-a86b-ec21a5a2c4aa', 103, '828-919-84-71');
INSERT INTO CUSTOMER_ADDRESSES (address_id, customer_id, address_type, street_address, zip_code, city, country) values ('e40dc7cd-e485-43f1-9abb-a3b4990dd763', 'fa206a1b-4d16-4cb2-a86b-ec21a5a2c4aa', 'R', '9194 Lexie Radial', '29268', 'New Hassanchester', 'Tajikistan');
INSERT INTO CUSTOMERS (id, first_name, last_name) values ('026654bb-0294-4e6c-88a8-cf218799e94f', 'Lisbeth', 'Spencer');
INSERT INTO CUSTOMER_IDENTIFIERS (customer_id, identifier_id, identifier_value) values ('026654bb-0294-4e6c-88a8-cf218799e94f', 102, '525160281');
INSERT INTO CUSTOMER_ADDRESSES (address_id, customer_id, address_type, street_address, zip_code, city, country) values ('241fb36a-e57c-4465-a8e1-9dcea0b10828', '026654bb-0294-4e6c-88a8-cf218799e94f', 'R', '78845 Borer Ford', '00827-1665', 'Lovieton', 'Qatar');
INSERT INTO CUSTOMERS (id, first_name, last_name) values ('713b68ef-826a-48d5-83fb-e285540d0307', 'Trudie', 'Abshire');
INSERT INTO CUSTOMER_IDENTIFIERS (customer_id, identifier_id, identifier_value) values ('713b68ef-826a-48d5-83fb-e285540d0307', 101, '09904832504');
INSERT INTO CUSTOMER_IDENTIFIERS (customer_id, identifier_id, identifier_value) values ('713b68ef-826a-48d5-83fb-e285540d0307', 103, '753-659-09-06');
INSERT INTO CUSTOMER_ADDRESSES (address_id, customer_id, address_type, street_address, zip_code, city, country) values ('04af58a7-b9d6-41ea-ad48-ca719d5af095', '713b68ef-826a-48d5-83fb-e285540d0307', 'R', '633 Davis Club', '84841', 'Port Lauremouth', 'El Salvador');
INSERT INTO CUSTOMER_ADDRESSES (address_id, customer_id, address_type, street_address, zip_code, city, country) values ('3fc8d396-b855-46fa-9aa5-d8873dde67c9', '713b68ef-826a-48d5-83fb-e285540d0307', 'M', '6224 Wiegand Streets', '75822-2505', 'West Loisechester', 'Democratic People''s Republic of Korea');
INSERT INTO CUSTOMERS (id, first_name, last_name) values ('5e633528-953a-4809-8099-b254e9a8bfb4', 'Eleanor', 'Parker');
INSERT INTO CUSTOMER_IDENTIFIERS (customer_id, identifier_id, identifier_value) values ('5e633528-953a-4809-8099-b254e9a8bfb4', 101, '04362759461');
INSERT INTO CUSTOMER_ADDRESSES (address_id, customer_id, address_type, street_address, zip_code, city, country) values ('87daa55f-e812-40e0-ac9f-8e1b4763bdc0', '5e633528-953a-4809-8099-b254e9a8bfb4', 'R', '489 Haley Falls', '82659', 'South Eloy', 'Guernsey');
INSERT INTO CUSTOMERS (id, first_name, last_name) values ('51ce7466-2da9-4597-9cdc-ccb1f74e34da', 'Reina', 'Torphy');
INSERT INTO CUSTOMER_IDENTIFIERS (customer_id, identifier_id, identifier_value) values ('51ce7466-2da9-4597-9cdc-ccb1f74e34da', 102, '516424337');
INSERT INTO CUSTOMER_IDENTIFIERS (customer_id, identifier_id, identifier_value) values ('51ce7466-2da9-4597-9cdc-ccb1f74e34da', 103, '538-077-67-36');
INSERT INTO CUSTOMER_ADDRESSES (address_id, customer_id, address_type, street_address, zip_code, city, country) values ('a70cc221-e23c-4a17-9c81-5d7a2f93481b', '51ce7466-2da9-4597-9cdc-ccb1f74e34da', 'R', '8433 Nerissa Stravenue', '23815', 'Williamsonfurt', 'Brazil');
INSERT INTO CUSTOMERS (id, first_name, last_name) values ('66e46382-b733-452d-8ef2-8d016812933e', 'Bernardina', 'Marks');
INSERT INTO CUSTOMER_IDENTIFIERS (customer_id, identifier_id, identifier_value) values ('66e46382-b733-452d-8ef2-8d016812933e', 101, '98480456788');
INSERT INTO CUSTOMER_IDENTIFIERS (customer_id, identifier_id, identifier_value) values ('66e46382-b733-452d-8ef2-8d016812933e', 102, '976612067');
INSERT INTO CUSTOMER_IDENTIFIERS (customer_id, identifier_id, identifier_value) values ('66e46382-b733-452d-8ef2-8d016812933e', 103, '342-441-45-79');
INSERT INTO CUSTOMER_ADDRESSES (address_id, customer_id, address_type, street_address, zip_code, city, country) values ('2b035b80-ae9e-4968-ad8a-4972e79cefaf', '66e46382-b733-452d-8ef2-8d016812933e', 'R', '2082 Abernathy Overpass', '47398', 'East Randell', 'Palau');
INSERT INTO CUSTOMER_ADDRESSES (address_id, customer_id, address_type, street_address, zip_code, city, country) values ('37a73760-0933-40b3-b0fa-1e9cdaee0b15', '66e46382-b733-452d-8ef2-8d016812933e', 'M', '87643 Addie Spurs', '03424', 'Gaynelleport', 'Ghana');
INSERT INTO CUSTOMERS (id, first_name, last_name) values ('76ad0f4b-ccb5-40b8-b4d2-570e60f56e43', 'Marielle', 'Kautzer');
INSERT INTO CUSTOMER_IDENTIFIERS (customer_id, identifier_id, identifier_value) values ('76ad0f4b-ccb5-40b8-b4d2-570e60f56e43', 103, '669-306-98-33');
INSERT INTO CUSTOMER_ADDRESSES (address_id, customer_id, address_type, street_address, zip_code, city, country) values ('92a89ac3-2948-408a-8e2c-1824caeda4d2', '76ad0f4b-ccb5-40b8-b4d2-570e60f56e43', 'R', '687 Gaylord Island', '63250', 'West Branda', 'Lesotho');
INSERT INTO CUSTOMER_ADDRESSES (address_id, customer_id, address_type, street_address, zip_code, city, country) values ('c39bc21f-1c08-42e5-b13a-d9b2f1298796', '76ad0f4b-ccb5-40b8-b4d2-570e60f56e43', 'M', '60353 Purdy Rue', '72539-6928', 'New Delana', 'Micronesia');
INSERT INTO CUSTOMERS (id, first_name, last_name) values ('a515ecb3-6aec-4453-871e-ee74515fad9a', 'Debroah', 'Flatley');
INSERT INTO CUSTOMER_IDENTIFIERS (customer_id, identifier_id, identifier_value) values ('a515ecb3-6aec-4453-871e-ee74515fad9a', 101, '83911932296');
INSERT INTO CUSTOMER_IDENTIFIERS (customer_id, identifier_id, identifier_value) values ('a515ecb3-6aec-4453-871e-ee74515fad9a', 102, '995778006');
INSERT INTO CUSTOMER_IDENTIFIERS (customer_id, identifier_id, identifier_value) values ('a515ecb3-6aec-4453-871e-ee74515fad9a', 103, '611-033-98-80');
INSERT INTO CUSTOMER_ADDRESSES (address_id, customer_id, address_type, street_address, zip_code, city, country) values ('4222a45a-7eb8-45fe-aa90-e0501562eb59', 'a515ecb3-6aec-4453-871e-ee74515fad9a', 'R', '39650 Jason Club', '33047-6427', 'Hammesland', 'French Guiana');
INSERT INTO CUSTOMERS (id, first_name, last_name) values ('0188d1c6-a26c-4f9c-a3bd-689d62efaa2d', 'Hugh', 'Stamm');
INSERT INTO CUSTOMER_IDENTIFIERS (customer_id, identifier_id, identifier_value) values ('0188d1c6-a26c-4f9c-a3bd-689d62efaa2d', 101, '00004857139');
INSERT INTO CUSTOMER_IDENTIFIERS (customer_id, identifier_id, identifier_value) values ('0188d1c6-a26c-4f9c-a3bd-689d62efaa2d', 103, '660-819-75-70');
INSERT INTO CUSTOMER_ADDRESSES (address_id, customer_id, address_type, street_address, zip_code, city, country) values ('02be7131-5f78-458c-a35a-5333081c5abf', '0188d1c6-a26c-4f9c-a3bd-689d62efaa2d', 'R', '369 Brown Cliff', '37679-2094', 'Rauport', 'Croatia');
INSERT INTO CUSTOMER_ADDRESSES (address_id, customer_id, address_type, street_address, zip_code, city, country) values ('0ebb6111-291d-4856-8c82-4ea74922c7cb', '0188d1c6-a26c-4f9c-a3bd-689d62efaa2d', 'M', '86716 Willy Island', '40420', 'South Jolyn', 'Nicaragua');
INSERT INTO CUSTOMERS (id, first_name, last_name) values ('6d67e74e-297c-4c68-8aa3-27f4b7ef19f1', 'Kaycee', 'Harvey');
INSERT INTO CUSTOMER_IDENTIFIERS (customer_id, identifier_id, identifier_value) values ('6d67e74e-297c-4c68-8aa3-27f4b7ef19f1', 103, '574-077-99-16');
INSERT INTO CUSTOMER_ADDRESSES (address_id, customer_id, address_type, street_address, zip_code, city, country) values ('0bd11f6e-4d8c-4f7f-95ed-1a4487b8fdff', '6d67e74e-297c-4c68-8aa3-27f4b7ef19f1', 'R', '87070 Ritchie Camp', '82579-6565', 'East Jasminborough', 'Liberia');
INSERT INTO CUSTOMERS (id, first_name, last_name) values ('67e2c470-a464-434a-ab0a-6dc8067b182d', 'Kyra', 'Weissnat');
INSERT INTO CUSTOMER_IDENTIFIERS (customer_id, identifier_id, identifier_value) values ('67e2c470-a464-434a-ab0a-6dc8067b182d', 103, '653-893-69-67');
INSERT INTO CUSTOMER_ADDRESSES (address_id, customer_id, address_type, street_address, zip_code, city, country) values ('263f9d7e-ebd8-4117-a735-4e223ed0201b', '67e2c470-a464-434a-ab0a-6dc8067b182d', 'R', '17354 Sanford Ford', '54338', 'East Carlenamouth', 'Virgin Islands, British');
INSERT INTO CUSTOMER_ADDRESSES (address_id, customer_id, address_type, street_address, zip_code, city, country) values ('ced03a82-6b88-4e7e-9d61-084dff0f127a', '67e2c470-a464-434a-ab0a-6dc8067b182d', 'M', '25757 Casper Plains', '06098-5676', 'Lake Fernandoside', 'Netherlands Antilles');
INSERT INTO CUSTOMERS (id, first_name, last_name) values ('c820366f-b9bc-42ad-9f48-6fed2daa1d5d', 'Mack', 'McClure');
INSERT INTO CUSTOMER_IDENTIFIERS (customer_id, identifier_id, identifier_value) values ('c820366f-b9bc-42ad-9f48-6fed2daa1d5d', 101, '19742510929');
INSERT INTO CUSTOMER_IDENTIFIERS (customer_id, identifier_id, identifier_value) values ('c820366f-b9bc-42ad-9f48-6fed2daa1d5d', 102, '998241919');
INSERT INTO CUSTOMER_ADDRESSES (address_id, customer_id, address_type, street_address, zip_code, city, country) values ('e5ca9b12-31cb-464a-a893-bed45c748631', 'c820366f-b9bc-42ad-9f48-6fed2daa1d5d', 'R', '6408 Krystin Branch', '73460-0355', 'North Ralph', 'Albania');
INSERT INTO CUSTOMERS (id, first_name, last_name) values ('f0ba1360-c2be-4c14-b3fc-e19bda21bffa', 'Leigh', 'Wunsch');
INSERT INTO CUSTOMER_IDENTIFIERS (customer_id, identifier_id, identifier_value) values ('f0ba1360-c2be-4c14-b3fc-e19bda21bffa', 101, '07892012968');
INSERT INTO CUSTOMER_ADDRESSES (address_id, customer_id, address_type, street_address, zip_code, city, country) values ('de11be9f-a803-41e2-9ba1-a98fb2e75fde', 'f0ba1360-c2be-4c14-b3fc-e19bda21bffa', 'R', '521 Zenaida Lights', '54107', 'Jakubowskistad', 'Kyrgyz Republic');
INSERT INTO CUSTOMERS (id, first_name, last_name) values ('25b69aee-c5dd-4dcd-8950-ab1c5715475c', 'Junior', 'Gerlach');
INSERT INTO CUSTOMER_IDENTIFIERS (customer_id, identifier_id, identifier_value) values ('25b69aee-c5dd-4dcd-8950-ab1c5715475c', 102, '145646149');
INSERT INTO CUSTOMER_ADDRESSES (address_id, customer_id, address_type, street_address, zip_code, city, country) values ('73d429ce-7efb-41d2-8aee-7a8134403462', '25b69aee-c5dd-4dcd-8950-ab1c5715475c', 'R', '74044 Wolff Meadow', '11086', 'North Reinaldostad', 'Burundi');
INSERT INTO CUSTOMERS (id, first_name, last_name) values ('689663b4-e002-4939-9c70-cbe38c38400b', 'Caridad', 'Legros');
INSERT INTO CUSTOMER_IDENTIFIERS (customer_id, identifier_id, identifier_value) values ('689663b4-e002-4939-9c70-cbe38c38400b', 101, '14815192714');
INSERT INTO CUSTOMER_IDENTIFIERS (customer_id, identifier_id, identifier_value) values ('689663b4-e002-4939-9c70-cbe38c38400b', 103, '031-220-06-19');
INSERT INTO CUSTOMER_ADDRESSES (address_id, customer_id, address_type, street_address, zip_code, city, country) values ('6cf3f09f-d34c-43a5-a495-8fbb473fc6be', '689663b4-e002-4939-9c70-cbe38c38400b', 'R', '9463 Rolland Mall', '52537', 'New Sheilastad', 'Poland');
INSERT INTO CUSTOMERS (id, first_name, last_name) values ('4fe38bf9-0cf2-4f1c-b2e6-431730449c06', 'Beryl', 'Bernier');
INSERT INTO CUSTOMER_IDENTIFIERS (customer_id, identifier_id, identifier_value) values ('4fe38bf9-0cf2-4f1c-b2e6-431730449c06', 102, '439908325');
INSERT INTO CUSTOMER_ADDRESSES (address_id, customer_id, address_type, street_address, zip_code, city, country) values ('3a48aa75-c6f5-4243-8a59-90799eeb9195', '4fe38bf9-0cf2-4f1c-b2e6-431730449c06', 'R', '13265 Wilson Centers', '39749-2022', 'North Debrahland', 'Dominica');
INSERT INTO CUSTOMERS (id, first_name, last_name) values ('aaa22cd2-4ca4-4e6d-8b7c-09a3a2c83c29', 'Russel', 'Stracke');
INSERT INTO CUSTOMER_IDENTIFIERS (customer_id, identifier_id, identifier_value) values ('aaa22cd2-4ca4-4e6d-8b7c-09a3a2c83c29', 101, '96871734960');
INSERT INTO CUSTOMER_ADDRESSES (address_id, customer_id, address_type, street_address, zip_code, city, country) values ('0c4323a6-cc51-402d-b7ae-3acefe03f50a', 'aaa22cd2-4ca4-4e6d-8b7c-09a3a2c83c29', 'R', '557 Bruen Mission', '20490', 'South Reita', 'Nauru');
INSERT INTO CUSTOMER_ADDRESSES (address_id, customer_id, address_type, street_address, zip_code, city, country) values ('b7fcad1f-40f0-4ade-8ec1-bb4020f7bcab', 'aaa22cd2-4ca4-4e6d-8b7c-09a3a2c83c29', 'M', '3924 Hessel Views', '41977', 'Theodorefort', 'Belgium');
INSERT INTO CUSTOMERS (id, first_name, last_name) values ('3e225f32-410e-4751-aa38-15c7acac389b', 'Mervin', 'Ledner');
INSERT INTO CUSTOMER_IDENTIFIERS (customer_id, identifier_id, identifier_value) values ('3e225f32-410e-4751-aa38-15c7acac389b', 101, '80471789001');
INSERT INTO CUSTOMER_IDENTIFIERS (customer_id, identifier_id, identifier_value) values ('3e225f32-410e-4751-aa38-15c7acac389b', 103, '142-759-62-77');
INSERT INTO CUSTOMER_ADDRESSES (address_id, customer_id, address_type, street_address, zip_code, city, country) values ('9f014152-dcce-4a10-9ae0-fd6f8a69a344', '3e225f32-410e-4751-aa38-15c7acac389b', 'R', '6780 Kshlerin Square', '95625-8637', 'Hermanshire', 'Cyprus');
INSERT INTO CUSTOMERS (id, first_name, last_name) values ('f8a379b2-dd07-4a23-b937-0bdcaadccb81', 'Hedy', 'Roob');
INSERT INTO CUSTOMER_IDENTIFIERS (customer_id, identifier_id, identifier_value) values ('f8a379b2-dd07-4a23-b937-0bdcaadccb81', 102, '345962791');
INSERT INTO CUSTOMER_IDENTIFIERS (customer_id, identifier_id, identifier_value) values ('f8a379b2-dd07-4a23-b937-0bdcaadccb81', 103, '457-462-07-97');
INSERT INTO CUSTOMER_ADDRESSES (address_id, customer_id, address_type, street_address, zip_code, city, country) values ('57e39760-126b-4831-a17f-b07d9694ed02', 'f8a379b2-dd07-4a23-b937-0bdcaadccb81', 'R', '861 Heathcote Coves', '82534-1745', 'Jaskolskifurt', 'Kazakhstan');
INSERT INTO CUSTOMERS (id, first_name, last_name) values ('a10c9849-cb90-4313-93cd-756453994d19', 'Genia', 'Schamberger');
INSERT INTO CUSTOMER_IDENTIFIERS (customer_id, identifier_id, identifier_value) values ('a10c9849-cb90-4313-93cd-756453994d19', 101, '76537569635');
INSERT INTO CUSTOMER_IDENTIFIERS (customer_id, identifier_id, identifier_value) values ('a10c9849-cb90-4313-93cd-756453994d19', 102, '130399845');
INSERT INTO CUSTOMER_ADDRESSES (address_id, customer_id, address_type, street_address, zip_code, city, country) values ('44042b30-4101-45e5-9b88-f41d2dfa32fc', 'a10c9849-cb90-4313-93cd-756453994d19', 'R', '659 Bret Estates', '12015-1761', 'West Vance', 'Gibraltar');
INSERT INTO CUSTOMER_ADDRESSES (address_id, customer_id, address_type, street_address, zip_code, city, country) values ('337ebc06-ff3a-4c56-a720-3e9f7ad16510', 'a10c9849-cb90-4313-93cd-756453994d19', 'M', '565 Mona Green', '70175', 'New Makeda', 'Mauritania');
INSERT INTO CUSTOMERS (id, first_name, last_name) values ('841e0ef5-0ba5-492d-912f-d4bfa11d06e2', 'Buford', 'Schulist');
INSERT INTO CUSTOMER_IDENTIFIERS (customer_id, identifier_id, identifier_value) values ('841e0ef5-0ba5-492d-912f-d4bfa11d06e2', 103, '419-668-04-35');
INSERT INTO CUSTOMER_ADDRESSES (address_id, customer_id, address_type, street_address, zip_code, city, country) values ('21287335-df4e-40d2-b90e-d870c0f8b850', '841e0ef5-0ba5-492d-912f-d4bfa11d06e2', 'R', '53848 Ramiro Causeway', '87811-3655', 'South Russellport', 'Antigua and Barbuda');
INSERT INTO CUSTOMERS (id, first_name, last_name) values ('824e901a-b4f9-4ac5-96cd-ab772f645ba4', 'Josh', 'Haag');
INSERT INTO CUSTOMER_IDENTIFIERS (customer_id, identifier_id, identifier_value) values ('824e901a-b4f9-4ac5-96cd-ab772f645ba4', 101, '10021890026');
INSERT INTO CUSTOMER_IDENTIFIERS (customer_id, identifier_id, identifier_value) values ('824e901a-b4f9-4ac5-96cd-ab772f645ba4', 102, '135194246');
INSERT INTO CUSTOMER_IDENTIFIERS (customer_id, identifier_id, identifier_value) values ('824e901a-b4f9-4ac5-96cd-ab772f645ba4', 103, '283-007-02-99');
INSERT INTO CUSTOMER_ADDRESSES (address_id, customer_id, address_type, street_address, zip_code, city, country) values ('996ad194-9372-40e8-a77e-913cdb08f0b0', '824e901a-b4f9-4ac5-96cd-ab772f645ba4', 'R', '750 Israel Groves', '82493-7404', 'South Deannborough', 'French Guiana');
INSERT INTO CUSTOMER_ADDRESSES (address_id, customer_id, address_type, street_address, zip_code, city, country) values ('8e74166b-d7a9-45d8-8f1f-1fee0c3ae984', '824e901a-b4f9-4ac5-96cd-ab772f645ba4', 'M', '35959 Nader Ville', '96475-6878', 'Tuanbury', 'Mayotte');
INSERT INTO CUSTOMERS (id, first_name, last_name) values ('f034e051-f2de-4790-8926-9b9fb10351cf', 'Velda', 'Stiedemann');
INSERT INTO CUSTOMER_IDENTIFIERS (customer_id, identifier_id, identifier_value) values ('f034e051-f2de-4790-8926-9b9fb10351cf', 103, '982-986-59-34');
INSERT INTO CUSTOMER_ADDRESSES (address_id, customer_id, address_type, street_address, zip_code, city, country) values ('65ad6f2a-d078-419b-88d2-2f87f84764b0', 'f034e051-f2de-4790-8926-9b9fb10351cf', 'R', '7900 MacGyver Trace', '97925', 'East Sage', 'Antigua and Barbuda');
INSERT INTO CUSTOMERS (id, first_name, last_name) values ('5a06405e-4040-4eeb-b77b-c5ed1d1653ff', 'See', 'Orn');
INSERT INTO CUSTOMER_IDENTIFIERS (customer_id, identifier_id, identifier_value) values ('5a06405e-4040-4eeb-b77b-c5ed1d1653ff', 103, '082-918-75-26');
INSERT INTO CUSTOMER_ADDRESSES (address_id, customer_id, address_type, street_address, zip_code, city, country) values ('0a022dcf-ccb9-42b0-aa7a-6bcbf8a5e1b9', '5a06405e-4040-4eeb-b77b-c5ed1d1653ff', 'R', '38219 Claris Green', '99757-0173', 'New Rudy', 'Christmas Island');
INSERT INTO CUSTOMERS (id, first_name, last_name) values ('ffebab20-fe2a-4154-9993-f1fcfe96250b', 'Libby', 'Paucek');
INSERT INTO CUSTOMER_IDENTIFIERS (customer_id, identifier_id, identifier_value) values ('ffebab20-fe2a-4154-9993-f1fcfe96250b', 101, '39738665200');
INSERT INTO CUSTOMER_ADDRESSES (address_id, customer_id, address_type, street_address, zip_code, city, country) values ('c83cc2e1-4d5e-4c5a-9a49-31e6d0a8f339', 'ffebab20-fe2a-4154-9993-f1fcfe96250b', 'R', '0615 Verna Shores', '77441', 'Bruentown', 'Algeria');
INSERT INTO CUSTOMERS (id, first_name, last_name) values ('728fa06f-5359-465d-889b-82c5ff1749a3', 'Yen', 'Cassin');
INSERT INTO CUSTOMER_IDENTIFIERS (customer_id, identifier_id, identifier_value) values ('728fa06f-5359-465d-889b-82c5ff1749a3', 101, '99929968843');
INSERT INTO CUSTOMER_IDENTIFIERS (customer_id, identifier_id, identifier_value) values ('728fa06f-5359-465d-889b-82c5ff1749a3', 102, '405420870');
INSERT INTO CUSTOMER_ADDRESSES (address_id, customer_id, address_type, street_address, zip_code, city, country) values ('0a85e608-f65f-42e0-811d-2a56446e6834', '728fa06f-5359-465d-889b-82c5ff1749a3', 'R', '604 Tracy Forest', '80728-7733', 'Port Shari', 'Iceland');
INSERT INTO CUSTOMER_ADDRESSES (address_id, customer_id, address_type, street_address, zip_code, city, country) values ('f0b90434-0e91-43c4-a583-ac363d75a086', '728fa06f-5359-465d-889b-82c5ff1749a3', 'M', '954 Osinski Parks', '20661', 'South Ismaelstad', 'Suriname');
INSERT INTO CUSTOMERS (id, first_name, last_name) values ('80917e2d-fe4f-429c-9435-a19732891a0e', 'Kenny', 'Kuphal');
INSERT INTO CUSTOMER_IDENTIFIERS (customer_id, identifier_id, identifier_value) values ('80917e2d-fe4f-429c-9435-a19732891a0e', 101, '04767070250');
INSERT INTO CUSTOMER_ADDRESSES (address_id, customer_id, address_type, street_address, zip_code, city, country) values ('73889701-4a61-465f-979e-4135c900bf9c', '80917e2d-fe4f-429c-9435-a19732891a0e', 'R', '46682 Pollich Road', '30970-9095', 'Lake Lilliamtown', 'Bangladesh');
INSERT INTO CUSTOMER_ADDRESSES (address_id, customer_id, address_type, street_address, zip_code, city, country) values ('e73265a0-8c1e-4c66-8297-33145b1ad010', '80917e2d-fe4f-429c-9435-a19732891a0e', 'M', '985 Powlowski Courts', '24728-9475', 'North Rivkastad', 'Bahrain');
INSERT INTO CUSTOMERS (id, first_name, last_name) values ('73f63979-48d1-4abe-b14e-707682a3f88a', 'Herbert', 'Gleason');
INSERT INTO CUSTOMER_IDENTIFIERS (customer_id, identifier_id, identifier_value) values ('73f63979-48d1-4abe-b14e-707682a3f88a', 101, '47780781518');
INSERT INTO CUSTOMER_ADDRESSES (address_id, customer_id, address_type, street_address, zip_code, city, country) values ('cd07564f-88b7-49eb-bb5d-1987f96c1a70', '73f63979-48d1-4abe-b14e-707682a3f88a', 'R', '127 Laverne Club', '88061-8261', 'New Brandonside', 'Bouvet Island (Bouvetoya)');
INSERT INTO CUSTOMERS (id, first_name, last_name) values ('716d8276-345e-4cdf-b984-bd98ad2fe76c', 'Cary', 'Thiel');
INSERT INTO CUSTOMER_IDENTIFIERS (customer_id, identifier_id, identifier_value) values ('716d8276-345e-4cdf-b984-bd98ad2fe76c', 102, '671217983');
INSERT INTO CUSTOMER_ADDRESSES (address_id, customer_id, address_type, street_address, zip_code, city, country) values ('9b6adc63-dac1-45da-8a2f-f1193cc04b24', '716d8276-345e-4cdf-b984-bd98ad2fe76c', 'R', '062 Runte Dam', '49812', 'Watersbury', 'Australia');
INSERT INTO CUSTOMERS (id, first_name, last_name) values ('4aa870b4-3b5a-4e29-8b7c-b9cd667f4609', 'Clement', 'Runolfsson');
INSERT INTO CUSTOMER_IDENTIFIERS (customer_id, identifier_id, identifier_value) values ('4aa870b4-3b5a-4e29-8b7c-b9cd667f4609', 102, '159878874');
INSERT INTO CUSTOMER_ADDRESSES (address_id, customer_id, address_type, street_address, zip_code, city, country) values ('4ef007ea-d65b-45ae-901c-c3f62a0c6bd3', '4aa870b4-3b5a-4e29-8b7c-b9cd667f4609', 'R', '88446 DuBuque Circle', '85906-3302', 'Mariaport', 'Swaziland');
INSERT INTO CUSTOMERS (id, first_name, last_name) values ('6ab9e4da-f4d9-4066-a21f-e97857270898', 'Leandra', 'Mayer');
INSERT INTO CUSTOMER_IDENTIFIERS (customer_id, identifier_id, identifier_value) values ('6ab9e4da-f4d9-4066-a21f-e97857270898', 102, '006519642');
INSERT INTO CUSTOMER_IDENTIFIERS (customer_id, identifier_id, identifier_value) values ('6ab9e4da-f4d9-4066-a21f-e97857270898', 103, '418-282-73-93');
INSERT INTO CUSTOMER_ADDRESSES (address_id, customer_id, address_type, street_address, zip_code, city, country) values ('f0cd5774-3b6e-4fa2-8e07-54ce5be4dbd5', '6ab9e4da-f4d9-4066-a21f-e97857270898', 'R', '201 Spinka Row', '32475', 'Jerrychester', 'South Georgia and the South Sandwich Islands');
INSERT INTO CUSTOMERS (id, first_name, last_name) values ('d58e7d63-6de6-478d-95f9-2f833b814911', 'Walter', 'Hickle');
INSERT INTO CUSTOMER_IDENTIFIERS (customer_id, identifier_id, identifier_value) values ('d58e7d63-6de6-478d-95f9-2f833b814911', 102, '017156924');
INSERT INTO CUSTOMER_ADDRESSES (address_id, customer_id, address_type, street_address, zip_code, city, country) values ('2cba4c91-a494-460b-8124-d17239d41bb8', 'd58e7d63-6de6-478d-95f9-2f833b814911', 'R', '51170 Feest Brooks', '47190-5124', 'Lake Chasidy', 'Grenada');
INSERT INTO CUSTOMER_ADDRESSES (address_id, customer_id, address_type, street_address, zip_code, city, country) values ('edd306c3-82fe-4f74-ad8b-bb36366e2890', 'd58e7d63-6de6-478d-95f9-2f833b814911', 'M', '152 Leannon Brooks', '62266-1496', 'Port Gretchen', 'United States of America');
INSERT INTO CUSTOMERS (id, first_name, last_name) values ('ddceaf43-4ff1-4e20-bdd8-40e3bf32fd0a', 'Saul', 'Haag');
INSERT INTO CUSTOMER_IDENTIFIERS (customer_id, identifier_id, identifier_value) values ('ddceaf43-4ff1-4e20-bdd8-40e3bf32fd0a', 102, '923071971');
INSERT INTO CUSTOMER_ADDRESSES (address_id, customer_id, address_type, street_address, zip_code, city, country) values ('e0ceb487-739d-4815-b1f1-b1c64e660d9f', 'ddceaf43-4ff1-4e20-bdd8-40e3bf32fd0a', 'R', '15236 Vernita Lodge', '51682', 'New Gaston', 'Mongolia');
INSERT INTO CUSTOMERS (id, first_name, last_name) values ('770f3206-e04c-4a60-ba6e-542babfdf7b8', 'Ira', 'McClure');
INSERT INTO CUSTOMER_IDENTIFIERS (customer_id, identifier_id, identifier_value) values ('770f3206-e04c-4a60-ba6e-542babfdf7b8', 102, '943930281');
INSERT INTO CUSTOMER_ADDRESSES (address_id, customer_id, address_type, street_address, zip_code, city, country) values ('e2b1c768-6d61-423e-9b12-e119cdd941e7', '770f3206-e04c-4a60-ba6e-542babfdf7b8', 'R', '3910 O''Keefe Fields', '39304-5597', 'Scotmouth', 'Lithuania');
INSERT INTO CUSTOMERS (id, first_name, last_name) values ('f26c06e3-c263-450b-b352-b8747ae7997e', 'Joni', 'Green');
INSERT INTO CUSTOMER_IDENTIFIERS (customer_id, identifier_id, identifier_value) values ('f26c06e3-c263-450b-b352-b8747ae7997e', 101, '22843714084');
INSERT INTO CUSTOMER_IDENTIFIERS (customer_id, identifier_id, identifier_value) values ('f26c06e3-c263-450b-b352-b8747ae7997e', 103, '747-772-19-87');
INSERT INTO CUSTOMER_ADDRESSES (address_id, customer_id, address_type, street_address, zip_code, city, country) values ('98f2ec17-0aaf-4b8a-a015-f160416a0a66', 'f26c06e3-c263-450b-b352-b8747ae7997e', 'R', '015 Manual Land', '79115-0715', 'New Gennafort', 'Netherlands Antilles');
INSERT INTO CUSTOMER_ADDRESSES (address_id, customer_id, address_type, street_address, zip_code, city, country) values ('b386f7a4-c5f5-48b4-9863-893fc4a7732d', 'f26c06e3-c263-450b-b352-b8747ae7997e', 'M', '80123 Runolfsdottir Plains', '66561-4759', 'Lake Margaritoton', 'Cyprus');
INSERT INTO CUSTOMERS (id, first_name, last_name) values ('1288a28d-5006-4a97-89d7-a0f1b6286b1b', 'Adena', 'Treutel');
INSERT INTO CUSTOMER_IDENTIFIERS (customer_id, identifier_id, identifier_value) values ('1288a28d-5006-4a97-89d7-a0f1b6286b1b', 101, '87162343873');
INSERT INTO CUSTOMER_IDENTIFIERS (customer_id, identifier_id, identifier_value) values ('1288a28d-5006-4a97-89d7-a0f1b6286b1b', 102, '074794094');
INSERT INTO CUSTOMER_IDENTIFIERS (customer_id, identifier_id, identifier_value) values ('1288a28d-5006-4a97-89d7-a0f1b6286b1b', 103, '730-325-51-97');
INSERT INTO CUSTOMER_ADDRESSES (address_id, customer_id, address_type, street_address, zip_code, city, country) values ('eea6a8cf-f990-481c-87b3-7afec4d2fbf4', '1288a28d-5006-4a97-89d7-a0f1b6286b1b', 'R', '57776 Morar Roads', '51816-7057', 'Terryland', 'Cuba');
INSERT INTO CUSTOMERS (id, first_name, last_name) values ('c1e83d3b-1f25-442b-a485-2e5cd4bf6670', 'Leon', 'King');
INSERT INTO CUSTOMER_IDENTIFIERS (customer_id, identifier_id, identifier_value) values ('c1e83d3b-1f25-442b-a485-2e5cd4bf6670', 101, '06611735467');
INSERT INTO CUSTOMER_IDENTIFIERS (customer_id, identifier_id, identifier_value) values ('c1e83d3b-1f25-442b-a485-2e5cd4bf6670', 102, '554686938');
INSERT INTO CUSTOMER_IDENTIFIERS (customer_id, identifier_id, identifier_value) values ('c1e83d3b-1f25-442b-a485-2e5cd4bf6670', 103, '490-803-41-90');
INSERT INTO CUSTOMER_ADDRESSES (address_id, customer_id, address_type, street_address, zip_code, city, country) values ('5151bd06-8d6d-42bc-82c5-f0fd52f8d4a4', 'c1e83d3b-1f25-442b-a485-2e5cd4bf6670', 'R', '29531 Dagmar Path', '19690-8131', 'Hodkiewicztown', 'Morocco');
INSERT INTO CUSTOMERS (id, first_name, last_name) values ('f1622e32-fb14-4d92-b4a4-aff8fe26cabb', 'Penney', 'Cartwright');
INSERT INTO CUSTOMER_IDENTIFIERS (customer_id, identifier_id, identifier_value) values ('f1622e32-fb14-4d92-b4a4-aff8fe26cabb', 101, '39308094011');
INSERT INTO CUSTOMER_IDENTIFIERS (customer_id, identifier_id, identifier_value) values ('f1622e32-fb14-4d92-b4a4-aff8fe26cabb', 102, '757299609');
INSERT INTO CUSTOMER_ADDRESSES (address_id, customer_id, address_type, street_address, zip_code, city, country) values ('871d785c-9b7c-4dda-bb5f-b259e817f29b', 'f1622e32-fb14-4d92-b4a4-aff8fe26cabb', 'R', '48413 Erdman Flat', '68178', 'Danachester', 'Senegal');
INSERT INTO CUSTOMERS (id, first_name, last_name) values ('e9bb636a-3579-4aa7-9b26-ba52451bf8f1', 'Dessie', 'Kris');
INSERT INTO CUSTOMER_IDENTIFIERS (customer_id, identifier_id, identifier_value) values ('e9bb636a-3579-4aa7-9b26-ba52451bf8f1', 103, '603-785-85-34');
INSERT INTO CUSTOMER_ADDRESSES (address_id, customer_id, address_type, street_address, zip_code, city, country) values ('e36836b9-737b-428e-8e1a-32715aa903d0', 'e9bb636a-3579-4aa7-9b26-ba52451bf8f1', 'R', '4980 Elisabeth Turnpike', '63283', 'Lake Rolf', 'Denmark');
INSERT INTO CUSTOMERS (id, first_name, last_name) values ('bec11b20-7446-4476-a6a5-267becd63cb9', 'Arthur', 'Kunze');
INSERT INTO CUSTOMER_IDENTIFIERS (customer_id, identifier_id, identifier_value) values ('bec11b20-7446-4476-a6a5-267becd63cb9', 102, '190206879');
INSERT INTO CUSTOMER_ADDRESSES (address_id, customer_id, address_type, street_address, zip_code, city, country) values ('47c83706-bbe3-4d39-b9bc-b2f96118f4d1', 'bec11b20-7446-4476-a6a5-267becd63cb9', 'R', '840 Christiansen Turnpike', '07996-6968', 'East Rowenahaven', 'Lithuania');
INSERT INTO CUSTOMER_ADDRESSES (address_id, customer_id, address_type, street_address, zip_code, city, country) values ('a9aec975-c9b2-4423-b09e-88b591279395', 'bec11b20-7446-4476-a6a5-267becd63cb9', 'M', '884 Schoen Mills', '33068', 'Moenland', 'Philippines');
INSERT INTO CUSTOMERS (id, first_name, last_name) values ('10dc4fd6-0e76-40fe-8c69-6afa1746c216', 'Maryann', 'Prosacco');
INSERT INTO CUSTOMER_IDENTIFIERS (customer_id, identifier_id, identifier_value) values ('10dc4fd6-0e76-40fe-8c69-6afa1746c216', 101, '67021503150');
INSERT INTO CUSTOMER_IDENTIFIERS (customer_id, identifier_id, identifier_value) values ('10dc4fd6-0e76-40fe-8c69-6afa1746c216', 102, '994997229');
INSERT INTO CUSTOMER_IDENTIFIERS (customer_id, identifier_id, identifier_value) values ('10dc4fd6-0e76-40fe-8c69-6afa1746c216', 103, '314-522-98-76');
INSERT INTO CUSTOMER_ADDRESSES (address_id, customer_id, address_type, street_address, zip_code, city, country) values ('7293d0a7-bb4c-4dbf-a5d2-648121a9b32c', '10dc4fd6-0e76-40fe-8c69-6afa1746c216', 'R', '98289 Burton Ways', '08319', 'North Jaimee', 'Cayman Islands');
INSERT INTO CUSTOMERS (id, first_name, last_name) values ('1ea7d913-bb5e-4519-acc5-419c85433564', 'Len', 'Hahn');
INSERT INTO CUSTOMER_IDENTIFIERS (customer_id, identifier_id, identifier_value) values ('1ea7d913-bb5e-4519-acc5-419c85433564', 101, '26181332193');
INSERT INTO CUSTOMER_IDENTIFIERS (customer_id, identifier_id, identifier_value) values ('1ea7d913-bb5e-4519-acc5-419c85433564', 102, '321775379');
INSERT INTO CUSTOMER_ADDRESSES (address_id, customer_id, address_type, street_address, zip_code, city, country) values ('99a8483e-f691-4cef-9b58-67a3fa4daaca', '1ea7d913-bb5e-4519-acc5-419c85433564', 'R', '0406 Murazik Divide', '46630', 'West Ozziefort', 'Reunion');
INSERT INTO CUSTOMER_ADDRESSES (address_id, customer_id, address_type, street_address, zip_code, city, country) values ('8410e15e-98d7-49eb-8cde-01a07bd4fe92', '1ea7d913-bb5e-4519-acc5-419c85433564', 'M', '06023 Weber Mall', '38821', 'Smithamfort', 'Tokelau');
INSERT INTO CUSTOMERS (id, first_name, last_name) values ('5bd33c40-bb65-468f-954e-5fb8002ad078', 'Granville', 'Swaniawski');
INSERT INTO CUSTOMER_IDENTIFIERS (customer_id, identifier_id, identifier_value) values ('5bd33c40-bb65-468f-954e-5fb8002ad078', 101, '06511899053');
INSERT INTO CUSTOMER_IDENTIFIERS (customer_id, identifier_id, identifier_value) values ('5bd33c40-bb65-468f-954e-5fb8002ad078', 103, '544-421-65-05');
INSERT INTO CUSTOMER_ADDRESSES (address_id, customer_id, address_type, street_address, zip_code, city, country) values ('8b628330-c842-4012-9a03-8d47dfe901e5', '5bd33c40-bb65-468f-954e-5fb8002ad078', 'R', '5544 Mohammad Street', '39017-6364', 'Edstad', 'United States Minor Outlying Islands');
INSERT INTO CUSTOMERS (id, first_name, last_name) values ('bec3d375-7d0c-4f27-848d-ad1a5a51f93c', 'Tobias', 'Davis');
INSERT INTO CUSTOMER_IDENTIFIERS (customer_id, identifier_id, identifier_value) values ('bec3d375-7d0c-4f27-848d-ad1a5a51f93c', 103, '552-781-14-56');
INSERT INTO CUSTOMER_ADDRESSES (address_id, customer_id, address_type, street_address, zip_code, city, country) values ('d4c5df9b-adbf-4b26-9e5c-9913f0b26481', 'bec3d375-7d0c-4f27-848d-ad1a5a51f93c', 'R', '871 Frami Mills', '55812', 'Port Owenstad', 'Cameroon');
INSERT INTO CUSTOMERS (id, first_name, last_name) values ('f790bcaf-2595-46d9-aea0-b17e6c9a50de', 'Michal', 'Wisoky');
INSERT INTO CUSTOMER_IDENTIFIERS (customer_id, identifier_id, identifier_value) values ('f790bcaf-2595-46d9-aea0-b17e6c9a50de', 101, '80688498337');
INSERT INTO CUSTOMER_IDENTIFIERS (customer_id, identifier_id, identifier_value) values ('f790bcaf-2595-46d9-aea0-b17e6c9a50de', 102, '227231595');
INSERT INTO CUSTOMER_IDENTIFIERS (customer_id, identifier_id, identifier_value) values ('f790bcaf-2595-46d9-aea0-b17e6c9a50de', 103, '279-943-46-47');
INSERT INTO CUSTOMER_ADDRESSES (address_id, customer_id, address_type, street_address, zip_code, city, country) values ('81eabe22-7888-4db2-b188-0d5b4362c61c', 'f790bcaf-2595-46d9-aea0-b17e6c9a50de', 'R', '5138 Corazon Greens', '93172', 'Hansenborough', 'Morocco');
INSERT INTO CUSTOMERS (id, first_name, last_name) values ('42d25501-a4d4-46f2-bcb9-b796393f1d64', 'Nolan', 'Casper');
INSERT INTO CUSTOMER_IDENTIFIERS (customer_id, identifier_id, identifier_value) values ('42d25501-a4d4-46f2-bcb9-b796393f1d64', 102, '791359248');
INSERT INTO CUSTOMER_ADDRESSES (address_id, customer_id, address_type, street_address, zip_code, city, country) values ('f754763c-fcaf-4ef1-a63a-76155a3da032', '42d25501-a4d4-46f2-bcb9-b796393f1d64', 'R', '4768 Max Fall', '62830-5412', 'Klockomouth', 'Antarctica (the territory South of 60 deg S)');
INSERT INTO CUSTOMER_ADDRESSES (address_id, customer_id, address_type, street_address, zip_code, city, country) values ('8bd2412a-a805-4497-8d26-8514596e82ab', '42d25501-a4d4-46f2-bcb9-b796393f1d64', 'M', '780 Alvaro Pike', '26374', 'Kuvalisberg', 'San Marino');
INSERT INTO CUSTOMERS (id, first_name, last_name) values ('ff8773cc-19ac-4e9d-b86b-8644d66c1bc0', 'Raelene', 'Klein');
INSERT INTO CUSTOMER_IDENTIFIERS (customer_id, identifier_id, identifier_value) values ('ff8773cc-19ac-4e9d-b86b-8644d66c1bc0', 101, '27509250218');
INSERT INTO CUSTOMER_IDENTIFIERS (customer_id, identifier_id, identifier_value) values ('ff8773cc-19ac-4e9d-b86b-8644d66c1bc0', 103, '209-622-88-53');
INSERT INTO CUSTOMER_ADDRESSES (address_id, customer_id, address_type, street_address, zip_code, city, country) values ('e789f134-4dbe-4e24-8c83-f3bb297cd6fc', 'ff8773cc-19ac-4e9d-b86b-8644d66c1bc0', 'R', '012 Wyatt Village', '79608', 'Bartellfurt', 'Turkey');
INSERT INTO CUSTOMER_ADDRESSES (address_id, customer_id, address_type, street_address, zip_code, city, country) values ('77234b01-ea73-40e3-8dea-2f92e184ab62', 'ff8773cc-19ac-4e9d-b86b-8644d66c1bc0', 'M', '471 Shanna Lodge', '00561-9472', 'West Earnestland', 'Liberia');
INSERT INTO CUSTOMERS (id, first_name, last_name) values ('8817fced-88ab-4650-a16f-6398e851f6d1', 'Efren', 'Miller');
INSERT INTO CUSTOMER_IDENTIFIERS (customer_id, identifier_id, identifier_value) values ('8817fced-88ab-4650-a16f-6398e851f6d1', 102, '406785762');
INSERT INTO CUSTOMER_IDENTIFIERS (customer_id, identifier_id, identifier_value) values ('8817fced-88ab-4650-a16f-6398e851f6d1', 103, '313-877-22-47');
INSERT INTO CUSTOMER_ADDRESSES (address_id, customer_id, address_type, street_address, zip_code, city, country) values ('f832cad6-4151-4508-a32c-22006a943096', '8817fced-88ab-4650-a16f-6398e851f6d1', 'R', '1087 Cormier Prairie', '80257-8752', 'Gutmannfurt', 'Anguilla');
INSERT INTO CUSTOMERS (id, first_name, last_name) values ('0cf3c011-d623-46cf-92be-3681dc83acb3', 'Alfred', 'Johns');
INSERT INTO CUSTOMER_IDENTIFIERS (customer_id, identifier_id, identifier_value) values ('0cf3c011-d623-46cf-92be-3681dc83acb3', 101, '15346291878');
INSERT INTO CUSTOMER_IDENTIFIERS (customer_id, identifier_id, identifier_value) values ('0cf3c011-d623-46cf-92be-3681dc83acb3', 102, '887899107');
INSERT INTO CUSTOMER_ADDRESSES (address_id, customer_id, address_type, street_address, zip_code, city, country) values ('f44d3adf-dd5e-4834-930b-26bce955d1ef', '0cf3c011-d623-46cf-92be-3681dc83acb3', 'R', '3562 Kling Points', '90842-9463', 'Rodriguezside', 'Northern Mariana Islands');
INSERT INTO CUSTOMERS (id, first_name, last_name) values ('51d76b62-7609-458d-acd1-1266a7c1b4ad', 'Ollie', 'Kovacek');
INSERT INTO CUSTOMER_IDENTIFIERS (customer_id, identifier_id, identifier_value) values ('51d76b62-7609-458d-acd1-1266a7c1b4ad', 102, '420954136');
INSERT INTO CUSTOMER_IDENTIFIERS (customer_id, identifier_id, identifier_value) values ('51d76b62-7609-458d-acd1-1266a7c1b4ad', 103, '696-549-35-62');
INSERT INTO CUSTOMER_ADDRESSES (address_id, customer_id, address_type, street_address, zip_code, city, country) values ('3b7f160b-6580-4b5e-a5a5-806b0d0dfb84', '51d76b62-7609-458d-acd1-1266a7c1b4ad', 'R', '712 Rolfson Path', '18955-8876', 'Reichertside', 'Georgia');
INSERT INTO CUSTOMER_ADDRESSES (address_id, customer_id, address_type, street_address, zip_code, city, country) values ('1e4d5f79-c205-47b7-ab9e-e3c6dc4bdfac', '51d76b62-7609-458d-acd1-1266a7c1b4ad', 'M', '01465 Wesley Place', '06137-0409', 'Ethelynfort', 'Italy');
INSERT INTO CUSTOMERS (id, first_name, last_name) values ('06a641e0-f2ce-41c1-87d8-0972ad53999f', 'Rachele', 'Heathcote');
INSERT INTO CUSTOMER_IDENTIFIERS (customer_id, identifier_id, identifier_value) values ('06a641e0-f2ce-41c1-87d8-0972ad53999f', 101, '64611963104');
INSERT INTO CUSTOMER_IDENTIFIERS (customer_id, identifier_id, identifier_value) values ('06a641e0-f2ce-41c1-87d8-0972ad53999f', 102, '485440753');
INSERT INTO CUSTOMER_IDENTIFIERS (customer_id, identifier_id, identifier_value) values ('06a641e0-f2ce-41c1-87d8-0972ad53999f', 103, '189-457-57-89');
INSERT INTO CUSTOMER_ADDRESSES (address_id, customer_id, address_type, street_address, zip_code, city, country) values ('7e9a75d7-8376-4ae4-a1fe-5652b980d26d', '06a641e0-f2ce-41c1-87d8-0972ad53999f', 'R', '66799 Lueilwitz Estate', '88968', 'Lake Morrisshire', 'United States of America');
INSERT INTO CUSTOMER_ADDRESSES (address_id, customer_id, address_type, street_address, zip_code, city, country) values ('2ebdc264-afae-4f77-b83e-1bffff62dcfb', '06a641e0-f2ce-41c1-87d8-0972ad53999f', 'M', '75449 Altenwerth Circles', '20735', 'Lake Mohammad', 'Hong Kong');
INSERT INTO CUSTOMERS (id, first_name, last_name) values ('9af31d9b-786c-4047-a6c4-8925736a8ce8', 'Shon', 'Mante');
INSERT INTO CUSTOMER_IDENTIFIERS (customer_id, identifier_id, identifier_value) values ('9af31d9b-786c-4047-a6c4-8925736a8ce8', 101, '28979591108');
INSERT INTO CUSTOMER_IDENTIFIERS (customer_id, identifier_id, identifier_value) values ('9af31d9b-786c-4047-a6c4-8925736a8ce8', 103, '035-242-40-44');
INSERT INTO CUSTOMER_ADDRESSES (address_id, customer_id, address_type, street_address, zip_code, city, country) values ('54cf1993-f5e3-4815-9002-8081e18cc287', '9af31d9b-786c-4047-a6c4-8925736a8ce8', 'R', '811 Refugio Avenue', '64730', 'South Terinatown', 'Taiwan');
INSERT INTO CUSTOMERS (id, first_name, last_name) values ('4dd27e88-81d2-4aee-8f61-a0d8535caecc', 'Starla', 'Pfeffer');
INSERT INTO CUSTOMER_IDENTIFIERS (customer_id, identifier_id, identifier_value) values ('4dd27e88-81d2-4aee-8f61-a0d8535caecc', 102, '378371937');
INSERT INTO CUSTOMER_IDENTIFIERS (customer_id, identifier_id, identifier_value) values ('4dd27e88-81d2-4aee-8f61-a0d8535caecc', 103, '613-521-06-59');
INSERT INTO CUSTOMER_ADDRESSES (address_id, customer_id, address_type, street_address, zip_code, city, country) values ('625c5bc8-ab64-48b7-b63e-a53a26533b3e', '4dd27e88-81d2-4aee-8f61-a0d8535caecc', 'R', '5896 Schimmel Plaza', '54755', 'Bodeview', 'French Southern Territories');
INSERT INTO CUSTOMERS (id, first_name, last_name) values ('ceb4e99f-fc1d-46a8-8ca9-e946dd3cf167', 'Celeste', 'Flatley');
INSERT INTO CUSTOMER_IDENTIFIERS (customer_id, identifier_id, identifier_value) values ('ceb4e99f-fc1d-46a8-8ca9-e946dd3cf167', 101, '91849559941');
INSERT INTO CUSTOMER_IDENTIFIERS (customer_id, identifier_id, identifier_value) values ('ceb4e99f-fc1d-46a8-8ca9-e946dd3cf167', 102, '614197927');
INSERT INTO CUSTOMER_ADDRESSES (address_id, customer_id, address_type, street_address, zip_code, city, country) values ('e204c8b9-091c-44f5-a073-d0328ae3f931', 'ceb4e99f-fc1d-46a8-8ca9-e946dd3cf167', 'R', '83393 Koch Passage', '61842', 'New Patience', 'Hong Kong');
INSERT INTO CUSTOMER_ADDRESSES (address_id, customer_id, address_type, street_address, zip_code, city, country) values ('7c6b5d8b-ffb7-4bd3-9c4c-81c5251872ca', 'ceb4e99f-fc1d-46a8-8ca9-e946dd3cf167', 'M', '5609 Eddie Mews', '54679', 'Port Marcelinehaven', 'Cayman Islands');
INSERT INTO CUSTOMERS (id, first_name, last_name) values ('a2b8be85-feac-4a65-b8f3-da1d0f58746f', 'Alva', 'Buckridge');
INSERT INTO CUSTOMER_IDENTIFIERS (customer_id, identifier_id, identifier_value) values ('a2b8be85-feac-4a65-b8f3-da1d0f58746f', 101, '84105627226');
INSERT INTO CUSTOMER_ADDRESSES (address_id, customer_id, address_type, street_address, zip_code, city, country) values ('833058ce-2b89-465d-9616-221bd882134e', 'a2b8be85-feac-4a65-b8f3-da1d0f58746f', 'R', '02219 Nicky Flat', '19218-9306', 'Danielfort', 'Indonesia');
INSERT INTO CUSTOMER_ADDRESSES (address_id, customer_id, address_type, street_address, zip_code, city, country) values ('de646b75-6068-4c3e-ae70-88b3b3aca2cd', 'a2b8be85-feac-4a65-b8f3-da1d0f58746f', 'M', '2533 Sebastian Bridge', '85271', 'Dougmouth', 'Mayotte');
INSERT INTO CUSTOMERS (id, first_name, last_name) values ('643067ed-bed6-48ec-a377-57564954d4ba', 'Connie', 'Nitzsche');
INSERT INTO CUSTOMER_IDENTIFIERS (customer_id, identifier_id, identifier_value) values ('643067ed-bed6-48ec-a377-57564954d4ba', 101, '26438062743');
INSERT INTO CUSTOMER_ADDRESSES (address_id, customer_id, address_type, street_address, zip_code, city, country) values ('764693dc-da6b-4edc-a74a-19e8b01ce69c', '643067ed-bed6-48ec-a377-57564954d4ba', 'R', '96500 Jacobi Passage', '00098-6259', 'Lake Stephan', 'Slovenia');
INSERT INTO CUSTOMERS (id, first_name, last_name) values ('477e9c5e-fad0-4ab4-b5c9-7031fef8318a', 'Nolan', 'Barton');
INSERT INTO CUSTOMER_IDENTIFIERS (customer_id, identifier_id, identifier_value) values ('477e9c5e-fad0-4ab4-b5c9-7031fef8318a', 101, '15217275523');
INSERT INTO CUSTOMER_ADDRESSES (address_id, customer_id, address_type, street_address, zip_code, city, country) values ('8dbb2a2c-1cbc-4bc9-9ee9-70e8cfec2220', '477e9c5e-fad0-4ab4-b5c9-7031fef8318a', 'R', '848 Dicki Flat', '24125-0248', 'Hettingermouth', 'Antarctica (the territory South of 60 deg S)');
INSERT INTO CUSTOMERS (id, first_name, last_name) values ('4a3943e8-6727-4069-8e8d-3cd0aa200bae', 'Reba', 'McDermott');
INSERT INTO CUSTOMER_IDENTIFIERS (customer_id, identifier_id, identifier_value) values ('4a3943e8-6727-4069-8e8d-3cd0aa200bae', 102, '591096135');
INSERT INTO CUSTOMER_ADDRESSES (address_id, customer_id, address_type, street_address, zip_code, city, country) values ('90454159-2646-40dd-a301-d09dad9d3949', '4a3943e8-6727-4069-8e8d-3cd0aa200bae', 'R', '409 Antoine Tunnel', '54610-5450', 'West Tamar', 'Brazil');
INSERT INTO CUSTOMER_ADDRESSES (address_id, customer_id, address_type, street_address, zip_code, city, country) values ('8d822a02-2109-4b38-ab7a-fbf8bb985575', '4a3943e8-6727-4069-8e8d-3cd0aa200bae', 'M', '77867 Reichel View', '00557-2090', 'Hilpertville', 'Uzbekistan');
INSERT INTO CUSTOMERS (id, first_name, last_name) values ('e2e05d0f-b422-4ef5-9e54-ce689e201f81', 'Louie', 'Aufderhar');
INSERT INTO CUSTOMER_IDENTIFIERS (customer_id, identifier_id, identifier_value) values ('e2e05d0f-b422-4ef5-9e54-ce689e201f81', 101, '34073058338');
INSERT INTO CUSTOMER_IDENTIFIERS (customer_id, identifier_id, identifier_value) values ('e2e05d0f-b422-4ef5-9e54-ce689e201f81', 102, '232865240');
INSERT INTO CUSTOMER_IDENTIFIERS (customer_id, identifier_id, identifier_value) values ('e2e05d0f-b422-4ef5-9e54-ce689e201f81', 103, '983-605-45-92');
INSERT INTO CUSTOMER_ADDRESSES (address_id, customer_id, address_type, street_address, zip_code, city, country) values ('975780cd-cfa2-4366-8302-4b3b69ad33da', 'e2e05d0f-b422-4ef5-9e54-ce689e201f81', 'R', '39305 Von Loop', '93180', 'Port Sibylton', 'Svalbard & Jan Mayen Islands');
INSERT INTO CUSTOMERS (id, first_name, last_name) values ('3e1361d2-9186-49c3-8edb-042813e793fe', 'Dani', 'Schulist');
INSERT INTO CUSTOMER_IDENTIFIERS (customer_id, identifier_id, identifier_value) values ('3e1361d2-9186-49c3-8edb-042813e793fe', 102, '208914739');
INSERT INTO CUSTOMER_IDENTIFIERS (customer_id, identifier_id, identifier_value) values ('3e1361d2-9186-49c3-8edb-042813e793fe', 103, '366-640-74-18');
INSERT INTO CUSTOMER_ADDRESSES (address_id, customer_id, address_type, street_address, zip_code, city, country) values ('f56c6441-44f3-4509-bd9f-f552c2c6d179', '3e1361d2-9186-49c3-8edb-042813e793fe', 'R', '5452 Fisher Divide', '60416', 'New Nickolasview', 'Macao');
INSERT INTO CUSTOMERS (id, first_name, last_name) values ('d7215116-724f-4c31-a04b-a48077f90d9a', 'Oren', 'Weissnat');
INSERT INTO CUSTOMER_IDENTIFIERS (customer_id, identifier_id, identifier_value) values ('d7215116-724f-4c31-a04b-a48077f90d9a', 101, '72502077309');
INSERT INTO CUSTOMER_IDENTIFIERS (customer_id, identifier_id, identifier_value) values ('d7215116-724f-4c31-a04b-a48077f90d9a', 102, '327116095');
INSERT INTO CUSTOMER_IDENTIFIERS (customer_id, identifier_id, identifier_value) values ('d7215116-724f-4c31-a04b-a48077f90d9a', 103, '269-673-06-55');
INSERT INTO CUSTOMER_ADDRESSES (address_id, customer_id, address_type, street_address, zip_code, city, country) values ('4e3da43f-0f78-4b87-b56f-9849070f60fb', 'd7215116-724f-4c31-a04b-a48077f90d9a', 'R', '84393 Haley Streets', '51576-7380', 'Evaport', 'Netherlands Antilles');
INSERT INTO CUSTOMERS (id, first_name, last_name) values ('585f7b5f-459f-4686-b920-753be73b016f', 'Edward', 'Doyle');
INSERT INTO CUSTOMER_IDENTIFIERS (customer_id, identifier_id, identifier_value) values ('585f7b5f-459f-4686-b920-753be73b016f', 101, '61259231219');
INSERT INTO CUSTOMER_ADDRESSES (address_id, customer_id, address_type, street_address, zip_code, city, country) values ('79ef5094-45fb-4f0a-b135-b29df413b824', '585f7b5f-459f-4686-b920-753be73b016f', 'R', '861 Lockman Freeway', '82401', 'Lemkeshire', 'Tunisia');
INSERT INTO CUSTOMERS (id, first_name, last_name) values ('a05825f2-1d06-4d9e-9b37-938f1e6333a8', 'Twana', 'Kutch');
INSERT INTO CUSTOMER_IDENTIFIERS (customer_id, identifier_id, identifier_value) values ('a05825f2-1d06-4d9e-9b37-938f1e6333a8', 101, '97269820193');
INSERT INTO CUSTOMER_IDENTIFIERS (customer_id, identifier_id, identifier_value) values ('a05825f2-1d06-4d9e-9b37-938f1e6333a8', 102, '690171286');
INSERT INTO CUSTOMER_IDENTIFIERS (customer_id, identifier_id, identifier_value) values ('a05825f2-1d06-4d9e-9b37-938f1e6333a8', 103, '216-348-64-78');
INSERT INTO CUSTOMER_ADDRESSES (address_id, customer_id, address_type, street_address, zip_code, city, country) values ('8be9bfde-cf09-414f-a4ae-ad74a33dae76', 'a05825f2-1d06-4d9e-9b37-938f1e6333a8', 'R', '6491 Kaitlyn Islands', '81766', 'New Donnellport', 'Chad');
INSERT INTO CUSTOMERS (id, first_name, last_name) values ('909d52a4-1f8d-4f5a-a9a4-b53d496678db', 'Stefania', 'Sipes');
INSERT INTO CUSTOMER_IDENTIFIERS (customer_id, identifier_id, identifier_value) values ('909d52a4-1f8d-4f5a-a9a4-b53d496678db', 101, '65036513519');
INSERT INTO CUSTOMER_ADDRESSES (address_id, customer_id, address_type, street_address, zip_code, city, country) values ('1c334fb0-18c3-46a3-8885-0505e415d0cd', '909d52a4-1f8d-4f5a-a9a4-b53d496678db', 'R', '391 Dicki Manors', '26028-7046', 'East Evelin', 'Brazil');
INSERT INTO CUSTOMERS (id, first_name, last_name) values ('a953db41-bb78-4932-9020-4bcb65cf1270', 'Libby', 'Smith');
INSERT INTO CUSTOMER_IDENTIFIERS (customer_id, identifier_id, identifier_value) values ('a953db41-bb78-4932-9020-4bcb65cf1270', 101, '37241844583');
INSERT INTO CUSTOMER_IDENTIFIERS (customer_id, identifier_id, identifier_value) values ('a953db41-bb78-4932-9020-4bcb65cf1270', 102, '530520049');
INSERT INTO CUSTOMER_ADDRESSES (address_id, customer_id, address_type, street_address, zip_code, city, country) values ('3ae04482-254c-48c0-83e7-43fc9991a107', 'a953db41-bb78-4932-9020-4bcb65cf1270', 'R', '767 Botsford Creek', '75388-9310', 'South Myron', 'Comoros');
INSERT INTO CUSTOMER_ADDRESSES (address_id, customer_id, address_type, street_address, zip_code, city, country) values ('84ac07b5-473d-4cce-97cd-c65fae257d3d', 'a953db41-bb78-4932-9020-4bcb65cf1270', 'M', '6470 Miranda Tunnel', '75206-3522', 'Vernitaside', 'Chad');
INSERT INTO CUSTOMERS (id, first_name, last_name) values ('dfacd8bc-b94a-4d62-b4a5-d614e238fc16', 'Betty', 'Kuhlman');
INSERT INTO CUSTOMER_IDENTIFIERS (customer_id, identifier_id, identifier_value) values ('dfacd8bc-b94a-4d62-b4a5-d614e238fc16', 101, '31250697715');
INSERT INTO CUSTOMER_IDENTIFIERS (customer_id, identifier_id, identifier_value) values ('dfacd8bc-b94a-4d62-b4a5-d614e238fc16', 102, '300514499');
INSERT INTO CUSTOMER_ADDRESSES (address_id, customer_id, address_type, street_address, zip_code, city, country) values ('5cea3162-dc4e-4247-a20d-b65d1b816897', 'dfacd8bc-b94a-4d62-b4a5-d614e238fc16', 'R', '262 Ailene Plains', '90186-4171', 'East Bernardo', 'Oman');
INSERT INTO CUSTOMERS (id, first_name, last_name) values ('3f091d9f-957a-4c66-bb18-2c4c5c414341', 'Deloris', 'Heathcote');
INSERT INTO CUSTOMER_IDENTIFIERS (customer_id, identifier_id, identifier_value) values ('3f091d9f-957a-4c66-bb18-2c4c5c414341', 101, '19024208178');
INSERT INTO CUSTOMER_IDENTIFIERS (customer_id, identifier_id, identifier_value) values ('3f091d9f-957a-4c66-bb18-2c4c5c414341', 102, '959547305');
INSERT INTO CUSTOMER_ADDRESSES (address_id, customer_id, address_type, street_address, zip_code, city, country) values ('e8daf1d2-76ca-450b-aaba-215858d4a42b', '3f091d9f-957a-4c66-bb18-2c4c5c414341', 'R', '5397 Herman Vista', '42782-5773', 'Franeckitown', 'French Southern Territories');
INSERT INTO CUSTOMERS (id, first_name, last_name) values ('8df3de68-113c-49f1-931e-de68bea53c5e', 'Virgilio', 'Flatley');
INSERT INTO CUSTOMER_IDENTIFIERS (customer_id, identifier_id, identifier_value) values ('8df3de68-113c-49f1-931e-de68bea53c5e', 102, '717684381');
INSERT INTO CUSTOMER_ADDRESSES (address_id, customer_id, address_type, street_address, zip_code, city, country) values ('77f976ee-2ef4-4509-9d76-7b08cacf15fe', '8df3de68-113c-49f1-931e-de68bea53c5e', 'R', '90073 Keli Tunnel', '34620', 'South Donaton', 'Kiribati');
INSERT INTO CUSTOMERS (id, first_name, last_name) values ('3a775c92-774c-4179-8e6b-d4bd3fbc567e', 'Noella', 'Hirthe');
INSERT INTO CUSTOMER_IDENTIFIERS (customer_id, identifier_id, identifier_value) values ('3a775c92-774c-4179-8e6b-d4bd3fbc567e', 101, '04044762355');
INSERT INTO CUSTOMER_ADDRESSES (address_id, customer_id, address_type, street_address, zip_code, city, country) values ('d32572b5-1124-4fb9-bab5-55c144d0ad18', '3a775c92-774c-4179-8e6b-d4bd3fbc567e', 'R', '46401 Medhurst Spur', '02088', 'Port Zoraidafurt', 'Ukraine');
INSERT INTO CUSTOMER_ADDRESSES (address_id, customer_id, address_type, street_address, zip_code, city, country) values ('9765b88a-dcbd-4784-82e9-efe4942dfef9', '3a775c92-774c-4179-8e6b-d4bd3fbc567e', 'M', '4213 Wintheiser Circles', '97431', 'Sarinaport', 'Mayotte');
INSERT INTO CUSTOMERS (id, first_name, last_name) values ('6a1a734c-c695-40fd-922b-3555338e75ef', 'Myron', 'Nitzsche');
INSERT INTO CUSTOMER_IDENTIFIERS (customer_id, identifier_id, identifier_value) values ('6a1a734c-c695-40fd-922b-3555338e75ef', 103, '629-852-42-99');
INSERT INTO CUSTOMER_ADDRESSES (address_id, customer_id, address_type, street_address, zip_code, city, country) values ('b474e369-d5fb-485f-b922-eececda8a349', '6a1a734c-c695-40fd-922b-3555338e75ef', 'R', '184 Kuhn Estates', '35324-2777', 'Sidside', 'Anguilla');
INSERT INTO CUSTOMERS (id, first_name, last_name) values ('81dd6574-5ba7-420d-9ebb-49dcc96f720b', 'Marcus', 'Murphy');
INSERT INTO CUSTOMER_IDENTIFIERS (customer_id, identifier_id, identifier_value) values ('81dd6574-5ba7-420d-9ebb-49dcc96f720b', 102, '125826178');
INSERT INTO CUSTOMER_ADDRESSES (address_id, customer_id, address_type, street_address, zip_code, city, country) values ('654bee5f-764d-47ee-96ba-da7ca9ea9934', '81dd6574-5ba7-420d-9ebb-49dcc96f720b', 'R', '7322 Anton Ranch', '29097-2545', 'Monahanmouth', 'Virgin Islands, British');
INSERT INTO CUSTOMERS (id, first_name, last_name) values ('33cee71c-53e2-4f4b-a7c8-ce94b14db7c2', 'Yolando', 'Wiza');
INSERT INTO CUSTOMER_IDENTIFIERS (customer_id, identifier_id, identifier_value) values ('33cee71c-53e2-4f4b-a7c8-ce94b14db7c2', 103, '308-145-15-15');
INSERT INTO CUSTOMER_ADDRESSES (address_id, customer_id, address_type, street_address, zip_code, city, country) values ('be7c3392-3527-424b-8288-028d50ed17b0', '33cee71c-53e2-4f4b-a7c8-ce94b14db7c2', 'R', '0155 Susanna Village', '77792', 'Port Shonta', 'Malawi');
INSERT INTO CUSTOMER_ADDRESSES (address_id, customer_id, address_type, street_address, zip_code, city, country) values ('f066c842-5def-4fac-87c0-8e8bab5f8e6d', '33cee71c-53e2-4f4b-a7c8-ce94b14db7c2', 'M', '28042 Graham Greens', '01203', 'Reingerland', 'Lesotho');
INSERT INTO CUSTOMERS (id, first_name, last_name) values ('b9cbfa18-2b88-4033-88aa-3f625d22bdd4', 'Evelynn', 'Rice');
INSERT INTO CUSTOMER_IDENTIFIERS (customer_id, identifier_id, identifier_value) values ('b9cbfa18-2b88-4033-88aa-3f625d22bdd4', 102, '476264532');
INSERT INTO CUSTOMER_ADDRESSES (address_id, customer_id, address_type, street_address, zip_code, city, country) values ('994798d0-5d57-491b-bc39-3db49d368b3e', 'b9cbfa18-2b88-4033-88aa-3f625d22bdd4', 'R', '78565 Monahan Brook', '48231', 'Hueyton', 'Yemen');
INSERT INTO CUSTOMERS (id, first_name, last_name) values ('ae138d23-991d-4116-bb7c-eb0312ab7799', 'Christopher', 'Hamill');
INSERT INTO CUSTOMER_IDENTIFIERS (customer_id, identifier_id, identifier_value) values ('ae138d23-991d-4116-bb7c-eb0312ab7799', 101, '00417419115');
INSERT INTO CUSTOMER_IDENTIFIERS (customer_id, identifier_id, identifier_value) values ('ae138d23-991d-4116-bb7c-eb0312ab7799', 102, '478375200');
INSERT INTO CUSTOMER_ADDRESSES (address_id, customer_id, address_type, street_address, zip_code, city, country) values ('5c660269-d1fc-4b2b-8766-5a8b36c0b97b', 'ae138d23-991d-4116-bb7c-eb0312ab7799', 'R', '577 Chu Mission', '82422-1448', 'Stanleyview', 'Sierra Leone');
INSERT INTO CUSTOMERS (id, first_name, last_name) values ('9f253eab-b0d3-43d1-ba34-9ca19fc90b6a', 'Lea', 'Klein');
INSERT INTO CUSTOMER_IDENTIFIERS (customer_id, identifier_id, identifier_value) values ('9f253eab-b0d3-43d1-ba34-9ca19fc90b6a', 102, '401981941');
INSERT INTO CUSTOMER_ADDRESSES (address_id, customer_id, address_type, street_address, zip_code, city, country) values ('5ace65ef-ac41-4edf-a13c-cd5c41854e54', '9f253eab-b0d3-43d1-ba34-9ca19fc90b6a', 'R', '71438 Powlowski Manor', '77378', 'Millershire', 'Equatorial Guinea');
INSERT INTO CUSTOMERS (id, first_name, last_name) values ('b7e1ff73-7ade-4ae1-926e-dff4d5a27ba5', 'Randolph', 'Graham');
INSERT INTO CUSTOMER_IDENTIFIERS (customer_id, identifier_id, identifier_value) values ('b7e1ff73-7ade-4ae1-926e-dff4d5a27ba5', 101, '24469146109');
INSERT INTO CUSTOMER_ADDRESSES (address_id, customer_id, address_type, street_address, zip_code, city, country) values ('a804f426-1811-4c85-9052-b4b488f474cb', 'b7e1ff73-7ade-4ae1-926e-dff4d5a27ba5', 'R', '858 Abshire Mall', '49602', 'Dietrichshire', 'Christmas Island');
INSERT INTO CUSTOMERS (id, first_name, last_name) values ('19ca6f87-0224-4d22-883d-aba42ae14e45', 'Imelda', 'Pagac');
INSERT INTO CUSTOMER_IDENTIFIERS (customer_id, identifier_id, identifier_value) values ('19ca6f87-0224-4d22-883d-aba42ae14e45', 101, '16918270839');
INSERT INTO CUSTOMER_IDENTIFIERS (customer_id, identifier_id, identifier_value) values ('19ca6f87-0224-4d22-883d-aba42ae14e45', 102, '185918555');
INSERT INTO CUSTOMER_IDENTIFIERS (customer_id, identifier_id, identifier_value) values ('19ca6f87-0224-4d22-883d-aba42ae14e45', 103, '414-666-42-64');
INSERT INTO CUSTOMER_ADDRESSES (address_id, customer_id, address_type, street_address, zip_code, city, country) values ('20e8b36f-a0b8-4e20-8cd9-d1687021911b', '19ca6f87-0224-4d22-883d-aba42ae14e45', 'R', '3079 Jonah Turnpike', '41675-0686', 'Lake Sabrinahaven', 'Algeria');
INSERT INTO CUSTOMERS (id, first_name, last_name) values ('70d926d6-eb47-4b01-a305-904c026e35cb', 'Lea', 'Russel');
INSERT INTO CUSTOMER_IDENTIFIERS (customer_id, identifier_id, identifier_value) values ('70d926d6-eb47-4b01-a305-904c026e35cb', 101, '57328840291');
INSERT INTO CUSTOMER_ADDRESSES (address_id, customer_id, address_type, street_address, zip_code, city, country) values ('5ecd7bf6-bcc1-4322-be6e-ca5c91f69db5', '70d926d6-eb47-4b01-a305-904c026e35cb', 'R', '5140 Devorah Union', '73834', 'Calistabury', 'Austria');
INSERT INTO CUSTOMERS (id, first_name, last_name) values ('2b5f607e-0681-4eac-b077-38a63c3f2d9d', 'Sasha', 'Shields');
INSERT INTO CUSTOMER_IDENTIFIERS (customer_id, identifier_id, identifier_value) values ('2b5f607e-0681-4eac-b077-38a63c3f2d9d', 101, '63258362055');
INSERT INTO CUSTOMER_ADDRESSES (address_id, customer_id, address_type, street_address, zip_code, city, country) values ('f05a0cf2-68bb-4205-bb09-683fbf7c8278', '2b5f607e-0681-4eac-b077-38a63c3f2d9d', 'R', '69249 Kris Points', '11218', 'West Traceeville', 'Bouvet Island (Bouvetoya)');
INSERT INTO CUSTOMERS (id, first_name, last_name) values ('f40d9635-19b5-4660-b3d2-ba142a7c70f3', 'Karyl', 'Gleichner');
INSERT INTO CUSTOMER_IDENTIFIERS (customer_id, identifier_id, identifier_value) values ('f40d9635-19b5-4660-b3d2-ba142a7c70f3', 101, '25297701444');
INSERT INTO CUSTOMER_IDENTIFIERS (customer_id, identifier_id, identifier_value) values ('f40d9635-19b5-4660-b3d2-ba142a7c70f3', 102, '522920802');
INSERT INTO CUSTOMER_IDENTIFIERS (customer_id, identifier_id, identifier_value) values ('f40d9635-19b5-4660-b3d2-ba142a7c70f3', 103, '432-454-00-40');
INSERT INTO CUSTOMER_ADDRESSES (address_id, customer_id, address_type, street_address, zip_code, city, country) values ('6187839b-dd63-4147-9d3d-f0880acc6f8a', 'f40d9635-19b5-4660-b3d2-ba142a7c70f3', 'R', '962 McKenzie Roads', '13630-2196', 'Port Silasmouth', 'Timor-Leste');
INSERT INTO CUSTOMERS (id, first_name, last_name) values ('690c7445-759b-4a21-a092-b9699e8ce052', 'Mira', 'Collins');
INSERT INTO CUSTOMER_IDENTIFIERS (customer_id, identifier_id, identifier_value) values ('690c7445-759b-4a21-a092-b9699e8ce052', 101, '79456266582');
INSERT INTO CUSTOMER_IDENTIFIERS (customer_id, identifier_id, identifier_value) values ('690c7445-759b-4a21-a092-b9699e8ce052', 102, '436990892');
INSERT INTO CUSTOMER_ADDRESSES (address_id, customer_id, address_type, street_address, zip_code, city, country) values ('05b10444-b4ad-49fd-bba7-61b42a72bb96', '690c7445-759b-4a21-a092-b9699e8ce052', 'R', '5407 Jarred Expressway', '13023', 'Port Aubreyfort', 'Qatar');
INSERT INTO CUSTOMER_ADDRESSES (address_id, customer_id, address_type, street_address, zip_code, city, country) values ('cf977aef-cc3c-4063-9530-47112e48c381', '690c7445-759b-4a21-a092-b9699e8ce052', 'M', '953 Wiza Ranch', '64378', 'West Lianne', 'Saint Vincent and the Grenadines');
INSERT INTO CUSTOMERS (id, first_name, last_name) values ('ac46bf84-5284-4bd0-bf6f-4acabb604be2', 'Brenda', 'O''Keefe');
INSERT INTO CUSTOMER_IDENTIFIERS (customer_id, identifier_id, identifier_value) values ('ac46bf84-5284-4bd0-bf6f-4acabb604be2', 102, '242921640');
INSERT INTO CUSTOMER_ADDRESSES (address_id, customer_id, address_type, street_address, zip_code, city, country) values ('7603eb80-5eb6-4164-81e0-56221a8accef', 'ac46bf84-5284-4bd0-bf6f-4acabb604be2', 'R', '251 Grady Cliffs', '40634-4072', 'Kirbyton', 'Bhutan');
INSERT INTO CUSTOMERS (id, first_name, last_name) values ('d824b20f-aad7-4708-a549-4a081bfe76cc', 'William', 'Howe');
INSERT INTO CUSTOMER_IDENTIFIERS (customer_id, identifier_id, identifier_value) values ('d824b20f-aad7-4708-a549-4a081bfe76cc', 102, '177256552');
INSERT INTO CUSTOMER_IDENTIFIERS (customer_id, identifier_id, identifier_value) values ('d824b20f-aad7-4708-a549-4a081bfe76cc', 103, '036-080-57-66');
INSERT INTO CUSTOMER_ADDRESSES (address_id, customer_id, address_type, street_address, zip_code, city, country) values ('dbb079f7-3e94-4022-bc90-d88b13fde0ea', 'd824b20f-aad7-4708-a549-4a081bfe76cc', 'R', '62213 Yundt Ramp', '04335-1644', 'Lucinaville', 'Holy See (Vatican City State)');
INSERT INTO CUSTOMERS (id, first_name, last_name) values ('af9d36dd-44ae-4d10-bcf0-4b2940dd99d3', 'Alesha', 'Abbott');
INSERT INTO CUSTOMER_IDENTIFIERS (customer_id, identifier_id, identifier_value) values ('af9d36dd-44ae-4d10-bcf0-4b2940dd99d3', 103, '576-200-34-84');
INSERT INTO CUSTOMER_ADDRESSES (address_id, customer_id, address_type, street_address, zip_code, city, country) values ('39704fdc-11a0-4526-8ea5-1e430f48a810', 'af9d36dd-44ae-4d10-bcf0-4b2940dd99d3', 'R', '28503 August Port', '72568-9518', 'North Kimmouth', 'Heard Island and McDonald Islands');
INSERT INTO CUSTOMER_ADDRESSES (address_id, customer_id, address_type, street_address, zip_code, city, country) values ('b4e4a366-f927-4f32-a368-460c85996c2f', 'af9d36dd-44ae-4d10-bcf0-4b2940dd99d3', 'M', '535 Breitenberg Bypass', '20388', 'Wisozkside', 'Wallis and Futuna');
INSERT INTO CUSTOMERS (id, first_name, last_name) values ('767e9d99-46b0-4272-82ef-4cb9f8598cf2', 'Mendy', 'Simonis');
INSERT INTO CUSTOMER_IDENTIFIERS (customer_id, identifier_id, identifier_value) values ('767e9d99-46b0-4272-82ef-4cb9f8598cf2', 102, '002273288');
INSERT INTO CUSTOMER_IDENTIFIERS (customer_id, identifier_id, identifier_value) values ('767e9d99-46b0-4272-82ef-4cb9f8598cf2', 103, '648-439-67-42');
INSERT INTO CUSTOMER_ADDRESSES (address_id, customer_id, address_type, street_address, zip_code, city, country) values ('7a6f4bf2-0f41-47ca-8b5e-829dec3b720f', '767e9d99-46b0-4272-82ef-4cb9f8598cf2', 'R', '6341 Amina Fords', '84781-0659', 'East Cortez', 'Finland');
INSERT INTO CUSTOMERS (id, first_name, last_name) values ('831d5b9a-1ff7-48d8-a4fa-35546075d1c4', 'Nigel', 'Sauer');
INSERT INTO CUSTOMER_IDENTIFIERS (customer_id, identifier_id, identifier_value) values ('831d5b9a-1ff7-48d8-a4fa-35546075d1c4', 102, '875752095');
INSERT INTO CUSTOMER_IDENTIFIERS (customer_id, identifier_id, identifier_value) values ('831d5b9a-1ff7-48d8-a4fa-35546075d1c4', 103, '000-778-88-49');
INSERT INTO CUSTOMER_ADDRESSES (address_id, customer_id, address_type, street_address, zip_code, city, country) values ('846404ae-09b0-4721-b377-f34ba4714485', '831d5b9a-1ff7-48d8-a4fa-35546075d1c4', 'R', '583 Genaro Camp', '14304-8208', 'Lake Efren', 'Brazil');
INSERT INTO CUSTOMERS (id, first_name, last_name) values ('c9ba3e2d-7fa1-4353-8624-266d41a12ccc', 'Reagan', 'Marvin');
INSERT INTO CUSTOMER_IDENTIFIERS (customer_id, identifier_id, identifier_value) values ('c9ba3e2d-7fa1-4353-8624-266d41a12ccc', 103, '214-182-36-04');
INSERT INTO CUSTOMER_ADDRESSES (address_id, customer_id, address_type, street_address, zip_code, city, country) values ('a937b2f1-c73d-44d7-aae9-50018cda8212', 'c9ba3e2d-7fa1-4353-8624-266d41a12ccc', 'R', '95167 Bahringer Radial', '42845-7600', 'Shanahanmouth', 'Kazakhstan');
INSERT INTO CUSTOMERS (id, first_name, last_name) values ('ac9afe79-c49c-480a-bc81-da7e18bd9d1f', 'Hellen', 'Thompson');
INSERT INTO CUSTOMER_IDENTIFIERS (customer_id, identifier_id, identifier_value) values ('ac9afe79-c49c-480a-bc81-da7e18bd9d1f', 101, '92820261593');
INSERT INTO CUSTOMER_IDENTIFIERS (customer_id, identifier_id, identifier_value) values ('ac9afe79-c49c-480a-bc81-da7e18bd9d1f', 102, '159415723');
INSERT INTO CUSTOMER_IDENTIFIERS (customer_id, identifier_id, identifier_value) values ('ac9afe79-c49c-480a-bc81-da7e18bd9d1f', 103, '285-848-38-87');
INSERT INTO CUSTOMER_ADDRESSES (address_id, customer_id, address_type, street_address, zip_code, city, country) values ('6e7b6fb3-b4d6-4942-91d6-04ef0f1a1bcb', 'ac9afe79-c49c-480a-bc81-da7e18bd9d1f', 'R', '937 Morissette Alley', '52210', 'South Darenton', 'Chile');
INSERT INTO CUSTOMERS (id, first_name, last_name) values ('28a26fd9-f800-44b9-b6d5-1be73991ebaf', 'Nestor', 'Denesik');
INSERT INTO CUSTOMER_IDENTIFIERS (customer_id, identifier_id, identifier_value) values ('28a26fd9-f800-44b9-b6d5-1be73991ebaf', 101, '28448681251');
INSERT INTO CUSTOMER_IDENTIFIERS (customer_id, identifier_id, identifier_value) values ('28a26fd9-f800-44b9-b6d5-1be73991ebaf', 102, '432353780');
INSERT INTO CUSTOMER_IDENTIFIERS (customer_id, identifier_id, identifier_value) values ('28a26fd9-f800-44b9-b6d5-1be73991ebaf', 103, '251-974-81-59');
INSERT INTO CUSTOMER_ADDRESSES (address_id, customer_id, address_type, street_address, zip_code, city, country) values ('60293993-b3ab-4fb2-9950-97009146cea8', '28a26fd9-f800-44b9-b6d5-1be73991ebaf', 'R', '8180 Upton Gardens', '97536-0258', 'New Elkeshire', 'Central African Republic');
INSERT INTO CUSTOMERS (id, first_name, last_name) values ('491eead3-a88d-42d4-8e19-0863e0997248', 'Elton', 'Pfeffer');
INSERT INTO CUSTOMER_IDENTIFIERS (customer_id, identifier_id, identifier_value) values ('491eead3-a88d-42d4-8e19-0863e0997248', 101, '09698875215');
INSERT INTO CUSTOMER_IDENTIFIERS (customer_id, identifier_id, identifier_value) values ('491eead3-a88d-42d4-8e19-0863e0997248', 102, '091865235');
INSERT INTO CUSTOMER_IDENTIFIERS (customer_id, identifier_id, identifier_value) values ('491eead3-a88d-42d4-8e19-0863e0997248', 103, '517-916-15-49');
INSERT INTO CUSTOMER_ADDRESSES (address_id, customer_id, address_type, street_address, zip_code, city, country) values ('7f46934d-bf07-412d-98a9-67d91d3e6974', '491eead3-a88d-42d4-8e19-0863e0997248', 'R', '556 O''Reilly Crossroad', '42164', 'West Earl', 'Virgin Islands, British');
INSERT INTO CUSTOMERS (id, first_name, last_name) values ('3e4401de-0c13-4bb4-b087-36344e7c73c1', 'Verlie', 'Tillman');
INSERT INTO CUSTOMER_IDENTIFIERS (customer_id, identifier_id, identifier_value) values ('3e4401de-0c13-4bb4-b087-36344e7c73c1', 101, '31387864040');
INSERT INTO CUSTOMER_IDENTIFIERS (customer_id, identifier_id, identifier_value) values ('3e4401de-0c13-4bb4-b087-36344e7c73c1', 103, '496-583-86-43');
INSERT INTO CUSTOMER_ADDRESSES (address_id, customer_id, address_type, street_address, zip_code, city, country) values ('f4aca8f1-4258-4029-becc-921cbb959043', '3e4401de-0c13-4bb4-b087-36344e7c73c1', 'R', '201 Benedict Mill', '08645', 'Lake Doretheastad', 'Slovenia');
INSERT INTO CUSTOMER_ADDRESSES (address_id, customer_id, address_type, street_address, zip_code, city, country) values ('dfdd2136-6e16-46f7-b11b-03ec531b8abf', '3e4401de-0c13-4bb4-b087-36344e7c73c1', 'M', '642 Kunze Ports', '00582', 'Mullerburgh', 'Aruba');
INSERT INTO CUSTOMERS (id, first_name, last_name) values ('783ed379-7b28-42c4-b5da-abaf94249c73', 'Takako', 'Goldner');
INSERT INTO CUSTOMER_IDENTIFIERS (customer_id, identifier_id, identifier_value) values ('783ed379-7b28-42c4-b5da-abaf94249c73', 101, '62954357267');
INSERT INTO CUSTOMER_IDENTIFIERS (customer_id, identifier_id, identifier_value) values ('783ed379-7b28-42c4-b5da-abaf94249c73', 102, '573368512');
INSERT INTO CUSTOMER_IDENTIFIERS (customer_id, identifier_id, identifier_value) values ('783ed379-7b28-42c4-b5da-abaf94249c73', 103, '716-296-01-29');
INSERT INTO CUSTOMER_ADDRESSES (address_id, customer_id, address_type, street_address, zip_code, city, country) values ('3f559b3c-cd57-4de7-9b93-f15a714a475b', '783ed379-7b28-42c4-b5da-abaf94249c73', 'R', '5843 Stephen Fork', '17074', 'Stehrview', 'Guadeloupe');
INSERT INTO CUSTOMER_ADDRESSES (address_id, customer_id, address_type, street_address, zip_code, city, country) values ('4b6ca573-28aa-47f9-a451-1800287e0456', '783ed379-7b28-42c4-b5da-abaf94249c73', 'M', '5118 Evon Burg', '70507', 'Port Granvillefurt', 'Hong Kong');
INSERT INTO CUSTOMERS (id, first_name, last_name) values ('3d0c6be4-04e7-45aa-9c05-c8298b1bbba1', 'Ozella', 'Ziemann');
INSERT INTO CUSTOMER_IDENTIFIERS (customer_id, identifier_id, identifier_value) values ('3d0c6be4-04e7-45aa-9c05-c8298b1bbba1', 103, '125-110-64-77');
INSERT INTO CUSTOMER_ADDRESSES (address_id, customer_id, address_type, street_address, zip_code, city, country) values ('116950bc-bef2-4831-b2ca-b1e940162cda', '3d0c6be4-04e7-45aa-9c05-c8298b1bbba1', 'R', '6477 Veta Ferry', '42623-5909', 'Mohrfort', 'Panama');
INSERT INTO CUSTOMERS (id, first_name, last_name) values ('ede33ea4-cfcf-4fdc-ab98-d0b4d8071143', 'Amber', 'Trantow');
INSERT INTO CUSTOMER_IDENTIFIERS (customer_id, identifier_id, identifier_value) values ('ede33ea4-cfcf-4fdc-ab98-d0b4d8071143', 102, '289370096');
INSERT INTO CUSTOMER_ADDRESSES (address_id, customer_id, address_type, street_address, zip_code, city, country) values ('dc592042-2b13-4766-a0c5-fbb524c1e7e9', 'ede33ea4-cfcf-4fdc-ab98-d0b4d8071143', 'R', '7890 Darnell Meadows', '46777-9064', 'New Modestomouth', 'Rwanda');
INSERT INTO CUSTOMERS (id, first_name, last_name) values ('4122d9d7-22d5-4c0b-ab10-43991461f9df', 'Dino', 'Swift');
INSERT INTO CUSTOMER_IDENTIFIERS (customer_id, identifier_id, identifier_value) values ('4122d9d7-22d5-4c0b-ab10-43991461f9df', 102, '657123897');
INSERT INTO CUSTOMER_ADDRESSES (address_id, customer_id, address_type, street_address, zip_code, city, country) values ('346feaa9-3b8d-467c-ada9-e22e0b6367f2', '4122d9d7-22d5-4c0b-ab10-43991461f9df', 'R', '40981 Noel Stravenue', '93903', 'West Isaiasside', 'Turkey');
INSERT INTO CUSTOMERS (id, first_name, last_name) values ('95d8cce1-2914-4d91-a2fb-364ca524f148', 'Pauletta', 'Sipes');
INSERT INTO CUSTOMER_IDENTIFIERS (customer_id, identifier_id, identifier_value) values ('95d8cce1-2914-4d91-a2fb-364ca524f148', 101, '64641978833');
INSERT INTO CUSTOMER_IDENTIFIERS (customer_id, identifier_id, identifier_value) values ('95d8cce1-2914-4d91-a2fb-364ca524f148', 102, '637003309');
INSERT INTO CUSTOMER_IDENTIFIERS (customer_id, identifier_id, identifier_value) values ('95d8cce1-2914-4d91-a2fb-364ca524f148', 103, '327-983-24-50');
INSERT INTO CUSTOMER_ADDRESSES (address_id, customer_id, address_type, street_address, zip_code, city, country) values ('1d107054-0ad3-4bc5-8bc9-b3d604dc1704', '95d8cce1-2914-4d91-a2fb-364ca524f148', 'R', '1822 Gottlieb Forge', '80017', 'Simonnefurt', 'Pakistan');
INSERT INTO CUSTOMER_ADDRESSES (address_id, customer_id, address_type, street_address, zip_code, city, country) values ('c343f3a3-9e12-4554-870d-f15b5620ddb1', '95d8cce1-2914-4d91-a2fb-364ca524f148', 'M', '020 Claud Forks', '20316', 'West Chi', 'Dominica');
INSERT INTO CUSTOMERS (id, first_name, last_name) values ('72c3365b-3d30-45c6-8a98-fa8d0c6f05c2', 'Star', 'Paucek');
INSERT INTO CUSTOMER_IDENTIFIERS (customer_id, identifier_id, identifier_value) values ('72c3365b-3d30-45c6-8a98-fa8d0c6f05c2', 103, '695-856-62-94');
INSERT INTO CUSTOMER_ADDRESSES (address_id, customer_id, address_type, street_address, zip_code, city, country) values ('5db513c1-0756-4817-baa9-e06c5b4c664d', '72c3365b-3d30-45c6-8a98-fa8d0c6f05c2', 'R', '2428 Tijuana Skyway', '45744-9789', 'Hackettberg', 'United Kingdom');
INSERT INTO CUSTOMERS (id, first_name, last_name) values ('1a6d48e6-0996-46ac-bde8-93215f2bc3a7', 'Maynard', 'Bechtelar');
INSERT INTO CUSTOMER_IDENTIFIERS (customer_id, identifier_id, identifier_value) values ('1a6d48e6-0996-46ac-bde8-93215f2bc3a7', 101, '04773408876');
INSERT INTO CUSTOMER_IDENTIFIERS (customer_id, identifier_id, identifier_value) values ('1a6d48e6-0996-46ac-bde8-93215f2bc3a7', 102, '391073232');
INSERT INTO CUSTOMER_ADDRESSES (address_id, customer_id, address_type, street_address, zip_code, city, country) values ('567daded-deea-4ebf-a0af-f983d8f35075', '1a6d48e6-0996-46ac-bde8-93215f2bc3a7', 'R', '03894 Bogisich Turnpike', '95403', 'West Gabrielchester', 'Namibia');
INSERT INTO CUSTOMERS (id, first_name, last_name) values ('bf04631e-307a-4ea7-8f21-73e714934c06', 'Bruno', 'Dickens');
INSERT INTO CUSTOMER_IDENTIFIERS (customer_id, identifier_id, identifier_value) values ('bf04631e-307a-4ea7-8f21-73e714934c06', 102, '230946628');
INSERT INTO CUSTOMER_ADDRESSES (address_id, customer_id, address_type, street_address, zip_code, city, country) values ('dacd2c9c-dc12-4f42-8e75-6e6e92910dc1', 'bf04631e-307a-4ea7-8f21-73e714934c06', 'R', '1042 Gibson Terrace', '09238', 'North Cletusbury', 'Vietnam');
INSERT INTO CUSTOMER_ADDRESSES (address_id, customer_id, address_type, street_address, zip_code, city, country) values ('df7677c0-ef65-4703-88f4-13a5d0ee5e5b', 'bf04631e-307a-4ea7-8f21-73e714934c06', 'M', '7735 Garfield Heights', '52446-1809', 'North Shad', 'Norway');
INSERT INTO CUSTOMERS (id, first_name, last_name) values ('9649db8b-ac40-4c0a-acd1-15f3d84f436a', 'Kenton', 'Graham');
INSERT INTO CUSTOMER_IDENTIFIERS (customer_id, identifier_id, identifier_value) values ('9649db8b-ac40-4c0a-acd1-15f3d84f436a', 102, '937676888');
INSERT INTO CUSTOMER_IDENTIFIERS (customer_id, identifier_id, identifier_value) values ('9649db8b-ac40-4c0a-acd1-15f3d84f436a', 103, '123-897-72-54');
INSERT INTO CUSTOMER_ADDRESSES (address_id, customer_id, address_type, street_address, zip_code, city, country) values ('50dcd6ba-4fa4-47a6-9b68-b1eb1fbc7578', '9649db8b-ac40-4c0a-acd1-15f3d84f436a', 'R', '03865 Nicolas Brook', '36455', 'West Claudio', 'Timor-Leste');
INSERT INTO CUSTOMERS (id, first_name, last_name) values ('82efd77b-b072-4986-aaa3-5168b97b3009', 'Samuel', 'Bartell');
INSERT INTO CUSTOMER_IDENTIFIERS (customer_id, identifier_id, identifier_value) values ('82efd77b-b072-4986-aaa3-5168b97b3009', 102, '642449968');
INSERT INTO CUSTOMER_ADDRESSES (address_id, customer_id, address_type, street_address, zip_code, city, country) values ('d6bee2bc-bc42-4ad1-94ea-32eb434e851c', '82efd77b-b072-4986-aaa3-5168b97b3009', 'R', '14595 Freddie Ports', '96388', 'West Jerome', 'Guyana');
INSERT INTO CUSTOMERS (id, first_name, last_name) values ('596b0fc9-bc68-45b7-9bde-7b28237dc735', 'Ernest', 'McClure');
INSERT INTO CUSTOMER_IDENTIFIERS (customer_id, identifier_id, identifier_value) values ('596b0fc9-bc68-45b7-9bde-7b28237dc735', 103, '211-463-27-66');
INSERT INTO CUSTOMER_ADDRESSES (address_id, customer_id, address_type, street_address, zip_code, city, country) values ('de68d51b-4c2a-44e8-b864-35fa11563b36', '596b0fc9-bc68-45b7-9bde-7b28237dc735', 'R', '187 Stracke Brook', '94269', 'Funkburgh', 'Saint Barthelemy');
INSERT INTO CUSTOMER_ADDRESSES (address_id, customer_id, address_type, street_address, zip_code, city, country) values ('f790c0b4-8c5b-49ad-91e2-2fc2b20820bf', '596b0fc9-bc68-45b7-9bde-7b28237dc735', 'M', '46507 Samuel Mission', '40881-2684', 'North Treystad', 'Paraguay');
INSERT INTO CUSTOMERS (id, first_name, last_name) values ('837ac246-cc51-41ec-94d2-2fa3dc8ad0b2', 'Royal', 'Medhurst');
INSERT INTO CUSTOMER_IDENTIFIERS (customer_id, identifier_id, identifier_value) values ('837ac246-cc51-41ec-94d2-2fa3dc8ad0b2', 102, '833143036');
INSERT INTO CUSTOMER_IDENTIFIERS (customer_id, identifier_id, identifier_value) values ('837ac246-cc51-41ec-94d2-2fa3dc8ad0b2', 103, '258-504-95-29');
INSERT INTO CUSTOMER_ADDRESSES (address_id, customer_id, address_type, street_address, zip_code, city, country) values ('ce978765-0526-49e6-8a12-6c3abd702138', '837ac246-cc51-41ec-94d2-2fa3dc8ad0b2', 'R', '873 Steuber Turnpike', '60251-3972', 'Virgilchester', 'Nigeria');
INSERT INTO CUSTOMER_ADDRESSES (address_id, customer_id, address_type, street_address, zip_code, city, country) values ('47c3b071-7bbb-4167-8e56-b57cc98f9132', '837ac246-cc51-41ec-94d2-2fa3dc8ad0b2', 'M', '491 Berry Stream', '45662-0055', 'Joanberg', 'Svalbard & Jan Mayen Islands');
INSERT INTO CUSTOMERS (id, first_name, last_name) values ('6c25595c-4f6f-40c6-a66e-13c42af6ec44', 'Lashonda', 'Cremin');
INSERT INTO CUSTOMER_IDENTIFIERS (customer_id, identifier_id, identifier_value) values ('6c25595c-4f6f-40c6-a66e-13c42af6ec44', 101, '65685627729');
INSERT INTO CUSTOMER_IDENTIFIERS (customer_id, identifier_id, identifier_value) values ('6c25595c-4f6f-40c6-a66e-13c42af6ec44', 102, '520946347');
INSERT INTO CUSTOMER_ADDRESSES (address_id, customer_id, address_type, street_address, zip_code, city, country) values ('a4292388-6d67-414b-bf00-0ecb04831146', '6c25595c-4f6f-40c6-a66e-13c42af6ec44', 'R', '0665 Merrill Manor', '69360-5701', 'East Laurena', 'Papua New Guinea');
INSERT INTO CUSTOMER_ADDRESSES (address_id, customer_id, address_type, street_address, zip_code, city, country) values ('7199e728-75fc-4df8-a17e-c1683dbda0ef', '6c25595c-4f6f-40c6-a66e-13c42af6ec44', 'M', '48998 Mueller Islands', '74217', 'North Amos', 'Sri Lanka');
INSERT INTO CUSTOMERS (id, first_name, last_name) values ('0586f8be-605f-4753-bb94-c0dd03970a73', 'Kris', 'Kulas');
INSERT INTO CUSTOMER_IDENTIFIERS (customer_id, identifier_id, identifier_value) values ('0586f8be-605f-4753-bb94-c0dd03970a73', 103, '117-769-98-02');
INSERT INTO CUSTOMER_ADDRESSES (address_id, customer_id, address_type, street_address, zip_code, city, country) values ('e43ced6d-7b8e-4839-a885-44196a79329d', '0586f8be-605f-4753-bb94-c0dd03970a73', 'R', '8343 Miller Street', '98895-4881', 'Hanefort', 'Nauru');
INSERT INTO CUSTOMER_ADDRESSES (address_id, customer_id, address_type, street_address, zip_code, city, country) values ('b1766378-2cc0-42d8-ad65-1f5dad1d3a8f', '0586f8be-605f-4753-bb94-c0dd03970a73', 'M', '457 Yost Rapid', '50842', 'Mrazhaven', 'Moldova');
INSERT INTO CUSTOMERS (id, first_name, last_name) values ('e0bef3a4-daff-49bf-a9e0-fa56fca38a14', 'Abe', 'Schumm');
INSERT INTO CUSTOMER_IDENTIFIERS (customer_id, identifier_id, identifier_value) values ('e0bef3a4-daff-49bf-a9e0-fa56fca38a14', 101, '24883588238');
INSERT INTO CUSTOMER_IDENTIFIERS (customer_id, identifier_id, identifier_value) values ('e0bef3a4-daff-49bf-a9e0-fa56fca38a14', 102, '851606462');
INSERT INTO CUSTOMER_IDENTIFIERS (customer_id, identifier_id, identifier_value) values ('e0bef3a4-daff-49bf-a9e0-fa56fca38a14', 103, '666-225-40-33');
INSERT INTO CUSTOMER_ADDRESSES (address_id, customer_id, address_type, street_address, zip_code, city, country) values ('f40f0892-4c8b-400b-9720-19351dd9baa4', 'e0bef3a4-daff-49bf-a9e0-fa56fca38a14', 'R', '315 Divina Port', '20111', 'Bayerberg', 'Tunisia');
INSERT INTO CUSTOMER_ADDRESSES (address_id, customer_id, address_type, street_address, zip_code, city, country) values ('3c48eeff-3b36-4d89-9d3f-65a3ff98f63d', 'e0bef3a4-daff-49bf-a9e0-fa56fca38a14', 'M', '0538 Turcotte Glen', '81795', 'Lebsackborough', 'Nauru');
INSERT INTO CUSTOMERS (id, first_name, last_name) values ('3400c5b4-a997-4c3e-a276-bd746a166b9f', 'Bryan', 'Collier');
INSERT INTO CUSTOMER_IDENTIFIERS (customer_id, identifier_id, identifier_value) values ('3400c5b4-a997-4c3e-a276-bd746a166b9f', 102, '638741001');
INSERT INTO CUSTOMER_IDENTIFIERS (customer_id, identifier_id, identifier_value) values ('3400c5b4-a997-4c3e-a276-bd746a166b9f', 103, '251-910-08-14');
INSERT INTO CUSTOMER_ADDRESSES (address_id, customer_id, address_type, street_address, zip_code, city, country) values ('54e68827-3459-4248-8644-844679430c55', '3400c5b4-a997-4c3e-a276-bd746a166b9f', 'R', '1546 Jc Throughway', '80495', 'West Alphonsoport', 'Mongolia');
INSERT INTO CUSTOMERS (id, first_name, last_name) values ('4270d839-d196-49d4-8f24-0c7609bd74ba', 'Calvin', 'Osinski');
INSERT INTO CUSTOMER_IDENTIFIERS (customer_id, identifier_id, identifier_value) values ('4270d839-d196-49d4-8f24-0c7609bd74ba', 101, '35056755278');
INSERT INTO CUSTOMER_IDENTIFIERS (customer_id, identifier_id, identifier_value) values ('4270d839-d196-49d4-8f24-0c7609bd74ba', 102, '044213380');
INSERT INTO CUSTOMER_ADDRESSES (address_id, customer_id, address_type, street_address, zip_code, city, country) values ('96f6dc4f-aece-4e45-b44d-ad36a377a7c3', '4270d839-d196-49d4-8f24-0c7609bd74ba', 'R', '518 Emile Stream', '87933', 'Lake Judyland', 'Virgin Islands, British');
INSERT INTO CUSTOMERS (id, first_name, last_name) values ('af358668-b050-45d1-ab3a-73263d8bbbce', 'Vernon', 'Bernier');
INSERT INTO CUSTOMER_IDENTIFIERS (customer_id, identifier_id, identifier_value) values ('af358668-b050-45d1-ab3a-73263d8bbbce', 102, '223790346');
INSERT INTO CUSTOMER_IDENTIFIERS (customer_id, identifier_id, identifier_value) values ('af358668-b050-45d1-ab3a-73263d8bbbce', 103, '212-733-92-25');
INSERT INTO CUSTOMER_ADDRESSES (address_id, customer_id, address_type, street_address, zip_code, city, country) values ('0d52edf5-bccc-4e39-bf1f-086386f93b1f', 'af358668-b050-45d1-ab3a-73263d8bbbce', 'R', '702 Gerard Locks', '52147-4053', 'Wehnerfurt', 'Senegal');
INSERT INTO CUSTOMER_ADDRESSES (address_id, customer_id, address_type, street_address, zip_code, city, country) values ('9a7c137c-8e37-434e-b926-8255de98bb69', 'af358668-b050-45d1-ab3a-73263d8bbbce', 'M', '528 Maxwell Ferry', '08849-9877', 'Lake Ryannbury', 'Virgin Islands, U.S.');
INSERT INTO CUSTOMERS (id, first_name, last_name) values ('85096d50-0549-4d62-bb96-846e7b8f9629', 'Kami', 'Welch');
INSERT INTO CUSTOMER_IDENTIFIERS (customer_id, identifier_id, identifier_value) values ('85096d50-0549-4d62-bb96-846e7b8f9629', 101, '09175839610');
INSERT INTO CUSTOMER_IDENTIFIERS (customer_id, identifier_id, identifier_value) values ('85096d50-0549-4d62-bb96-846e7b8f9629', 102, '258781316');
INSERT INTO CUSTOMER_ADDRESSES (address_id, customer_id, address_type, street_address, zip_code, city, country) values ('6ba829ab-99e0-48a3-a4ec-0f590a4403c0', '85096d50-0549-4d62-bb96-846e7b8f9629', 'R', '4440 Franecki Terrace', '17847-1643', 'South Branden', 'Senegal');
INSERT INTO CUSTOMER_ADDRESSES (address_id, customer_id, address_type, street_address, zip_code, city, country) values ('b081e09a-7271-4442-ab0e-f98c7db4aaae', '85096d50-0549-4d62-bb96-846e7b8f9629', 'M', '34406 Langworth Crossing', '87548-2801', 'South Aishamouth', 'Nauru');
INSERT INTO CUSTOMERS (id, first_name, last_name) values ('48cc341b-c662-483b-83fd-28b724ff87e9', 'Marguerita', 'Stokes');
INSERT INTO CUSTOMER_IDENTIFIERS (customer_id, identifier_id, identifier_value) values ('48cc341b-c662-483b-83fd-28b724ff87e9', 101, '48965298704');
INSERT INTO CUSTOMER_ADDRESSES (address_id, customer_id, address_type, street_address, zip_code, city, country) values ('a7067e1e-774a-468c-a0c0-e1bf5f390cdc', '48cc341b-c662-483b-83fd-28b724ff87e9', 'R', '44947 Hoeger Falls', '17045-9996', 'North Hankbury', 'Haiti');
INSERT INTO CUSTOMER_ADDRESSES (address_id, customer_id, address_type, street_address, zip_code, city, country) values ('9f8907f4-30ab-4015-a6e6-473d471def20', '48cc341b-c662-483b-83fd-28b724ff87e9', 'M', '777 Cary Roads', '97434', 'Halvorsonville', 'Saint Vincent and the Grenadines');
INSERT INTO CUSTOMERS (id, first_name, last_name) values ('f119d4e7-69c9-4aa5-8f2d-98f3454ed414', 'Lucas', 'Mraz');
INSERT INTO CUSTOMER_IDENTIFIERS (customer_id, identifier_id, identifier_value) values ('f119d4e7-69c9-4aa5-8f2d-98f3454ed414', 101, '81983859564');
INSERT INTO CUSTOMER_IDENTIFIERS (customer_id, identifier_id, identifier_value) values ('f119d4e7-69c9-4aa5-8f2d-98f3454ed414', 102, '988781505');
INSERT INTO CUSTOMER_IDENTIFIERS (customer_id, identifier_id, identifier_value) values ('f119d4e7-69c9-4aa5-8f2d-98f3454ed414', 103, '037-105-92-25');
INSERT INTO CUSTOMER_ADDRESSES (address_id, customer_id, address_type, street_address, zip_code, city, country) values ('c6bff962-a128-4404-bf35-b5bb1340f337', 'f119d4e7-69c9-4aa5-8f2d-98f3454ed414', 'R', '55634 Mayert Key', '72127', 'Boydhaven', 'Bermuda');
INSERT INTO CUSTOMERS (id, first_name, last_name) values ('0cc3bc46-6a66-41d4-b110-0b023e884a8f', 'Fausto', 'Schimmel');
INSERT INTO CUSTOMER_IDENTIFIERS (customer_id, identifier_id, identifier_value) values ('0cc3bc46-6a66-41d4-b110-0b023e884a8f', 101, '26134388906');
INSERT INTO CUSTOMER_IDENTIFIERS (customer_id, identifier_id, identifier_value) values ('0cc3bc46-6a66-41d4-b110-0b023e884a8f', 102, '740520963');
INSERT INTO CUSTOMER_ADDRESSES (address_id, customer_id, address_type, street_address, zip_code, city, country) values ('2b5889f9-3f98-42ec-8a70-3dd6663ac6df', '0cc3bc46-6a66-41d4-b110-0b023e884a8f', 'R', '8070 Champlin Valleys', '45356', 'Russelport', 'Belarus');
INSERT INTO CUSTOMERS (id, first_name, last_name) values ('d480f432-8db8-4aa3-8741-beced53d7b08', 'Coy', 'Oberbrunner');
INSERT INTO CUSTOMER_IDENTIFIERS (customer_id, identifier_id, identifier_value) values ('d480f432-8db8-4aa3-8741-beced53d7b08', 101, '03401333099');
INSERT INTO CUSTOMER_IDENTIFIERS (customer_id, identifier_id, identifier_value) values ('d480f432-8db8-4aa3-8741-beced53d7b08', 103, '640-137-90-38');
INSERT INTO CUSTOMER_ADDRESSES (address_id, customer_id, address_type, street_address, zip_code, city, country) values ('e49a278d-42aa-42a3-bb05-61d17f0a849c', 'd480f432-8db8-4aa3-8741-beced53d7b08', 'R', '890 Cherryl Harbors', '85777', 'Lake Monroe', 'Cuba');
INSERT INTO CUSTOMERS (id, first_name, last_name) values ('ede67485-f29d-458c-b199-1b65bbdc7bfc', 'Vern', 'Gleason');
INSERT INTO CUSTOMER_IDENTIFIERS (customer_id, identifier_id, identifier_value) values ('ede67485-f29d-458c-b199-1b65bbdc7bfc', 101, '79307977325');
INSERT INTO CUSTOMER_IDENTIFIERS (customer_id, identifier_id, identifier_value) values ('ede67485-f29d-458c-b199-1b65bbdc7bfc', 103, '461-829-88-43');
INSERT INTO CUSTOMER_ADDRESSES (address_id, customer_id, address_type, street_address, zip_code, city, country) values ('c538d63c-c1fe-4fcf-99d3-d05ca1ed9459', 'ede67485-f29d-458c-b199-1b65bbdc7bfc', 'R', '3629 Douglas Court', '70478', 'Tobiton', 'Senegal');
INSERT INTO CUSTOMERS (id, first_name, last_name) values ('5fc2ff1a-9bac-4dfb-a871-cdba1428e32e', 'Caroline', 'Pfeffer');
INSERT INTO CUSTOMER_IDENTIFIERS (customer_id, identifier_id, identifier_value) values ('5fc2ff1a-9bac-4dfb-a871-cdba1428e32e', 102, '319062294');
INSERT INTO CUSTOMER_IDENTIFIERS (customer_id, identifier_id, identifier_value) values ('5fc2ff1a-9bac-4dfb-a871-cdba1428e32e', 103, '249-538-72-29');
INSERT INTO CUSTOMER_ADDRESSES (address_id, customer_id, address_type, street_address, zip_code, city, country) values ('4856a407-3985-46b7-aff0-b2d06aa80de7', '5fc2ff1a-9bac-4dfb-a871-cdba1428e32e', 'R', '3628 Kuhn Stream', '60723-4638', 'Zoilaport', 'Mongolia');
INSERT INTO CUSTOMERS (id, first_name, last_name) values ('43286aa6-a56c-442d-a4f9-8d4bc8fd49db', 'Shenita', 'Bernhard');
INSERT INTO CUSTOMER_IDENTIFIERS (customer_id, identifier_id, identifier_value) values ('43286aa6-a56c-442d-a4f9-8d4bc8fd49db', 101, '18319551827');
INSERT INTO CUSTOMER_ADDRESSES (address_id, customer_id, address_type, street_address, zip_code, city, country) values ('d6a423f4-5012-49f5-8644-fade76d384b1', '43286aa6-a56c-442d-a4f9-8d4bc8fd49db', 'R', '242 Jerrie Wells', '14133', 'New Bartport', 'Saint Kitts and Nevis');
INSERT INTO CUSTOMERS (id, first_name, last_name) values ('3cb81c78-af4d-4385-a3ae-e2139d4d4a87', 'Felisa', 'Bednar');
INSERT INTO CUSTOMER_IDENTIFIERS (customer_id, identifier_id, identifier_value) values ('3cb81c78-af4d-4385-a3ae-e2139d4d4a87', 101, '61187163055');
INSERT INTO CUSTOMER_IDENTIFIERS (customer_id, identifier_id, identifier_value) values ('3cb81c78-af4d-4385-a3ae-e2139d4d4a87', 102, '628470045');
INSERT INTO CUSTOMER_ADDRESSES (address_id, customer_id, address_type, street_address, zip_code, city, country) values ('ff1252a1-4c81-45fa-ad65-93b6ad5dc0da', '3cb81c78-af4d-4385-a3ae-e2139d4d4a87', 'R', '2126 Greenholt Expressway', '55543-1293', 'Hackettside', 'Congo');
INSERT INTO CUSTOMER_ADDRESSES (address_id, customer_id, address_type, street_address, zip_code, city, country) values ('91a39ce6-560c-4406-b993-94d323562d1e', '3cb81c78-af4d-4385-a3ae-e2139d4d4a87', 'M', '3079 Debbra Coves', '67047', 'North Kristian', 'Guinea-Bissau');
INSERT INTO CUSTOMERS (id, first_name, last_name) values ('c6572cda-beeb-4577-a509-944e1bed1805', 'Alesia', 'Luettgen');
INSERT INTO CUSTOMER_IDENTIFIERS (customer_id, identifier_id, identifier_value) values ('c6572cda-beeb-4577-a509-944e1bed1805', 102, '076727177');
INSERT INTO CUSTOMER_ADDRESSES (address_id, customer_id, address_type, street_address, zip_code, city, country) values ('1a5bcac7-5c6d-41c4-b9c6-5ce12e90d57f', 'c6572cda-beeb-4577-a509-944e1bed1805', 'R', '796 Somer Fields', '35999', 'North Latonya', 'Monaco');
INSERT INTO CUSTOMERS (id, first_name, last_name) values ('e351a75a-9035-49f9-bbe3-f1bf3961c310', 'Eugenia', 'Koss');
INSERT INTO CUSTOMER_IDENTIFIERS (customer_id, identifier_id, identifier_value) values ('e351a75a-9035-49f9-bbe3-f1bf3961c310', 101, '13163886765');
INSERT INTO CUSTOMER_IDENTIFIERS (customer_id, identifier_id, identifier_value) values ('e351a75a-9035-49f9-bbe3-f1bf3961c310', 102, '890408324');
INSERT INTO CUSTOMER_ADDRESSES (address_id, customer_id, address_type, street_address, zip_code, city, country) values ('a074724f-127d-4632-8ac8-39441a2d8bbb', 'e351a75a-9035-49f9-bbe3-f1bf3961c310', 'R', '3674 Simon Walks', '56389-3587', 'Lienton', 'Honduras');
INSERT INTO CUSTOMERS (id, first_name, last_name) values ('973c8066-88f7-4bf4-844d-8791c4d7c2d6', 'Clementine', 'Huels');
INSERT INTO CUSTOMER_IDENTIFIERS (customer_id, identifier_id, identifier_value) values ('973c8066-88f7-4bf4-844d-8791c4d7c2d6', 101, '94182553467');
INSERT INTO CUSTOMER_IDENTIFIERS (customer_id, identifier_id, identifier_value) values ('973c8066-88f7-4bf4-844d-8791c4d7c2d6', 103, '595-380-35-47');
INSERT INTO CUSTOMER_ADDRESSES (address_id, customer_id, address_type, street_address, zip_code, city, country) values ('18a70a96-7015-4f3d-b536-b9c22d4ea0ec', '973c8066-88f7-4bf4-844d-8791c4d7c2d6', 'R', '6495 Watsica Summit', '06260-3205', 'New Josefine', 'Ecuador');
INSERT INTO CUSTOMERS (id, first_name, last_name) values ('31513108-0054-4ee8-9b2c-fec7242925fa', 'Eleni', 'Barrows');
INSERT INTO CUSTOMER_IDENTIFIERS (customer_id, identifier_id, identifier_value) values ('31513108-0054-4ee8-9b2c-fec7242925fa', 101, '20459586170');
INSERT INTO CUSTOMER_ADDRESSES (address_id, customer_id, address_type, street_address, zip_code, city, country) values ('5f434063-c44e-4e75-8596-91aa9ba49b19', '31513108-0054-4ee8-9b2c-fec7242925fa', 'R', '8697 Willms Track', '29222-4269', 'Port Inellshire', 'Guinea-Bissau');
INSERT INTO CUSTOMERS (id, first_name, last_name) values ('00cc07c3-1a40-4279-aaf0-03608318b28a', 'Branden', 'Stark');
INSERT INTO CUSTOMER_IDENTIFIERS (customer_id, identifier_id, identifier_value) values ('00cc07c3-1a40-4279-aaf0-03608318b28a', 101, '21043527830');
INSERT INTO CUSTOMER_IDENTIFIERS (customer_id, identifier_id, identifier_value) values ('00cc07c3-1a40-4279-aaf0-03608318b28a', 103, '060-055-46-62');
INSERT INTO CUSTOMER_ADDRESSES (address_id, customer_id, address_type, street_address, zip_code, city, country) values ('575dc59d-0500-4935-82ce-a6948c95a508', '00cc07c3-1a40-4279-aaf0-03608318b28a', 'R', '555 Balistreri Falls', '11225-8746', 'Bernardoborough', 'Benin');
INSERT INTO CUSTOMERS (id, first_name, last_name) values ('be3d2158-ed27-4268-84c2-1ac043932871', 'Homer', 'Quitzon');
INSERT INTO CUSTOMER_IDENTIFIERS (customer_id, identifier_id, identifier_value) values ('be3d2158-ed27-4268-84c2-1ac043932871', 102, '653607094');
INSERT INTO CUSTOMER_IDENTIFIERS (customer_id, identifier_id, identifier_value) values ('be3d2158-ed27-4268-84c2-1ac043932871', 103, '485-420-69-05');
INSERT INTO CUSTOMER_ADDRESSES (address_id, customer_id, address_type, street_address, zip_code, city, country) values ('35d385f8-676e-4ea6-b735-015a494e2712', 'be3d2158-ed27-4268-84c2-1ac043932871', 'R', '757 Witting Row', '72519-0610', 'East Yasminton', 'San Marino');
INSERT INTO CUSTOMERS (id, first_name, last_name) values ('601a1950-0eaa-484d-831d-88ade319a3ea', 'Tova', 'Huels');
INSERT INTO CUSTOMER_IDENTIFIERS (customer_id, identifier_id, identifier_value) values ('601a1950-0eaa-484d-831d-88ade319a3ea', 101, '49623782441');
INSERT INTO CUSTOMER_IDENTIFIERS (customer_id, identifier_id, identifier_value) values ('601a1950-0eaa-484d-831d-88ade319a3ea', 102, '465395850');
INSERT INTO CUSTOMER_IDENTIFIERS (customer_id, identifier_id, identifier_value) values ('601a1950-0eaa-484d-831d-88ade319a3ea', 103, '704-387-90-67');
INSERT INTO CUSTOMER_ADDRESSES (address_id, customer_id, address_type, street_address, zip_code, city, country) values ('725d234e-5b3b-40a2-832c-27641ab81249', '601a1950-0eaa-484d-831d-88ade319a3ea', 'R', '606 Christian Square', '85246-2035', 'Bodeport', 'Lebanon');
INSERT INTO CUSTOMER_ADDRESSES (address_id, customer_id, address_type, street_address, zip_code, city, country) values ('ac8e9306-b265-44aa-b363-cca8e8a7a365', '601a1950-0eaa-484d-831d-88ade319a3ea', 'M', '25252 Odell Isle', '14652', 'Adelebury', 'Zimbabwe');
INSERT INTO CUSTOMERS (id, first_name, last_name) values ('4ee09b05-0c99-425c-a278-9224c3a07df6', 'Patrica', 'Dickens');
INSERT INTO CUSTOMER_IDENTIFIERS (customer_id, identifier_id, identifier_value) values ('4ee09b05-0c99-425c-a278-9224c3a07df6', 102, '631305747');
INSERT INTO CUSTOMER_ADDRESSES (address_id, customer_id, address_type, street_address, zip_code, city, country) values ('887051e9-b3f8-4cfa-a847-3f4f93161652', '4ee09b05-0c99-425c-a278-9224c3a07df6', 'R', '46285 Vania Springs', '70562', 'Lake Ronny', 'Hungary');
INSERT INTO CUSTOMERS (id, first_name, last_name) values ('0b035bee-cf27-4753-a369-6a2e3936377d', 'Adrien', 'Gorczany');
INSERT INTO CUSTOMER_IDENTIFIERS (customer_id, identifier_id, identifier_value) values ('0b035bee-cf27-4753-a369-6a2e3936377d', 101, '70871506167');
INSERT INTO CUSTOMER_IDENTIFIERS (customer_id, identifier_id, identifier_value) values ('0b035bee-cf27-4753-a369-6a2e3936377d', 103, '094-032-96-01');
INSERT INTO CUSTOMER_ADDRESSES (address_id, customer_id, address_type, street_address, zip_code, city, country) values ('adfd1f3a-a6ff-45e2-a4fa-bef1bfb8d9e2', '0b035bee-cf27-4753-a369-6a2e3936377d', 'R', '891 Fabian Trace', '10087-8708', 'Faechester', 'Bosnia and Herzegovina');
INSERT INTO CUSTOMERS (id, first_name, last_name) values ('580b317b-a792-407c-af7d-a15124e04c91', 'Tyra', 'Mertz');
INSERT INTO CUSTOMER_IDENTIFIERS (customer_id, identifier_id, identifier_value) values ('580b317b-a792-407c-af7d-a15124e04c91', 103, '140-989-07-74');
INSERT INTO CUSTOMER_ADDRESSES (address_id, customer_id, address_type, street_address, zip_code, city, country) values ('7720a84a-06f5-4ca0-9635-2b338b693ef5', '580b317b-a792-407c-af7d-a15124e04c91', 'R', '090 Willie Street', '37542-1259', 'Preciousshire', 'Puerto Rico');
INSERT INTO CUSTOMERS (id, first_name, last_name) values ('526142f7-7879-4a59-bb80-e19705ef6b5c', 'Lakisha', 'Dare');
INSERT INTO CUSTOMER_IDENTIFIERS (customer_id, identifier_id, identifier_value) values ('526142f7-7879-4a59-bb80-e19705ef6b5c', 101, '01798289443');
INSERT INTO CUSTOMER_ADDRESSES (address_id, customer_id, address_type, street_address, zip_code, city, country) values ('bc6db595-b94e-47f8-b978-3e2a3e588638', '526142f7-7879-4a59-bb80-e19705ef6b5c', 'R', '840 Zulauf Groves', '90621', 'Michealton', 'France');
INSERT INTO CUSTOMER_ADDRESSES (address_id, customer_id, address_type, street_address, zip_code, city, country) values ('768d91e4-9434-4c59-b4f8-b61fa7d35847', '526142f7-7879-4a59-bb80-e19705ef6b5c', 'M', '115 Elias Meadows', '84048', 'Lake Nakia', 'Pitcairn Islands');
INSERT INTO CUSTOMERS (id, first_name, last_name) values ('d07f258b-d77b-4b7b-b1e4-08468c1d1382', 'Alecia', 'Friesen');
INSERT INTO CUSTOMER_IDENTIFIERS (customer_id, identifier_id, identifier_value) values ('d07f258b-d77b-4b7b-b1e4-08468c1d1382', 101, '74525860907');
INSERT INTO CUSTOMER_IDENTIFIERS (customer_id, identifier_id, identifier_value) values ('d07f258b-d77b-4b7b-b1e4-08468c1d1382', 103, '162-638-85-63');
INSERT INTO CUSTOMER_ADDRESSES (address_id, customer_id, address_type, street_address, zip_code, city, country) values ('d8d84691-a378-4605-883c-046d02baa1f2', 'd07f258b-d77b-4b7b-b1e4-08468c1d1382', 'R', '94860 Juli Villages', '30339', 'New Veliaport', 'Angola');
INSERT INTO CUSTOMER_ADDRESSES (address_id, customer_id, address_type, street_address, zip_code, city, country) values ('0f701074-8983-4db3-81dd-d08e786a8807', 'd07f258b-d77b-4b7b-b1e4-08468c1d1382', 'M', '0722 Swaniawski Mews', '76524-4858', 'East Erikamouth', 'United States of America');
INSERT INTO CUSTOMERS (id, first_name, last_name) values ('a2fc1232-ccbd-4bfd-b0e8-6fe16062f63f', 'Francene', 'Botsford');
INSERT INTO CUSTOMER_IDENTIFIERS (customer_id, identifier_id, identifier_value) values ('a2fc1232-ccbd-4bfd-b0e8-6fe16062f63f', 101, '79041317259');
INSERT INTO CUSTOMER_IDENTIFIERS (customer_id, identifier_id, identifier_value) values ('a2fc1232-ccbd-4bfd-b0e8-6fe16062f63f', 102, '616319574');
INSERT INTO CUSTOMER_IDENTIFIERS (customer_id, identifier_id, identifier_value) values ('a2fc1232-ccbd-4bfd-b0e8-6fe16062f63f', 103, '398-059-03-28');
INSERT INTO CUSTOMER_ADDRESSES (address_id, customer_id, address_type, street_address, zip_code, city, country) values ('a9968812-324a-4d51-bfbf-f81a762f6ab0', 'a2fc1232-ccbd-4bfd-b0e8-6fe16062f63f', 'R', '8803 Evelynn Row', '03958', 'Kelleyhaven', 'Cameroon');
INSERT INTO CUSTOMER_ADDRESSES (address_id, customer_id, address_type, street_address, zip_code, city, country) values ('92028817-d0bc-4954-be58-8123026ce419', 'a2fc1232-ccbd-4bfd-b0e8-6fe16062f63f', 'M', '8977 Wm Locks', '37032', 'Pourosfurt', 'American Samoa');
INSERT INTO CUSTOMERS (id, first_name, last_name) values ('8f60175c-d8b6-4cbb-8d78-7703978ec9c0', 'Brandon', 'Hansen');
INSERT INTO CUSTOMER_IDENTIFIERS (customer_id, identifier_id, identifier_value) values ('8f60175c-d8b6-4cbb-8d78-7703978ec9c0', 101, '06766389650');
INSERT INTO CUSTOMER_IDENTIFIERS (customer_id, identifier_id, identifier_value) values ('8f60175c-d8b6-4cbb-8d78-7703978ec9c0', 102, '806416117');
INSERT INTO CUSTOMER_IDENTIFIERS (customer_id, identifier_id, identifier_value) values ('8f60175c-d8b6-4cbb-8d78-7703978ec9c0', 103, '215-966-82-47');
INSERT INTO CUSTOMER_ADDRESSES (address_id, customer_id, address_type, street_address, zip_code, city, country) values ('62c122a5-3ee1-4140-80da-66fb46bac30e', '8f60175c-d8b6-4cbb-8d78-7703978ec9c0', 'R', '64591 Michelle Street', '38475-8448', 'Vanessashire', 'Anguilla');
INSERT INTO CUSTOMERS (id, first_name, last_name) values ('909b3bfa-6224-4534-8854-5e11a0a174b3', 'Rick', 'Breitenberg');
INSERT INTO CUSTOMER_IDENTIFIERS (customer_id, identifier_id, identifier_value) values ('909b3bfa-6224-4534-8854-5e11a0a174b3', 101, '42508466961');
INSERT INTO CUSTOMER_IDENTIFIERS (customer_id, identifier_id, identifier_value) values ('909b3bfa-6224-4534-8854-5e11a0a174b3', 103, '834-214-51-03');
INSERT INTO CUSTOMER_ADDRESSES (address_id, customer_id, address_type, street_address, zip_code, city, country) values ('18837f99-1bb2-47a4-bac4-858b4ca7b85a', '909b3bfa-6224-4534-8854-5e11a0a174b3', 'R', '148 Cruickshank Grove', '62837', 'Lake Rossberg', 'South Georgia and the South Sandwich Islands');
INSERT INTO CUSTOMERS (id, first_name, last_name) values ('657d15a7-d662-485f-b833-1e0550377099', 'Elmo', 'Grant');
INSERT INTO CUSTOMER_IDENTIFIERS (customer_id, identifier_id, identifier_value) values ('657d15a7-d662-485f-b833-1e0550377099', 102, '488013204');
INSERT INTO CUSTOMER_IDENTIFIERS (customer_id, identifier_id, identifier_value) values ('657d15a7-d662-485f-b833-1e0550377099', 103, '798-901-00-62');
INSERT INTO CUSTOMER_ADDRESSES (address_id, customer_id, address_type, street_address, zip_code, city, country) values ('eebcdcb6-1584-430f-8a31-36882cdd77da', '657d15a7-d662-485f-b833-1e0550377099', 'R', '7796 Dong Street', '32717-6106', 'Kristyborough', 'San Marino');
INSERT INTO CUSTOMER_ADDRESSES (address_id, customer_id, address_type, street_address, zip_code, city, country) values ('53be9965-98a8-4ed6-a2fe-c5e6a8e48485', '657d15a7-d662-485f-b833-1e0550377099', 'M', '509 Maximo River', '20280', 'Port Galeville', 'Mexico');
INSERT INTO CUSTOMERS (id, first_name, last_name) values ('72223fb1-4fc5-4ddc-80bb-33b6878b01ec', 'Palmer', 'Cummings');
INSERT INTO CUSTOMER_IDENTIFIERS (customer_id, identifier_id, identifier_value) values ('72223fb1-4fc5-4ddc-80bb-33b6878b01ec', 101, '43596616196');
INSERT INTO CUSTOMER_IDENTIFIERS (customer_id, identifier_id, identifier_value) values ('72223fb1-4fc5-4ddc-80bb-33b6878b01ec', 103, '941-257-72-39');
INSERT INTO CUSTOMER_ADDRESSES (address_id, customer_id, address_type, street_address, zip_code, city, country) values ('e19fa25a-ee74-4242-b3e8-66666d84bf73', '72223fb1-4fc5-4ddc-80bb-33b6878b01ec', 'R', '1307 O''Keefe Greens', '65572', 'Pagacview', 'Greenland');
INSERT INTO CUSTOMER_ADDRESSES (address_id, customer_id, address_type, street_address, zip_code, city, country) values ('737e9ed8-bd90-4825-a1e4-1a3bb413272a', '72223fb1-4fc5-4ddc-80bb-33b6878b01ec', 'M', '8158 Maximo Summit', '78259-1665', 'Bernierberg', 'Portugal');
INSERT INTO CUSTOMERS (id, first_name, last_name) values ('c0ddebe7-b2c1-4d06-b69d-2581bde29737', 'Mackenzie', 'Bahringer');
INSERT INTO CUSTOMER_IDENTIFIERS (customer_id, identifier_id, identifier_value) values ('c0ddebe7-b2c1-4d06-b69d-2581bde29737', 101, '13651993266');
INSERT INTO CUSTOMER_IDENTIFIERS (customer_id, identifier_id, identifier_value) values ('c0ddebe7-b2c1-4d06-b69d-2581bde29737', 102, '402621760');
INSERT INTO CUSTOMER_IDENTIFIERS (customer_id, identifier_id, identifier_value) values ('c0ddebe7-b2c1-4d06-b69d-2581bde29737', 103, '502-192-40-86');
INSERT INTO CUSTOMER_ADDRESSES (address_id, customer_id, address_type, street_address, zip_code, city, country) values ('f9af4525-002e-419d-bd42-fd81f2941184', 'c0ddebe7-b2c1-4d06-b69d-2581bde29737', 'R', '9452 Alleen Valleys', '03145-2167', 'Lake Paulton', 'Peru');
INSERT INTO CUSTOMERS (id, first_name, last_name) values ('f033ce7f-e882-433f-aef5-95cb0f2e905f', 'Thomas', 'Cassin');
INSERT INTO CUSTOMER_IDENTIFIERS (customer_id, identifier_id, identifier_value) values ('f033ce7f-e882-433f-aef5-95cb0f2e905f', 103, '666-985-40-14');
INSERT INTO CUSTOMER_ADDRESSES (address_id, customer_id, address_type, street_address, zip_code, city, country) values ('de1df7b1-d474-4cd2-8530-d285bcc48051', 'f033ce7f-e882-433f-aef5-95cb0f2e905f', 'R', '76464 Hansen Common', '59070', 'Rodrigoton', 'Heard Island and McDonald Islands');
INSERT INTO CUSTOMER_ADDRESSES (address_id, customer_id, address_type, street_address, zip_code, city, country) values ('d29930f5-8ec1-4650-a173-e285f64f8d90', 'f033ce7f-e882-433f-aef5-95cb0f2e905f', 'M', '06730 Tawanna Parks', '56064-8448', 'Vikkibury', 'Ghana');
INSERT INTO CUSTOMERS (id, first_name, last_name) values ('2378765f-65ab-428e-a1e2-540fe2f99132', 'Prince', 'Rogahn');
INSERT INTO CUSTOMER_IDENTIFIERS (customer_id, identifier_id, identifier_value) values ('2378765f-65ab-428e-a1e2-540fe2f99132', 102, '979692476');
INSERT INTO CUSTOMER_ADDRESSES (address_id, customer_id, address_type, street_address, zip_code, city, country) values ('5b7ff6de-ec6e-4c30-b17c-66ee93bbd8c9', '2378765f-65ab-428e-a1e2-540fe2f99132', 'R', '397 Roberts Coves', '60654-1944', 'Albertoborough', 'Guyana');
INSERT INTO CUSTOMERS (id, first_name, last_name) values ('79714585-231d-4c63-bb68-4abd0a2ff141', 'Lenny', 'Schoen');
INSERT INTO CUSTOMER_IDENTIFIERS (customer_id, identifier_id, identifier_value) values ('79714585-231d-4c63-bb68-4abd0a2ff141', 101, '01740229961');
INSERT INTO CUSTOMER_IDENTIFIERS (customer_id, identifier_id, identifier_value) values ('79714585-231d-4c63-bb68-4abd0a2ff141', 102, '800942722');
INSERT INTO CUSTOMER_IDENTIFIERS (customer_id, identifier_id, identifier_value) values ('79714585-231d-4c63-bb68-4abd0a2ff141', 103, '888-808-19-15');
INSERT INTO CUSTOMER_ADDRESSES (address_id, customer_id, address_type, street_address, zip_code, city, country) values ('45a4cc76-533b-42ee-a86f-bab72b6f3a81', '79714585-231d-4c63-bb68-4abd0a2ff141', 'R', '2877 Mraz Greens', '13169-0446', 'New Clifton', 'Paraguay');
INSERT INTO CUSTOMERS (id, first_name, last_name) values ('036e7eb5-dc59-46e8-8a62-159e4709c64a', 'Kathie', 'Murray');
INSERT INTO CUSTOMER_IDENTIFIERS (customer_id, identifier_id, identifier_value) values ('036e7eb5-dc59-46e8-8a62-159e4709c64a', 101, '62492558906');
INSERT INTO CUSTOMER_IDENTIFIERS (customer_id, identifier_id, identifier_value) values ('036e7eb5-dc59-46e8-8a62-159e4709c64a', 103, '365-631-04-20');
INSERT INTO CUSTOMER_ADDRESSES (address_id, customer_id, address_type, street_address, zip_code, city, country) values ('1f229e0e-fa1e-4338-8b6d-b0f439b642ce', '036e7eb5-dc59-46e8-8a62-159e4709c64a', 'R', '7207 Selma Grove', '35810', 'Vincefurt', 'Comoros');
INSERT INTO CUSTOMERS (id, first_name, last_name) values ('fd9638e5-1d1f-4a8c-b873-c2f9af5210c9', 'Benny', 'Runolfsson');
INSERT INTO CUSTOMER_IDENTIFIERS (customer_id, identifier_id, identifier_value) values ('fd9638e5-1d1f-4a8c-b873-c2f9af5210c9', 101, '95771042451');
INSERT INTO CUSTOMER_IDENTIFIERS (customer_id, identifier_id, identifier_value) values ('fd9638e5-1d1f-4a8c-b873-c2f9af5210c9', 103, '836-059-26-56');
INSERT INTO CUSTOMER_ADDRESSES (address_id, customer_id, address_type, street_address, zip_code, city, country) values ('139ee131-0eca-451a-b70a-3c9887df0457', 'fd9638e5-1d1f-4a8c-b873-c2f9af5210c9', 'R', '356 Haag Coves', '42449', 'Port Frankiestad', 'Estonia');
INSERT INTO CUSTOMERS (id, first_name, last_name) values ('f9b2467c-f18f-42f1-b16d-6f96db85cef5', 'Zackary', 'Zieme');
INSERT INTO CUSTOMER_IDENTIFIERS (customer_id, identifier_id, identifier_value) values ('f9b2467c-f18f-42f1-b16d-6f96db85cef5', 101, '58085469213');
INSERT INTO CUSTOMER_IDENTIFIERS (customer_id, identifier_id, identifier_value) values ('f9b2467c-f18f-42f1-b16d-6f96db85cef5', 103, '923-792-89-66');
INSERT INTO CUSTOMER_ADDRESSES (address_id, customer_id, address_type, street_address, zip_code, city, country) values ('20949f3c-7e24-4913-aca3-aabf8f20e5da', 'f9b2467c-f18f-42f1-b16d-6f96db85cef5', 'R', '74863 Hahn Alley', '62839', 'East Shaynaborough', 'Netherlands Antilles');
INSERT INTO CUSTOMERS (id, first_name, last_name) values ('d93bf90b-1932-4dd9-89a7-a2dea2910250', 'Carrol', 'Ledner');
INSERT INTO CUSTOMER_IDENTIFIERS (customer_id, identifier_id, identifier_value) values ('d93bf90b-1932-4dd9-89a7-a2dea2910250', 101, '68192820969');
INSERT INTO CUSTOMER_IDENTIFIERS (customer_id, identifier_id, identifier_value) values ('d93bf90b-1932-4dd9-89a7-a2dea2910250', 102, '807927589');
INSERT INTO CUSTOMER_IDENTIFIERS (customer_id, identifier_id, identifier_value) values ('d93bf90b-1932-4dd9-89a7-a2dea2910250', 103, '053-193-46-36');
INSERT INTO CUSTOMER_ADDRESSES (address_id, customer_id, address_type, street_address, zip_code, city, country) values ('164a598a-6f93-4a63-8c56-f394a9342e84', 'd93bf90b-1932-4dd9-89a7-a2dea2910250', 'R', '8241 Witting Causeway', '10650-7573', 'East Mariselaburgh', 'Christmas Island');
INSERT INTO CUSTOMERS (id, first_name, last_name) values ('2debfc66-7384-4e68-95d6-97e2471c51a1', 'Celia', 'Larkin');
INSERT INTO CUSTOMER_IDENTIFIERS (customer_id, identifier_id, identifier_value) values ('2debfc66-7384-4e68-95d6-97e2471c51a1', 102, '902198334');
INSERT INTO CUSTOMER_ADDRESSES (address_id, customer_id, address_type, street_address, zip_code, city, country) values ('bbfb9867-6e41-40a5-ba44-309120946b4c', '2debfc66-7384-4e68-95d6-97e2471c51a1', 'R', '516 Marylin Summit', '55206-7625', 'East Lena', 'Zimbabwe');
INSERT INTO CUSTOMER_ADDRESSES (address_id, customer_id, address_type, street_address, zip_code, city, country) values ('1cf4541f-78fd-4404-bfa0-30ce2289f128', '2debfc66-7384-4e68-95d6-97e2471c51a1', 'M', '7619 Botsford Track', '86715', 'Strackeport', 'Niger');
INSERT INTO CUSTOMERS (id, first_name, last_name) values ('c5ae465d-f30c-402c-8881-36d69e1249c4', 'Verline', 'Erdman');
INSERT INTO CUSTOMER_IDENTIFIERS (customer_id, identifier_id, identifier_value) values ('c5ae465d-f30c-402c-8881-36d69e1249c4', 102, '456300054');
INSERT INTO CUSTOMER_IDENTIFIERS (customer_id, identifier_id, identifier_value) values ('c5ae465d-f30c-402c-8881-36d69e1249c4', 103, '172-888-47-46');
INSERT INTO CUSTOMER_ADDRESSES (address_id, customer_id, address_type, street_address, zip_code, city, country) values ('52f318a7-b738-455d-9786-aec0066ceb29', 'c5ae465d-f30c-402c-8881-36d69e1249c4', 'R', '581 Ozella Stream', '65769', 'Mannshire', 'Saint Pierre and Miquelon');
INSERT INTO CUSTOMER_ADDRESSES (address_id, customer_id, address_type, street_address, zip_code, city, country) values ('99788317-fddd-4d5e-98c1-b8bdef0376ca', 'c5ae465d-f30c-402c-8881-36d69e1249c4', 'M', '4757 Franklyn Shoals', '23015-5299', 'North Hobertstad', 'Bangladesh');
INSERT INTO CUSTOMERS (id, first_name, last_name) values ('5110ae43-03f0-42c4-8975-0b6d077afe7e', 'Angelo', 'Lockman');
INSERT INTO CUSTOMER_IDENTIFIERS (customer_id, identifier_id, identifier_value) values ('5110ae43-03f0-42c4-8975-0b6d077afe7e', 101, '86199542521');
INSERT INTO CUSTOMER_IDENTIFIERS (customer_id, identifier_id, identifier_value) values ('5110ae43-03f0-42c4-8975-0b6d077afe7e', 102, '493943680');
INSERT INTO CUSTOMER_IDENTIFIERS (customer_id, identifier_id, identifier_value) values ('5110ae43-03f0-42c4-8975-0b6d077afe7e', 103, '974-790-31-20');
INSERT INTO CUSTOMER_ADDRESSES (address_id, customer_id, address_type, street_address, zip_code, city, country) values ('2eb221d4-23a3-4941-a0d3-2af2f40aea24', '5110ae43-03f0-42c4-8975-0b6d077afe7e', 'R', '728 Moen Row', '84514', 'South Eulahton', 'Niue');
INSERT INTO CUSTOMER_ADDRESSES (address_id, customer_id, address_type, street_address, zip_code, city, country) values ('bef6854d-75e9-4bba-bb62-d5700609c7cf', '5110ae43-03f0-42c4-8975-0b6d077afe7e', 'M', '9237 Kunze Square', '02560', 'West Emmieville', 'Madagascar');
INSERT INTO CUSTOMERS (id, first_name, last_name) values ('ec52f517-1d91-444d-94f5-44914377154d', 'Noelia', 'Farrell');
INSERT INTO CUSTOMER_IDENTIFIERS (customer_id, identifier_id, identifier_value) values ('ec52f517-1d91-444d-94f5-44914377154d', 101, '05821722842');
INSERT INTO CUSTOMER_IDENTIFIERS (customer_id, identifier_id, identifier_value) values ('ec52f517-1d91-444d-94f5-44914377154d', 102, '121207810');
INSERT INTO CUSTOMER_ADDRESSES (address_id, customer_id, address_type, street_address, zip_code, city, country) values ('3efd7d68-2435-4f56-a885-3fac2311a958', 'ec52f517-1d91-444d-94f5-44914377154d', 'R', '279 Melani Square', '07062', 'West Jesusville', 'Eritrea');
INSERT INTO CUSTOMERS (id, first_name, last_name) values ('66e47f33-6c2f-45ae-87ad-a36572d6171d', 'Quinton', 'Schowalter');
INSERT INTO CUSTOMER_IDENTIFIERS (customer_id, identifier_id, identifier_value) values ('66e47f33-6c2f-45ae-87ad-a36572d6171d', 101, '85296313279');
INSERT INTO CUSTOMER_IDENTIFIERS (customer_id, identifier_id, identifier_value) values ('66e47f33-6c2f-45ae-87ad-a36572d6171d', 103, '575-883-57-84');
INSERT INTO CUSTOMER_ADDRESSES (address_id, customer_id, address_type, street_address, zip_code, city, country) values ('54749cdb-d84d-46c2-9d27-1f60d4e5d35a', '66e47f33-6c2f-45ae-87ad-a36572d6171d', 'R', '06925 Emmanuel Terrace', '79595-8464', 'Rosemarieland', 'Estonia');
INSERT INTO CUSTOMERS (id, first_name, last_name) values ('2b156cb1-7e35-4a9a-8dbd-300397870692', 'Kasha', 'Bailey');
INSERT INTO CUSTOMER_IDENTIFIERS (customer_id, identifier_id, identifier_value) values ('2b156cb1-7e35-4a9a-8dbd-300397870692', 101, '02461187934');
INSERT INTO CUSTOMER_IDENTIFIERS (customer_id, identifier_id, identifier_value) values ('2b156cb1-7e35-4a9a-8dbd-300397870692', 103, '827-444-19-21');
INSERT INTO CUSTOMER_ADDRESSES (address_id, customer_id, address_type, street_address, zip_code, city, country) values ('74c427b8-a286-45c2-a038-00844f06cdf1', '2b156cb1-7e35-4a9a-8dbd-300397870692', 'R', '81656 Metz Manors', '12761-3096', 'East Ramonafurt', 'Italy');
INSERT INTO CUSTOMER_ADDRESSES (address_id, customer_id, address_type, street_address, zip_code, city, country) values ('b549af51-2c04-4b6b-835f-38c314227000', '2b156cb1-7e35-4a9a-8dbd-300397870692', 'M', '330 Rosenbaum Fields', '72603-6305', 'West Goldieburgh', 'Kenya');
INSERT INTO CUSTOMERS (id, first_name, last_name) values ('a3745326-2245-4afd-b0b3-39f634e24869', 'Cassie', 'Marquardt');
INSERT INTO CUSTOMER_IDENTIFIERS (customer_id, identifier_id, identifier_value) values ('a3745326-2245-4afd-b0b3-39f634e24869', 101, '85304860620');
INSERT INTO CUSTOMER_IDENTIFIERS (customer_id, identifier_id, identifier_value) values ('a3745326-2245-4afd-b0b3-39f634e24869', 102, '386198238');
INSERT INTO CUSTOMER_ADDRESSES (address_id, customer_id, address_type, street_address, zip_code, city, country) values ('b4071e4a-1b07-43a5-8e82-6115ae2d3e97', 'a3745326-2245-4afd-b0b3-39f634e24869', 'R', '58895 Earnest Skyway', '90445', 'Homermouth', 'Bermuda');
INSERT INTO CUSTOMERS (id, first_name, last_name) values ('bc2dd7dc-849a-4279-9409-63a74f068fdf', 'Burton', 'Bailey');
INSERT INTO CUSTOMER_IDENTIFIERS (customer_id, identifier_id, identifier_value) values ('bc2dd7dc-849a-4279-9409-63a74f068fdf', 101, '05910014072');
INSERT INTO CUSTOMER_IDENTIFIERS (customer_id, identifier_id, identifier_value) values ('bc2dd7dc-849a-4279-9409-63a74f068fdf', 102, '432393559');
INSERT INTO CUSTOMER_IDENTIFIERS (customer_id, identifier_id, identifier_value) values ('bc2dd7dc-849a-4279-9409-63a74f068fdf', 103, '695-355-76-74');
INSERT INTO CUSTOMER_ADDRESSES (address_id, customer_id, address_type, street_address, zip_code, city, country) values ('b5591fc2-da8d-41a0-80d5-efb90e505918', 'bc2dd7dc-849a-4279-9409-63a74f068fdf', 'R', '9909 Carmine Streets', '10947', 'Marcoshire', 'Cape Verde');
INSERT INTO CUSTOMER_ADDRESSES (address_id, customer_id, address_type, street_address, zip_code, city, country) values ('81ab0a04-8732-4eb6-b121-3fa006988ec3', 'bc2dd7dc-849a-4279-9409-63a74f068fdf', 'M', '702 Wintheiser Key', '40794-4704', 'West Rockyport', 'Algeria');
INSERT INTO CUSTOMERS (id, first_name, last_name) values ('17bed576-6654-4283-8e6c-454060198add', 'Jeannie', 'Mraz');
INSERT INTO CUSTOMER_IDENTIFIERS (customer_id, identifier_id, identifier_value) values ('17bed576-6654-4283-8e6c-454060198add', 102, '902946145');
INSERT INTO CUSTOMER_IDENTIFIERS (customer_id, identifier_id, identifier_value) values ('17bed576-6654-4283-8e6c-454060198add', 103, '942-837-68-61');
INSERT INTO CUSTOMER_ADDRESSES (address_id, customer_id, address_type, street_address, zip_code, city, country) values ('4796a5c0-ac82-4bee-b018-76b942cb0b15', '17bed576-6654-4283-8e6c-454060198add', 'R', '499 Bobby Union', '37249-0236', 'New Malisa', 'Central African Republic');
INSERT INTO CUSTOMERS (id, first_name, last_name) values ('4cf27fb0-f214-43ce-98c6-2f0c4832ad5e', 'Wiley', 'Prosacco');
INSERT INTO CUSTOMER_IDENTIFIERS (customer_id, identifier_id, identifier_value) values ('4cf27fb0-f214-43ce-98c6-2f0c4832ad5e', 101, '39610764161');
INSERT INTO CUSTOMER_ADDRESSES (address_id, customer_id, address_type, street_address, zip_code, city, country) values ('7bd10616-374e-4b3e-9eae-c16182bb5c91', '4cf27fb0-f214-43ce-98c6-2f0c4832ad5e', 'R', '228 Jessenia Crossing', '20315-4767', 'Stammberg', 'Uganda');
INSERT INTO CUSTOMERS (id, first_name, last_name) values ('8444a64e-2407-4403-8c4b-417126a5a55b', 'Chung', 'Maggio');
INSERT INTO CUSTOMER_IDENTIFIERS (customer_id, identifier_id, identifier_value) values ('8444a64e-2407-4403-8c4b-417126a5a55b', 102, '198464747');
INSERT INTO CUSTOMER_ADDRESSES (address_id, customer_id, address_type, street_address, zip_code, city, country) values ('2bd87194-a276-4af8-8ca9-0c3224ff8f79', '8444a64e-2407-4403-8c4b-417126a5a55b', 'R', '275 Brekke Burgs', '91967-9391', 'Lake Demarcus', 'Maldives');
INSERT INTO CUSTOMERS (id, first_name, last_name) values ('b2f4767b-24e9-4759-bc21-210bc4c6cdba', 'Karen', 'Hammes');
INSERT INTO CUSTOMER_IDENTIFIERS (customer_id, identifier_id, identifier_value) values ('b2f4767b-24e9-4759-bc21-210bc4c6cdba', 102, '642574822');
INSERT INTO CUSTOMER_IDENTIFIERS (customer_id, identifier_id, identifier_value) values ('b2f4767b-24e9-4759-bc21-210bc4c6cdba', 103, '838-089-60-40');
INSERT INTO CUSTOMER_ADDRESSES (address_id, customer_id, address_type, street_address, zip_code, city, country) values ('2e08c8d1-a7f6-49f2-8c89-2fc90189522d', 'b2f4767b-24e9-4759-bc21-210bc4c6cdba', 'R', '326 Huel Centers', '39923-7603', 'Port Camillaton', 'Belgium');
INSERT INTO CUSTOMER_ADDRESSES (address_id, customer_id, address_type, street_address, zip_code, city, country) values ('2bbcec01-b339-4375-8ab0-7b370b42c3c6', 'b2f4767b-24e9-4759-bc21-210bc4c6cdba', 'M', '9450 Schultz Rapids', '31746', 'Verlinebury', 'Poland');
INSERT INTO CUSTOMERS (id, first_name, last_name) values ('1c6757f0-e553-481a-b4d7-ce5d25109892', 'Angele', 'Bechtelar');
INSERT INTO CUSTOMER_IDENTIFIERS (customer_id, identifier_id, identifier_value) values ('1c6757f0-e553-481a-b4d7-ce5d25109892', 101, '06768051023');
INSERT INTO CUSTOMER_IDENTIFIERS (customer_id, identifier_id, identifier_value) values ('1c6757f0-e553-481a-b4d7-ce5d25109892', 102, '076098703');
INSERT INTO CUSTOMER_IDENTIFIERS (customer_id, identifier_id, identifier_value) values ('1c6757f0-e553-481a-b4d7-ce5d25109892', 103, '527-463-28-86');
INSERT INTO CUSTOMER_ADDRESSES (address_id, customer_id, address_type, street_address, zip_code, city, country) values ('ac7c9a03-a3f2-44dd-a58a-b1c6e818f478', '1c6757f0-e553-481a-b4d7-ce5d25109892', 'R', '135 Zulauf Dam', '58563-4370', 'East Aguedamouth', 'Sri Lanka');
INSERT INTO CUSTOMERS (id, first_name, last_name) values ('9efcf7ea-0eb3-4584-ab30-eda497e68c6e', 'Giovanni', 'Gulgowski');
INSERT INTO CUSTOMER_IDENTIFIERS (customer_id, identifier_id, identifier_value) values ('9efcf7ea-0eb3-4584-ab30-eda497e68c6e', 101, '50018761313');
INSERT INTO CUSTOMER_IDENTIFIERS (customer_id, identifier_id, identifier_value) values ('9efcf7ea-0eb3-4584-ab30-eda497e68c6e', 102, '584180562');
INSERT INTO CUSTOMER_IDENTIFIERS (customer_id, identifier_id, identifier_value) values ('9efcf7ea-0eb3-4584-ab30-eda497e68c6e', 103, '608-801-43-27');
INSERT INTO CUSTOMER_ADDRESSES (address_id, customer_id, address_type, street_address, zip_code, city, country) values ('4b1a0ba1-1eba-4b45-9023-b568c4e54a36', '9efcf7ea-0eb3-4584-ab30-eda497e68c6e', 'R', '07205 Aufderhar Square', '92536-7947', 'South Raleighville', 'Malawi');
INSERT INTO CUSTOMERS (id, first_name, last_name) values ('6a246398-6c67-4499-9533-c4e286b8c166', 'Jeremiah', 'Harber');
INSERT INTO CUSTOMER_IDENTIFIERS (customer_id, identifier_id, identifier_value) values ('6a246398-6c67-4499-9533-c4e286b8c166', 102, '276710008');
INSERT INTO CUSTOMER_ADDRESSES (address_id, customer_id, address_type, street_address, zip_code, city, country) values ('db023db5-2f3c-4007-b6b1-843b16e45cd0', '6a246398-6c67-4499-9533-c4e286b8c166', 'R', '4529 Carrol Turnpike', '73270-5018', 'Gutkowskifort', 'Bulgaria');
INSERT INTO CUSTOMERS (id, first_name, last_name) values ('0c145fab-d532-4847-8547-8025f8b519b3', 'Maynard', 'Witting');
INSERT INTO CUSTOMER_IDENTIFIERS (customer_id, identifier_id, identifier_value) values ('0c145fab-d532-4847-8547-8025f8b519b3', 101, '46582953805');
INSERT INTO CUSTOMER_IDENTIFIERS (customer_id, identifier_id, identifier_value) values ('0c145fab-d532-4847-8547-8025f8b519b3', 102, '481407527');
INSERT INTO CUSTOMER_IDENTIFIERS (customer_id, identifier_id, identifier_value) values ('0c145fab-d532-4847-8547-8025f8b519b3', 103, '282-100-53-56');
INSERT INTO CUSTOMER_ADDRESSES (address_id, customer_id, address_type, street_address, zip_code, city, country) values ('3c3b744d-ba20-434d-96b7-bb3bd69e5219', '0c145fab-d532-4847-8547-8025f8b519b3', 'R', '7333 Shannan Lodge', '04045', 'Chiekoborough', 'Iceland');
INSERT INTO CUSTOMERS (id, first_name, last_name) values ('65b38b52-966f-4631-b0b8-115dd0320502', 'Gayle', 'Wyman');
INSERT INTO CUSTOMER_IDENTIFIERS (customer_id, identifier_id, identifier_value) values ('65b38b52-966f-4631-b0b8-115dd0320502', 102, '085464496');
INSERT INTO CUSTOMER_ADDRESSES (address_id, customer_id, address_type, street_address, zip_code, city, country) values ('cea637c4-89b4-434b-b24c-5bd9223ee4cb', '65b38b52-966f-4631-b0b8-115dd0320502', 'R', '125 Dicki Radial', '94066', 'Lake Twanaport', 'Lao People''s Democratic Republic');
INSERT INTO CUSTOMERS (id, first_name, last_name) values ('82424978-845f-40a8-84a1-6eb7019e3ab9', 'Ora', 'Brakus');
INSERT INTO CUSTOMER_IDENTIFIERS (customer_id, identifier_id, identifier_value) values ('82424978-845f-40a8-84a1-6eb7019e3ab9', 101, '05332850454');
INSERT INTO CUSTOMER_IDENTIFIERS (customer_id, identifier_id, identifier_value) values ('82424978-845f-40a8-84a1-6eb7019e3ab9', 103, '340-434-28-53');
INSERT INTO CUSTOMER_ADDRESSES (address_id, customer_id, address_type, street_address, zip_code, city, country) values ('f5997254-41e6-4627-ac38-afbe6e0896c6', '82424978-845f-40a8-84a1-6eb7019e3ab9', 'R', '987 Paucek Wells', '22367-0718', 'East Wilfordborough', 'British Indian Ocean Territory (Chagos Archipelago)');
INSERT INTO CUSTOMERS (id, first_name, last_name) values ('36bb54c6-385d-4b63-b39a-5578bfcb03b8', 'Phuong', 'Jacobs');
INSERT INTO CUSTOMER_IDENTIFIERS (customer_id, identifier_id, identifier_value) values ('36bb54c6-385d-4b63-b39a-5578bfcb03b8', 102, '016149994');
INSERT INTO CUSTOMER_IDENTIFIERS (customer_id, identifier_id, identifier_value) values ('36bb54c6-385d-4b63-b39a-5578bfcb03b8', 103, '498-226-97-37');
INSERT INTO CUSTOMER_ADDRESSES (address_id, customer_id, address_type, street_address, zip_code, city, country) values ('17ab7103-1ea2-4425-a0d5-d3ddf2daca87', '36bb54c6-385d-4b63-b39a-5578bfcb03b8', 'R', '1582 Marcos Court', '97912', 'New Marionchester', 'Virgin Islands, British');
INSERT INTO CUSTOMER_ADDRESSES (address_id, customer_id, address_type, street_address, zip_code, city, country) values ('867760f1-4a37-41b4-84e7-623687318055', '36bb54c6-385d-4b63-b39a-5578bfcb03b8', 'M', '49365 Season Locks', '88365', 'Port Britt', 'Sao Tome and Principe');
INSERT INTO CUSTOMERS (id, first_name, last_name) values ('5e31cc6c-011a-4b22-bc5a-b590c19ae917', 'Jeremy', 'Huels');
INSERT INTO CUSTOMER_IDENTIFIERS (customer_id, identifier_id, identifier_value) values ('5e31cc6c-011a-4b22-bc5a-b590c19ae917', 101, '18078818552');
INSERT INTO CUSTOMER_IDENTIFIERS (customer_id, identifier_id, identifier_value) values ('5e31cc6c-011a-4b22-bc5a-b590c19ae917', 102, '840820233');
INSERT INTO CUSTOMER_IDENTIFIERS (customer_id, identifier_id, identifier_value) values ('5e31cc6c-011a-4b22-bc5a-b590c19ae917', 103, '186-750-87-94');
INSERT INTO CUSTOMER_ADDRESSES (address_id, customer_id, address_type, street_address, zip_code, city, country) values ('1930b517-21b1-437e-bb89-d2973a6a39e6', '5e31cc6c-011a-4b22-bc5a-b590c19ae917', 'R', '999 Jack Fords', '97579', 'New Harley', 'Bangladesh');
INSERT INTO CUSTOMERS (id, first_name, last_name) values ('d17e0461-a0f3-404c-946b-a489c577c110', 'Jonah', 'Graham');
INSERT INTO CUSTOMER_IDENTIFIERS (customer_id, identifier_id, identifier_value) values ('d17e0461-a0f3-404c-946b-a489c577c110', 101, '04026187556');
INSERT INTO CUSTOMER_IDENTIFIERS (customer_id, identifier_id, identifier_value) values ('d17e0461-a0f3-404c-946b-a489c577c110', 102, '438570423');
INSERT INTO CUSTOMER_ADDRESSES (address_id, customer_id, address_type, street_address, zip_code, city, country) values ('cbe0f668-2549-444d-8a21-dedb58117134', 'd17e0461-a0f3-404c-946b-a489c577c110', 'R', '07113 Mann Trace', '97345-3649', 'New Darby', 'Guernsey');
INSERT INTO CUSTOMERS (id, first_name, last_name) values ('b5a82295-69a7-4eda-bc3e-1a344167c3a9', 'Shaun', 'Kub');
INSERT INTO CUSTOMER_IDENTIFIERS (customer_id, identifier_id, identifier_value) values ('b5a82295-69a7-4eda-bc3e-1a344167c3a9', 101, '36486353429');
INSERT INTO CUSTOMER_IDENTIFIERS (customer_id, identifier_id, identifier_value) values ('b5a82295-69a7-4eda-bc3e-1a344167c3a9', 102, '985923617');
INSERT INTO CUSTOMER_ADDRESSES (address_id, customer_id, address_type, street_address, zip_code, city, country) values ('641b1ab4-5bc9-4e80-98ff-79265dee246c', 'b5a82295-69a7-4eda-bc3e-1a344167c3a9', 'R', '6986 Mraz Court', '47169', 'Lake Beckie', 'Chad');
INSERT INTO CUSTOMER_ADDRESSES (address_id, customer_id, address_type, street_address, zip_code, city, country) values ('d57807db-763a-443e-af28-ee3e26b80c4c', 'b5a82295-69a7-4eda-bc3e-1a344167c3a9', 'M', '346 Timmy Canyon', '73514', 'Ellisburgh', 'Malawi');
INSERT INTO CUSTOMERS (id, first_name, last_name) values ('d0e76e28-6ca2-4f57-95b7-820bb9503a86', 'Ngoc', 'Schneider');
INSERT INTO CUSTOMER_IDENTIFIERS (customer_id, identifier_id, identifier_value) values ('d0e76e28-6ca2-4f57-95b7-820bb9503a86', 101, '18381154055');
INSERT INTO CUSTOMER_IDENTIFIERS (customer_id, identifier_id, identifier_value) values ('d0e76e28-6ca2-4f57-95b7-820bb9503a86', 102, '844243960');
INSERT INTO CUSTOMER_IDENTIFIERS (customer_id, identifier_id, identifier_value) values ('d0e76e28-6ca2-4f57-95b7-820bb9503a86', 103, '897-242-50-33');
INSERT INTO CUSTOMER_ADDRESSES (address_id, customer_id, address_type, street_address, zip_code, city, country) values ('5106bba4-ceca-44ac-b90b-dcafd13f604e', 'd0e76e28-6ca2-4f57-95b7-820bb9503a86', 'R', '8593 Adelaida Radial', '38864', 'Lake Arlen', 'United States of America');
INSERT INTO CUSTOMERS (id, first_name, last_name) values ('b6d40340-49f3-4fa7-9c54-894ac2cc1e3d', 'Hal', 'Swift');
INSERT INTO CUSTOMER_IDENTIFIERS (customer_id, identifier_id, identifier_value) values ('b6d40340-49f3-4fa7-9c54-894ac2cc1e3d', 101, '90911328741');
INSERT INTO CUSTOMER_IDENTIFIERS (customer_id, identifier_id, identifier_value) values ('b6d40340-49f3-4fa7-9c54-894ac2cc1e3d', 102, '147126054');
INSERT INTO CUSTOMER_IDENTIFIERS (customer_id, identifier_id, identifier_value) values ('b6d40340-49f3-4fa7-9c54-894ac2cc1e3d', 103, '967-406-52-67');
INSERT INTO CUSTOMER_ADDRESSES (address_id, customer_id, address_type, street_address, zip_code, city, country) values ('0b901854-a332-4f97-8bb7-5353b259ba81', 'b6d40340-49f3-4fa7-9c54-894ac2cc1e3d', 'R', '752 Bronwyn Drive', '41009', 'Stokeston', 'Northern Mariana Islands');
INSERT INTO CUSTOMERS (id, first_name, last_name) values ('85603297-6f35-471c-b532-1129156dcae7', 'Denis', 'Carroll');
INSERT INTO CUSTOMER_IDENTIFIERS (customer_id, identifier_id, identifier_value) values ('85603297-6f35-471c-b532-1129156dcae7', 101, '77281218307');
INSERT INTO CUSTOMER_IDENTIFIERS (customer_id, identifier_id, identifier_value) values ('85603297-6f35-471c-b532-1129156dcae7', 103, '749-321-06-74');
INSERT INTO CUSTOMER_ADDRESSES (address_id, customer_id, address_type, street_address, zip_code, city, country) values ('eb73ae6c-7dac-469a-b9d1-41bc46c50b40', '85603297-6f35-471c-b532-1129156dcae7', 'R', '176 Dickinson Spur', '78778-5978', 'Tamishaside', 'Sri Lanka');
INSERT INTO CUSTOMER_ADDRESSES (address_id, customer_id, address_type, street_address, zip_code, city, country) values ('f5cb165f-2913-4485-9c53-5d06351c5048', '85603297-6f35-471c-b532-1129156dcae7', 'M', '3613 Suanne Islands', '64496', 'West Blakemouth', 'Tunisia');
INSERT INTO CUSTOMERS (id, first_name, last_name) values ('9826149e-1655-4715-80ad-19c3abba1e3f', 'Dirk', 'Will');
INSERT INTO CUSTOMER_IDENTIFIERS (customer_id, identifier_id, identifier_value) values ('9826149e-1655-4715-80ad-19c3abba1e3f', 101, '55784940900');
INSERT INTO CUSTOMER_IDENTIFIERS (customer_id, identifier_id, identifier_value) values ('9826149e-1655-4715-80ad-19c3abba1e3f', 103, '463-099-49-65');
INSERT INTO CUSTOMER_ADDRESSES (address_id, customer_id, address_type, street_address, zip_code, city, country) values ('be8b4889-02f8-48ba-a42b-01d450d9fa80', '9826149e-1655-4715-80ad-19c3abba1e3f', 'R', '9328 Considine Squares', '10737-4361', 'South Ardithside', 'Colombia');
INSERT INTO CUSTOMERS (id, first_name, last_name) values ('f1f734e2-5aaa-4512-8ef6-00cd946dbbe6', 'Demetrius', 'Lynch');
INSERT INTO CUSTOMER_IDENTIFIERS (customer_id, identifier_id, identifier_value) values ('f1f734e2-5aaa-4512-8ef6-00cd946dbbe6', 101, '30070212454');
INSERT INTO CUSTOMER_IDENTIFIERS (customer_id, identifier_id, identifier_value) values ('f1f734e2-5aaa-4512-8ef6-00cd946dbbe6', 103, '321-546-73-40');
INSERT INTO CUSTOMER_ADDRESSES (address_id, customer_id, address_type, street_address, zip_code, city, country) values ('b2d12691-9082-4164-aa14-43698082cf7f', 'f1f734e2-5aaa-4512-8ef6-00cd946dbbe6', 'R', '915 Kreiger Gateway', '29237', 'Lake Vincent', 'Dominican Republic');
INSERT INTO CUSTOMERS (id, first_name, last_name) values ('8435f18a-acc9-412f-a6b4-cafd80cf3fb0', 'Billie', 'Crona');
INSERT INTO CUSTOMER_IDENTIFIERS (customer_id, identifier_id, identifier_value) values ('8435f18a-acc9-412f-a6b4-cafd80cf3fb0', 102, '632663184');
INSERT INTO CUSTOMER_ADDRESSES (address_id, customer_id, address_type, street_address, zip_code, city, country) values ('ac3618be-248c-4612-9c4a-840dd62c48eb', '8435f18a-acc9-412f-a6b4-cafd80cf3fb0', 'R', '639 Sporer Square', '96333', 'North Jovita', 'Saint Barthelemy');
INSERT INTO CUSTOMERS (id, first_name, last_name) values ('769ac15a-1ad2-4687-bf0c-16a11b88f7cb', 'Bunny', 'Walter');
INSERT INTO CUSTOMER_IDENTIFIERS (customer_id, identifier_id, identifier_value) values ('769ac15a-1ad2-4687-bf0c-16a11b88f7cb', 102, '833886766');
INSERT INTO CUSTOMER_IDENTIFIERS (customer_id, identifier_id, identifier_value) values ('769ac15a-1ad2-4687-bf0c-16a11b88f7cb', 103, '581-884-86-19');
INSERT INTO CUSTOMER_ADDRESSES (address_id, customer_id, address_type, street_address, zip_code, city, country) values ('9c624aea-f048-4ef7-bebd-7d3542f8c43a', '769ac15a-1ad2-4687-bf0c-16a11b88f7cb', 'R', '744 Marks Inlet', '32734', 'Dionborough', 'Afghanistan');
INSERT INTO CUSTOMER_ADDRESSES (address_id, customer_id, address_type, street_address, zip_code, city, country) values ('4be61b7b-d586-4d37-80fc-b4c5388b5819', '769ac15a-1ad2-4687-bf0c-16a11b88f7cb', 'M', '820 Klocko Radial', '36087-8077', 'Myeshaton', 'French Polynesia');
INSERT INTO CUSTOMERS (id, first_name, last_name) values ('fef50c47-7ae4-4dac-a987-ad4e0da64914', 'Lawrence', 'Lemke');
INSERT INTO CUSTOMER_IDENTIFIERS (customer_id, identifier_id, identifier_value) values ('fef50c47-7ae4-4dac-a987-ad4e0da64914', 101, '88126946389');
INSERT INTO CUSTOMER_IDENTIFIERS (customer_id, identifier_id, identifier_value) values ('fef50c47-7ae4-4dac-a987-ad4e0da64914', 102, '080401081');
INSERT INTO CUSTOMER_IDENTIFIERS (customer_id, identifier_id, identifier_value) values ('fef50c47-7ae4-4dac-a987-ad4e0da64914', 103, '148-323-60-39');
INSERT INTO CUSTOMER_ADDRESSES (address_id, customer_id, address_type, street_address, zip_code, city, country) values ('b4f9fbf5-4bb6-4c12-a32a-1611868cd2d5', 'fef50c47-7ae4-4dac-a987-ad4e0da64914', 'R', '074 Kulas Street', '62884-6027', 'East Filibertoview', 'Yemen');
INSERT INTO CUSTOMERS (id, first_name, last_name) values ('8329b899-dbc1-481f-bfda-69abe593db47', 'Danial', 'Jakubowski');
INSERT INTO CUSTOMER_IDENTIFIERS (customer_id, identifier_id, identifier_value) values ('8329b899-dbc1-481f-bfda-69abe593db47', 101, '71643298383');
INSERT INTO CUSTOMER_IDENTIFIERS (customer_id, identifier_id, identifier_value) values ('8329b899-dbc1-481f-bfda-69abe593db47', 103, '797-276-95-12');
INSERT INTO CUSTOMER_ADDRESSES (address_id, customer_id, address_type, street_address, zip_code, city, country) values ('18f96f56-2682-4757-9641-0c3146270b50', '8329b899-dbc1-481f-bfda-69abe593db47', 'R', '329 Johnnie Dam', '07787-9701', 'East Abram', 'Belarus');
INSERT INTO CUSTOMERS (id, first_name, last_name) values ('0605ab17-9427-4142-87ab-46471049f679', 'Rodolfo', 'Jones');
INSERT INTO CUSTOMER_IDENTIFIERS (customer_id, identifier_id, identifier_value) values ('0605ab17-9427-4142-87ab-46471049f679', 102, '287696520');
INSERT INTO CUSTOMER_ADDRESSES (address_id, customer_id, address_type, street_address, zip_code, city, country) values ('af9ffe58-1a5b-4263-963a-aa9305e61ed5', '0605ab17-9427-4142-87ab-46471049f679', 'R', '2976 Turcotte Turnpike', '37026', 'New Modestoside', 'Morocco');
INSERT INTO CUSTOMERS (id, first_name, last_name) values ('831172fe-50c2-4907-9278-957a4c9bea79', 'Larhonda', 'Jacobson');
INSERT INTO CUSTOMER_IDENTIFIERS (customer_id, identifier_id, identifier_value) values ('831172fe-50c2-4907-9278-957a4c9bea79', 102, '829754211');
INSERT INTO CUSTOMER_ADDRESSES (address_id, customer_id, address_type, street_address, zip_code, city, country) values ('0b1c99d4-08f5-49da-8ff1-a9e0e645fb8d', '831172fe-50c2-4907-9278-957a4c9bea79', 'R', '4744 Schuppe Radial', '35053-0619', 'Lake Stuart', 'Iran');
INSERT INTO CUSTOMER_ADDRESSES (address_id, customer_id, address_type, street_address, zip_code, city, country) values ('397332bc-b332-4564-9a02-98f5b643a567', '831172fe-50c2-4907-9278-957a4c9bea79', 'M', '0999 Little Ridges', '40764', 'Weldonburgh', 'Tonga');
INSERT INTO CUSTOMERS (id, first_name, last_name) values ('9d81a055-5e43-48cf-aa86-1393d45ae180', 'Billie', 'Ryan');
INSERT INTO CUSTOMER_IDENTIFIERS (customer_id, identifier_id, identifier_value) values ('9d81a055-5e43-48cf-aa86-1393d45ae180', 101, '67530124530');
INSERT INTO CUSTOMER_ADDRESSES (address_id, customer_id, address_type, street_address, zip_code, city, country) values ('75f10933-b0ba-4d19-91b6-24b83a94d411', '9d81a055-5e43-48cf-aa86-1393d45ae180', 'R', '6040 Rutherford Pine', '78301', 'Martabury', 'Saint Kitts and Nevis');
INSERT INTO CUSTOMERS (id, first_name, last_name) values ('75427275-02ab-4e49-a9d9-507f9f363cc9', 'Jamika', 'Senger');
INSERT INTO CUSTOMER_IDENTIFIERS (customer_id, identifier_id, identifier_value) values ('75427275-02ab-4e49-a9d9-507f9f363cc9', 101, '68440270617');
INSERT INTO CUSTOMER_ADDRESSES (address_id, customer_id, address_type, street_address, zip_code, city, country) values ('ba951819-ec68-434f-bab3-970b486e922e', '75427275-02ab-4e49-a9d9-507f9f363cc9', 'R', '538 Wendell Extension', '18912', 'New Irwinmouth', 'Republic of Korea');
INSERT INTO CUSTOMER_ADDRESSES (address_id, customer_id, address_type, street_address, zip_code, city, country) values ('df2c440e-7940-4fda-a4e1-098c22f86566', '75427275-02ab-4e49-a9d9-507f9f363cc9', 'M', '120 Bahringer Forest', '32810', 'Morganburgh', 'Mauritania');
INSERT INTO CUSTOMERS (id, first_name, last_name) values ('295aa4cb-72f7-49cb-9310-b5bba408f6a5', 'Johnson', 'Hettinger');
INSERT INTO CUSTOMER_IDENTIFIERS (customer_id, identifier_id, identifier_value) values ('295aa4cb-72f7-49cb-9310-b5bba408f6a5', 101, '67269136436');
INSERT INTO CUSTOMER_IDENTIFIERS (customer_id, identifier_id, identifier_value) values ('295aa4cb-72f7-49cb-9310-b5bba408f6a5', 102, '810210624');
INSERT INTO CUSTOMER_ADDRESSES (address_id, customer_id, address_type, street_address, zip_code, city, country) values ('aae0bf68-8b61-4cd0-9e8f-7f13a26b25f8', '295aa4cb-72f7-49cb-9310-b5bba408f6a5', 'R', '680 Shay Mount', '09307', 'Madisonview', 'Spain');
INSERT INTO CUSTOMERS (id, first_name, last_name) values ('bbd1944e-1c8b-4ee1-8752-6ba2c5f68f11', 'Terina', 'Feeney');
INSERT INTO CUSTOMER_IDENTIFIERS (customer_id, identifier_id, identifier_value) values ('bbd1944e-1c8b-4ee1-8752-6ba2c5f68f11', 101, '03308853523');
INSERT INTO CUSTOMER_IDENTIFIERS (customer_id, identifier_id, identifier_value) values ('bbd1944e-1c8b-4ee1-8752-6ba2c5f68f11', 103, '798-294-20-58');
INSERT INTO CUSTOMER_ADDRESSES (address_id, customer_id, address_type, street_address, zip_code, city, country) values ('474c342d-956e-4c51-9f2a-9f75a045681e', 'bbd1944e-1c8b-4ee1-8752-6ba2c5f68f11', 'R', '80923 Schamberger Loaf', '23399-6235', 'South Lenita', 'Croatia');
INSERT INTO CUSTOMERS (id, first_name, last_name) values ('da58f06f-1d0c-47c0-b111-d0c3316d7d14', 'Lonny', 'Lang');
INSERT INTO CUSTOMER_IDENTIFIERS (customer_id, identifier_id, identifier_value) values ('da58f06f-1d0c-47c0-b111-d0c3316d7d14', 102, '661972179');
INSERT INTO CUSTOMER_ADDRESSES (address_id, customer_id, address_type, street_address, zip_code, city, country) values ('c8149789-a619-48b6-9d8c-00cf948bf9ec', 'da58f06f-1d0c-47c0-b111-d0c3316d7d14', 'R', '46885 Kassie Unions', '00701', 'East Leonelborough', 'Luxembourg');
INSERT INTO CUSTOMER_ADDRESSES (address_id, customer_id, address_type, street_address, zip_code, city, country) values ('beae3d9e-acad-4620-ba91-49f5d4c0a468', 'da58f06f-1d0c-47c0-b111-d0c3316d7d14', 'M', '6884 Douglas Fort', '35930-3943', 'New Yolande', 'Montserrat');
INSERT INTO CUSTOMERS (id, first_name, last_name) values ('f4744604-56f2-420f-847b-6ebe21f77313', 'Francina', 'Kunde');
INSERT INTO CUSTOMER_IDENTIFIERS (customer_id, identifier_id, identifier_value) values ('f4744604-56f2-420f-847b-6ebe21f77313', 102, '685401554');
INSERT INTO CUSTOMER_IDENTIFIERS (customer_id, identifier_id, identifier_value) values ('f4744604-56f2-420f-847b-6ebe21f77313', 103, '938-255-52-75');
INSERT INTO CUSTOMER_ADDRESSES (address_id, customer_id, address_type, street_address, zip_code, city, country) values ('8ac4dca5-0961-4407-adc0-4091839e41da', 'f4744604-56f2-420f-847b-6ebe21f77313', 'R', '7781 Ernser Via', '49323-5188', 'South Val', 'Brunei Darussalam');
INSERT INTO CUSTOMER_ADDRESSES (address_id, customer_id, address_type, street_address, zip_code, city, country) values ('903649df-2855-4b40-9b2d-ca45fdaa1191', 'f4744604-56f2-420f-847b-6ebe21f77313', 'M', '335 Tyron Square', '79177-2459', 'Jewellburgh', 'Israel');
INSERT INTO CUSTOMERS (id, first_name, last_name) values ('bae3914a-a32f-4a6d-b89e-0af300e425e6', 'Deetta', 'McLaughlin');
INSERT INTO CUSTOMER_IDENTIFIERS (customer_id, identifier_id, identifier_value) values ('bae3914a-a32f-4a6d-b89e-0af300e425e6', 101, '03812624665');
INSERT INTO CUSTOMER_IDENTIFIERS (customer_id, identifier_id, identifier_value) values ('bae3914a-a32f-4a6d-b89e-0af300e425e6', 102, '965814824');
INSERT INTO CUSTOMER_ADDRESSES (address_id, customer_id, address_type, street_address, zip_code, city, country) values ('962b285d-4309-46bd-a434-f826cf37f8fc', 'bae3914a-a32f-4a6d-b89e-0af300e425e6', 'R', '738 Laticia Summit', '29941', 'Troystad', 'Maldives');
INSERT INTO CUSTOMERS (id, first_name, last_name) values ('39d9077e-2d27-4802-81c6-cf4ec377b860', 'Lewis', 'Smith');
INSERT INTO CUSTOMER_IDENTIFIERS (customer_id, identifier_id, identifier_value) values ('39d9077e-2d27-4802-81c6-cf4ec377b860', 101, '49429970420');
INSERT INTO CUSTOMER_IDENTIFIERS (customer_id, identifier_id, identifier_value) values ('39d9077e-2d27-4802-81c6-cf4ec377b860', 102, '278836738');
INSERT INTO CUSTOMER_ADDRESSES (address_id, customer_id, address_type, street_address, zip_code, city, country) values ('3359df86-8bad-4125-90c4-52d89a5cc808', '39d9077e-2d27-4802-81c6-cf4ec377b860', 'R', '6414 Truman Ridge', '36810', 'Careyfurt', 'Iceland');
INSERT INTO CUSTOMER_ADDRESSES (address_id, customer_id, address_type, street_address, zip_code, city, country) values ('ca8bfabc-0240-4dd5-ba6f-4a78f68a2976', '39d9077e-2d27-4802-81c6-cf4ec377b860', 'M', '496 Jude Manor', '84477', 'Sandrabury', 'Taiwan');
INSERT INTO CUSTOMERS (id, first_name, last_name) values ('a5ae1fe3-7048-4a8d-b363-afd8b5db3647', 'Jovan', 'Brakus');
INSERT INTO CUSTOMER_IDENTIFIERS (customer_id, identifier_id, identifier_value) values ('a5ae1fe3-7048-4a8d-b363-afd8b5db3647', 101, '51855375600');
INSERT INTO CUSTOMER_IDENTIFIERS (customer_id, identifier_id, identifier_value) values ('a5ae1fe3-7048-4a8d-b363-afd8b5db3647', 102, '125469730');
INSERT INTO CUSTOMER_IDENTIFIERS (customer_id, identifier_id, identifier_value) values ('a5ae1fe3-7048-4a8d-b363-afd8b5db3647', 103, '455-901-94-23');
INSERT INTO CUSTOMER_ADDRESSES (address_id, customer_id, address_type, street_address, zip_code, city, country) values ('5769d3c1-1382-42a6-9000-3ca514669ce4', 'a5ae1fe3-7048-4a8d-b363-afd8b5db3647', 'R', '0371 Rolfson Creek', '48908-6696', 'New Willian', 'Thailand');
INSERT INTO CUSTOMERS (id, first_name, last_name) values ('77848e52-8498-44c4-a949-974de6d1fc23', 'Garth', 'Wintheiser');
INSERT INTO CUSTOMER_IDENTIFIERS (customer_id, identifier_id, identifier_value) values ('77848e52-8498-44c4-a949-974de6d1fc23', 101, '76768672982');
INSERT INTO CUSTOMER_IDENTIFIERS (customer_id, identifier_id, identifier_value) values ('77848e52-8498-44c4-a949-974de6d1fc23', 102, '595118653');
INSERT INTO CUSTOMER_ADDRESSES (address_id, customer_id, address_type, street_address, zip_code, city, country) values ('c4a16854-4144-489d-8ede-ae5fc2e3aa82', '77848e52-8498-44c4-a949-974de6d1fc23', 'R', '71508 Rodriguez Common', '89063', 'Franchescashire', 'Burundi');
INSERT INTO CUSTOMERS (id, first_name, last_name) values ('380e9988-543a-4fd0-b112-5649b2b412b6', 'Hung', 'Hermann');
INSERT INTO CUSTOMER_IDENTIFIERS (customer_id, identifier_id, identifier_value) values ('380e9988-543a-4fd0-b112-5649b2b412b6', 101, '34288938595');
INSERT INTO CUSTOMER_ADDRESSES (address_id, customer_id, address_type, street_address, zip_code, city, country) values ('213fe7a6-2d2e-4393-970f-4510a6fe4931', '380e9988-543a-4fd0-b112-5649b2b412b6', 'R', '797 Bernadette Crest', '59920', 'South Tammaraside', 'Ghana');
INSERT INTO CUSTOMERS (id, first_name, last_name) values ('bdfb82ec-7ca4-49b8-9507-a37b306da834', 'Toney', 'Wuckert');
INSERT INTO CUSTOMER_IDENTIFIERS (customer_id, identifier_id, identifier_value) values ('bdfb82ec-7ca4-49b8-9507-a37b306da834', 101, '07407124289');
INSERT INTO CUSTOMER_ADDRESSES (address_id, customer_id, address_type, street_address, zip_code, city, country) values ('c1ae853b-967f-4deb-898d-26bb4090b646', 'bdfb82ec-7ca4-49b8-9507-a37b306da834', 'R', '34534 Lyla Locks', '16273-0795', 'South Karina', 'Slovakia (Slovak Republic)');
INSERT INTO CUSTOMERS (id, first_name, last_name) values ('b98265ee-14b4-48c0-bb90-56bd3cbf5d91', 'Estrella', 'Kirlin');
INSERT INTO CUSTOMER_IDENTIFIERS (customer_id, identifier_id, identifier_value) values ('b98265ee-14b4-48c0-bb90-56bd3cbf5d91', 101, '10807516075');
INSERT INTO CUSTOMER_ADDRESSES (address_id, customer_id, address_type, street_address, zip_code, city, country) values ('e67b2d3e-af90-4d8a-8440-91f85bbd9245', 'b98265ee-14b4-48c0-bb90-56bd3cbf5d91', 'R', '517 Kia Rue', '92100-4227', 'Port Kareem', 'Papua New Guinea');
INSERT INTO CUSTOMERS (id, first_name, last_name) values ('bcb1f366-3e10-46d5-bc4e-72484ffabab8', 'Alonzo', 'Runolfsdottir');
INSERT INTO CUSTOMER_IDENTIFIERS (customer_id, identifier_id, identifier_value) values ('bcb1f366-3e10-46d5-bc4e-72484ffabab8', 103, '903-188-39-18');
INSERT INTO CUSTOMER_ADDRESSES (address_id, customer_id, address_type, street_address, zip_code, city, country) values ('1582899d-8eed-4d5a-92e6-d05399cf7634', 'bcb1f366-3e10-46d5-bc4e-72484ffabab8', 'R', '1276 Trinity Extension', '48528', 'Beerburgh', 'Mauritius');
INSERT INTO CUSTOMERS (id, first_name, last_name) values ('d0785d8a-219c-4d24-8f93-4ff7cc80d02d', 'Dominick', 'Cruickshank');
INSERT INTO CUSTOMER_IDENTIFIERS (customer_id, identifier_id, identifier_value) values ('d0785d8a-219c-4d24-8f93-4ff7cc80d02d', 101, '28302978479');
INSERT INTO CUSTOMER_IDENTIFIERS (customer_id, identifier_id, identifier_value) values ('d0785d8a-219c-4d24-8f93-4ff7cc80d02d', 102, '007940352');
INSERT INTO CUSTOMER_ADDRESSES (address_id, customer_id, address_type, street_address, zip_code, city, country) values ('e639ed9e-3001-4498-b6ba-837aa13a527c', 'd0785d8a-219c-4d24-8f93-4ff7cc80d02d', 'R', '043 Bailey Stravenue', '41256-3194', 'Sebrinafurt', 'Cook Islands');
INSERT INTO CUSTOMER_ADDRESSES (address_id, customer_id, address_type, street_address, zip_code, city, country) values ('baab5d72-8611-40a9-b980-8f656305a9db', 'd0785d8a-219c-4d24-8f93-4ff7cc80d02d', 'M', '6971 Maxwell Locks', '53257', 'Frankiemouth', 'Latvia');
INSERT INTO CUSTOMERS (id, first_name, last_name) values ('65d6f084-2701-44d2-a87a-8f8633da9b0a', 'Alfonzo', 'Wilderman');
INSERT INTO CUSTOMER_IDENTIFIERS (customer_id, identifier_id, identifier_value) values ('65d6f084-2701-44d2-a87a-8f8633da9b0a', 101, '41282001320');
INSERT INTO CUSTOMER_ADDRESSES (address_id, customer_id, address_type, street_address, zip_code, city, country) values ('9d2ee571-7a9b-469c-8b69-3b3d4fea85ce', '65d6f084-2701-44d2-a87a-8f8633da9b0a', 'R', '3613 Frami Plain', '10772', 'Ferrystad', 'Turkey');
INSERT INTO CUSTOMERS (id, first_name, last_name) values ('aaa8ebb5-0f4b-4457-a114-c83aee60b69c', 'Ossie', 'Spencer');
INSERT INTO CUSTOMER_IDENTIFIERS (customer_id, identifier_id, identifier_value) values ('aaa8ebb5-0f4b-4457-a114-c83aee60b69c', 101, '97580148616');
INSERT INTO CUSTOMER_IDENTIFIERS (customer_id, identifier_id, identifier_value) values ('aaa8ebb5-0f4b-4457-a114-c83aee60b69c', 102, '889431870');
INSERT INTO CUSTOMER_ADDRESSES (address_id, customer_id, address_type, street_address, zip_code, city, country) values ('0fe5c2c9-6d1b-4b28-a801-524d411878bf', 'aaa8ebb5-0f4b-4457-a114-c83aee60b69c', 'R', '9736 Bao Center', '37975', 'Nathalieview', 'Czech Republic');
INSERT INTO CUSTOMERS (id, first_name, last_name) values ('793717fc-9d84-43cf-9945-d17fe5021a02', 'Kristine', 'Leuschke');
INSERT INTO CUSTOMER_IDENTIFIERS (customer_id, identifier_id, identifier_value) values ('793717fc-9d84-43cf-9945-d17fe5021a02', 102, '163128427');
INSERT INTO CUSTOMER_ADDRESSES (address_id, customer_id, address_type, street_address, zip_code, city, country) values ('66b3b3a1-4ff6-407e-b5ed-35a596d7a55f', '793717fc-9d84-43cf-9945-d17fe5021a02', 'R', '252 Roberto Stravenue', '82017', 'North Roy', 'Morocco');
INSERT INTO CUSTOMERS (id, first_name, last_name) values ('30d816e9-a8cb-41b2-ad24-78c7d93457c3', 'Judson', 'Hayes');
INSERT INTO CUSTOMER_IDENTIFIERS (customer_id, identifier_id, identifier_value) values ('30d816e9-a8cb-41b2-ad24-78c7d93457c3', 101, '31880889453');
INSERT INTO CUSTOMER_IDENTIFIERS (customer_id, identifier_id, identifier_value) values ('30d816e9-a8cb-41b2-ad24-78c7d93457c3', 103, '340-210-08-84');
INSERT INTO CUSTOMER_ADDRESSES (address_id, customer_id, address_type, street_address, zip_code, city, country) values ('8f553c84-350c-4962-8cec-2971c5260b70', '30d816e9-a8cb-41b2-ad24-78c7d93457c3', 'R', '526 Harris Stream', '89826-5736', 'Port Calebton', 'Palestinian Territory');
INSERT INTO CUSTOMERS (id, first_name, last_name) values ('3303d93b-4f71-4e9f-9881-a7c8868ded98', 'Victor', 'Herman');
INSERT INTO CUSTOMER_IDENTIFIERS (customer_id, identifier_id, identifier_value) values ('3303d93b-4f71-4e9f-9881-a7c8868ded98', 102, '683816280');
INSERT INTO CUSTOMER_ADDRESSES (address_id, customer_id, address_type, street_address, zip_code, city, country) values ('3546f59e-1dd4-4826-b7ac-73a771182c66', '3303d93b-4f71-4e9f-9881-a7c8868ded98', 'R', '96557 Champlin Crest', '31332', 'North Justin', 'Anguilla');
INSERT INTO CUSTOMERS (id, first_name, last_name) values ('58fcabe7-d0c0-4459-8b75-9ab2b2ea95aa', 'Dagny', 'Erdman');
INSERT INTO CUSTOMER_IDENTIFIERS (customer_id, identifier_id, identifier_value) values ('58fcabe7-d0c0-4459-8b75-9ab2b2ea95aa', 102, '225087289');
INSERT INTO CUSTOMER_ADDRESSES (address_id, customer_id, address_type, street_address, zip_code, city, country) values ('da68c3be-6dca-4997-b1f1-f6b8847bf1a6', '58fcabe7-d0c0-4459-8b75-9ab2b2ea95aa', 'R', '7151 Alfonzo Light', '60538-0805', 'Brigittemouth', 'Poland');
INSERT INTO CUSTOMER_ADDRESSES (address_id, customer_id, address_type, street_address, zip_code, city, country) values ('c3db135e-c670-4ccf-b3e1-711efdadcfc0', '58fcabe7-d0c0-4459-8b75-9ab2b2ea95aa', 'M', '568 Wilkinson Fords', '28146', 'Barrowsport', 'Dominica');
INSERT INTO CUSTOMERS (id, first_name, last_name) values ('bca85f9e-5b66-4aae-970c-67e72602ad8e', 'Tracey', 'Konopelski');
INSERT INTO CUSTOMER_IDENTIFIERS (customer_id, identifier_id, identifier_value) values ('bca85f9e-5b66-4aae-970c-67e72602ad8e', 101, '76261774626');
INSERT INTO CUSTOMER_IDENTIFIERS (customer_id, identifier_id, identifier_value) values ('bca85f9e-5b66-4aae-970c-67e72602ad8e', 102, '248368522');
INSERT INTO CUSTOMER_IDENTIFIERS (customer_id, identifier_id, identifier_value) values ('bca85f9e-5b66-4aae-970c-67e72602ad8e', 103, '090-551-07-54');
INSERT INTO CUSTOMER_ADDRESSES (address_id, customer_id, address_type, street_address, zip_code, city, country) values ('b8b5e615-a7e8-49d7-9af6-0db80c5d5dd0', 'bca85f9e-5b66-4aae-970c-67e72602ad8e', 'R', '37932 Yost Shoals', '43313-9335', 'Leschtown', 'Peru');
INSERT INTO CUSTOMERS (id, first_name, last_name) values ('16051ae3-1ae3-4b2a-9a5b-dd54b71d640d', 'Ollie', 'Cole');
INSERT INTO CUSTOMER_IDENTIFIERS (customer_id, identifier_id, identifier_value) values ('16051ae3-1ae3-4b2a-9a5b-dd54b71d640d', 102, '264102683');
INSERT INTO CUSTOMER_IDENTIFIERS (customer_id, identifier_id, identifier_value) values ('16051ae3-1ae3-4b2a-9a5b-dd54b71d640d', 103, '790-359-25-70');
INSERT INTO CUSTOMER_ADDRESSES (address_id, customer_id, address_type, street_address, zip_code, city, country) values ('1bbe6b3e-0851-4584-a15a-93395d5562bf', '16051ae3-1ae3-4b2a-9a5b-dd54b71d640d', 'R', '7559 Joanne Hollow', '72709', 'East Aundreatown', 'Finland');
INSERT INTO CUSTOMERS (id, first_name, last_name) values ('73fe1cdc-2a69-4db0-8e9f-500ff9f282ef', 'In', 'Nader');
INSERT INTO CUSTOMER_IDENTIFIERS (customer_id, identifier_id, identifier_value) values ('73fe1cdc-2a69-4db0-8e9f-500ff9f282ef', 101, '12716472550');
INSERT INTO CUSTOMER_ADDRESSES (address_id, customer_id, address_type, street_address, zip_code, city, country) values ('44eabba7-e3df-4d55-8d9e-f97a9043920c', '73fe1cdc-2a69-4db0-8e9f-500ff9f282ef', 'R', '20835 DuBuque Road', '65869-6530', 'North Jeanneside', 'Mongolia');
INSERT INTO CUSTOMERS (id, first_name, last_name) values ('e74e2e18-8b25-4753-9f6f-e5d709c65957', 'Gayle', 'Cummings');
INSERT INTO CUSTOMER_IDENTIFIERS (customer_id, identifier_id, identifier_value) values ('e74e2e18-8b25-4753-9f6f-e5d709c65957', 101, '74804554863');
INSERT INTO CUSTOMER_IDENTIFIERS (customer_id, identifier_id, identifier_value) values ('e74e2e18-8b25-4753-9f6f-e5d709c65957', 103, '916-312-09-38');
INSERT INTO CUSTOMER_ADDRESSES (address_id, customer_id, address_type, street_address, zip_code, city, country) values ('ddaa9246-e2c9-4992-a8e2-a07a09e12768', 'e74e2e18-8b25-4753-9f6f-e5d709c65957', 'R', '3647 Nancey Island', '55963', 'Caitlinhaven', 'Cape Verde');
INSERT INTO CUSTOMERS (id, first_name, last_name) values ('29d24cd2-3c34-4409-acd7-58c5bd7697a1', 'Andree', 'Fahey');
INSERT INTO CUSTOMER_IDENTIFIERS (customer_id, identifier_id, identifier_value) values ('29d24cd2-3c34-4409-acd7-58c5bd7697a1', 101, '40004391572');
INSERT INTO CUSTOMER_ADDRESSES (address_id, customer_id, address_type, street_address, zip_code, city, country) values ('ddeea573-a00f-4273-9b3f-fe2f864dfbc5', '29d24cd2-3c34-4409-acd7-58c5bd7697a1', 'R', '9481 Annetta Plaza', '90864', 'Partheniamouth', 'Mayotte');
INSERT INTO CUSTOMER_ADDRESSES (address_id, customer_id, address_type, street_address, zip_code, city, country) values ('3da54796-43a3-44de-bc98-2cf22a4ecbd0', '29d24cd2-3c34-4409-acd7-58c5bd7697a1', 'M', '2066 Dong Spurs', '12663-7571', 'Port Glendamouth', 'Estonia');
INSERT INTO CUSTOMERS (id, first_name, last_name) values ('40534dbb-0ff5-4a8d-ab3d-82a51efa1728', 'Ryan', 'Wilderman');
INSERT INTO CUSTOMER_IDENTIFIERS (customer_id, identifier_id, identifier_value) values ('40534dbb-0ff5-4a8d-ab3d-82a51efa1728', 102, '228203477');
INSERT INTO CUSTOMER_IDENTIFIERS (customer_id, identifier_id, identifier_value) values ('40534dbb-0ff5-4a8d-ab3d-82a51efa1728', 103, '890-249-29-75');
INSERT INTO CUSTOMER_ADDRESSES (address_id, customer_id, address_type, street_address, zip_code, city, country) values ('2fc11711-bf67-4732-9c99-e520fe3557f5', '40534dbb-0ff5-4a8d-ab3d-82a51efa1728', 'R', '8320 Brakus Alley', '73263-8148', 'West Mozellburgh', 'Saint Barthelemy');
INSERT INTO CUSTOMERS (id, first_name, last_name) values ('5e475a87-d49a-460a-a089-7db14da36102', 'Bo', 'McClure');
INSERT INTO CUSTOMER_IDENTIFIERS (customer_id, identifier_id, identifier_value) values ('5e475a87-d49a-460a-a089-7db14da36102', 101, '99335849054');
INSERT INTO CUSTOMER_IDENTIFIERS (customer_id, identifier_id, identifier_value) values ('5e475a87-d49a-460a-a089-7db14da36102', 103, '894-104-08-11');
INSERT INTO CUSTOMER_ADDRESSES (address_id, customer_id, address_type, street_address, zip_code, city, country) values ('179f12f8-96d3-4ef8-a7c0-a7dd63efc993', '5e475a87-d49a-460a-a089-7db14da36102', 'R', '4094 Dannette Field', '26243', 'North Wenton', 'Bermuda');
INSERT INTO CUSTOMERS (id, first_name, last_name) values ('a3f4761a-84d5-4b5e-bd0f-9010fec1c157', 'Huey', 'Batz');
INSERT INTO CUSTOMER_IDENTIFIERS (customer_id, identifier_id, identifier_value) values ('a3f4761a-84d5-4b5e-bd0f-9010fec1c157', 102, '153885074');
INSERT INTO CUSTOMER_IDENTIFIERS (customer_id, identifier_id, identifier_value) values ('a3f4761a-84d5-4b5e-bd0f-9010fec1c157', 103, '081-598-60-76');
INSERT INTO CUSTOMER_ADDRESSES (address_id, customer_id, address_type, street_address, zip_code, city, country) values ('0586b209-aa07-4d23-894c-3caaacb68f5c', 'a3f4761a-84d5-4b5e-bd0f-9010fec1c157', 'R', '719 Stefany Crossing', '96572-7481', 'New Clemente', 'Virgin Islands, U.S.');
INSERT INTO CUSTOMERS (id, first_name, last_name) values ('72081b74-8a6a-460c-9274-9b91d6bf9a29', 'Jacinto', 'Cremin');
INSERT INTO CUSTOMER_IDENTIFIERS (customer_id, identifier_id, identifier_value) values ('72081b74-8a6a-460c-9274-9b91d6bf9a29', 101, '18878815765');
INSERT INTO CUSTOMER_ADDRESSES (address_id, customer_id, address_type, street_address, zip_code, city, country) values ('2b13f104-77da-47d6-9fd0-87dfd87f2ed8', '72081b74-8a6a-460c-9274-9b91d6bf9a29', 'R', '7190 Vandervort Plain', '24355-1299', 'Felicitasberg', 'Mayotte');
INSERT INTO CUSTOMERS (id, first_name, last_name) values ('2a2e7ff5-774d-4dc4-b8cf-3156f5a52aa9', 'Raleigh', 'Kuhlman');
INSERT INTO CUSTOMER_IDENTIFIERS (customer_id, identifier_id, identifier_value) values ('2a2e7ff5-774d-4dc4-b8cf-3156f5a52aa9', 101, '50524161015');
INSERT INTO CUSTOMER_IDENTIFIERS (customer_id, identifier_id, identifier_value) values ('2a2e7ff5-774d-4dc4-b8cf-3156f5a52aa9', 103, '557-437-72-85');
INSERT INTO CUSTOMER_ADDRESSES (address_id, customer_id, address_type, street_address, zip_code, city, country) values ('0b406eda-5637-4df1-9f31-42e3980cb2bc', '2a2e7ff5-774d-4dc4-b8cf-3156f5a52aa9', 'R', '23710 Dreama Circles', '52536', 'West Macy', 'Estonia');
INSERT INTO CUSTOMERS (id, first_name, last_name) values ('8a1e6e25-a60a-4f92-ba74-e7b6ba628258', 'Fe', 'Rosenbaum');
INSERT INTO CUSTOMER_IDENTIFIERS (customer_id, identifier_id, identifier_value) values ('8a1e6e25-a60a-4f92-ba74-e7b6ba628258', 103, '508-235-79-85');
INSERT INTO CUSTOMER_ADDRESSES (address_id, customer_id, address_type, street_address, zip_code, city, country) values ('57fd5e72-fa44-4bc7-9105-2baa155d8899', '8a1e6e25-a60a-4f92-ba74-e7b6ba628258', 'R', '50171 Milly Bypass', '20260-7302', 'Lake Renata', 'Holy See (Vatican City State)');
INSERT INTO CUSTOMERS (id, first_name, last_name) values ('94ba4b56-ca94-426a-9a0a-9c9d614cbb87', 'Thad', 'McDermott');
INSERT INTO CUSTOMER_IDENTIFIERS (customer_id, identifier_id, identifier_value) values ('94ba4b56-ca94-426a-9a0a-9c9d614cbb87', 101, '46253171856');
INSERT INTO CUSTOMER_IDENTIFIERS (customer_id, identifier_id, identifier_value) values ('94ba4b56-ca94-426a-9a0a-9c9d614cbb87', 103, '101-207-82-91');
INSERT INTO CUSTOMER_ADDRESSES (address_id, customer_id, address_type, street_address, zip_code, city, country) values ('185371d4-d528-498d-aacc-bc0c775cba89', '94ba4b56-ca94-426a-9a0a-9c9d614cbb87', 'R', '7498 Mayert Canyon', '58432-5977', 'Port Changland', 'Portugal');
INSERT INTO CUSTOMERS (id, first_name, last_name) values ('9859ca2f-3d7c-4215-b7f3-89017b717a88', 'Tyron', 'Wintheiser');
INSERT INTO CUSTOMER_IDENTIFIERS (customer_id, identifier_id, identifier_value) values ('9859ca2f-3d7c-4215-b7f3-89017b717a88', 101, '09995963985');
INSERT INTO CUSTOMER_ADDRESSES (address_id, customer_id, address_type, street_address, zip_code, city, country) values ('2ce32047-1fcb-46e1-9e9b-667e6ab4b698', '9859ca2f-3d7c-4215-b7f3-89017b717a88', 'R', '33453 Darrell Knoll', '57340-3507', 'Port Marylee', 'Portugal');
INSERT INTO CUSTOMERS (id, first_name, last_name) values ('fdfd03a1-b103-4e8b-995e-8ca173c90b80', 'Ernest', 'Smith');
INSERT INTO CUSTOMER_IDENTIFIERS (customer_id, identifier_id, identifier_value) values ('fdfd03a1-b103-4e8b-995e-8ca173c90b80', 102, '205249404');
INSERT INTO CUSTOMER_IDENTIFIERS (customer_id, identifier_id, identifier_value) values ('fdfd03a1-b103-4e8b-995e-8ca173c90b80', 103, '556-439-65-24');
INSERT INTO CUSTOMER_ADDRESSES (address_id, customer_id, address_type, street_address, zip_code, city, country) values ('3566e0c1-df8a-4da2-a500-2ec57363b9a6', 'fdfd03a1-b103-4e8b-995e-8ca173c90b80', 'R', '66382 Evelia Hills', '21789', 'West Merle', 'Samoa');
INSERT INTO CUSTOMERS (id, first_name, last_name) values ('551d4aad-3ee4-4967-92e4-6a5a58214899', 'Bunny', 'Romaguera');
INSERT INTO CUSTOMER_IDENTIFIERS (customer_id, identifier_id, identifier_value) values ('551d4aad-3ee4-4967-92e4-6a5a58214899', 102, '816160737');
INSERT INTO CUSTOMER_IDENTIFIERS (customer_id, identifier_id, identifier_value) values ('551d4aad-3ee4-4967-92e4-6a5a58214899', 103, '782-966-97-61');
INSERT INTO CUSTOMER_ADDRESSES (address_id, customer_id, address_type, street_address, zip_code, city, country) values ('ea6926a0-c832-4015-905f-5d51e55423e2', '551d4aad-3ee4-4967-92e4-6a5a58214899', 'R', '39958 Dan Estates', '65406-2306', 'East Jadwigaland', 'Central African Republic');
INSERT INTO CUSTOMERS (id, first_name, last_name) values ('3a6428dd-c87a-40aa-96a0-19883545c11a', 'Christiana', 'Jenkins');
INSERT INTO CUSTOMER_IDENTIFIERS (customer_id, identifier_id, identifier_value) values ('3a6428dd-c87a-40aa-96a0-19883545c11a', 101, '35914613580');
INSERT INTO CUSTOMER_IDENTIFIERS (customer_id, identifier_id, identifier_value) values ('3a6428dd-c87a-40aa-96a0-19883545c11a', 103, '512-979-99-05');
INSERT INTO CUSTOMER_ADDRESSES (address_id, customer_id, address_type, street_address, zip_code, city, country) values ('c3bab5b2-c8f7-41c7-805d-a77a576e3e7d', '3a6428dd-c87a-40aa-96a0-19883545c11a', 'R', '96911 Hansen Union', '70431', 'O''Connertown', 'Mozambique');
INSERT INTO CUSTOMERS (id, first_name, last_name) values ('8cc437a5-4d5f-40e4-abb8-06e646014405', 'Kim', 'Mann');
INSERT INTO CUSTOMER_IDENTIFIERS (customer_id, identifier_id, identifier_value) values ('8cc437a5-4d5f-40e4-abb8-06e646014405', 101, '22828913923');
INSERT INTO CUSTOMER_IDENTIFIERS (customer_id, identifier_id, identifier_value) values ('8cc437a5-4d5f-40e4-abb8-06e646014405', 102, '637166784');
INSERT INTO CUSTOMER_IDENTIFIERS (customer_id, identifier_id, identifier_value) values ('8cc437a5-4d5f-40e4-abb8-06e646014405', 103, '579-674-91-66');
INSERT INTO CUSTOMER_ADDRESSES (address_id, customer_id, address_type, street_address, zip_code, city, country) values ('15afe67c-5c56-4f3f-81ff-e41b6b85e77b', '8cc437a5-4d5f-40e4-abb8-06e646014405', 'R', '904 Geraldo Keys', '82921-8679', 'East Leana', 'Cameroon');
INSERT INTO CUSTOMERS (id, first_name, last_name) values ('1d6ba9cb-4552-4f27-8b95-b46725508e19', 'Rick', 'Herman');
INSERT INTO CUSTOMER_IDENTIFIERS (customer_id, identifier_id, identifier_value) values ('1d6ba9cb-4552-4f27-8b95-b46725508e19', 101, '50948365248');
INSERT INTO CUSTOMER_ADDRESSES (address_id, customer_id, address_type, street_address, zip_code, city, country) values ('7b3c96e5-e550-4fbd-949e-b03c6a6eb235', '1d6ba9cb-4552-4f27-8b95-b46725508e19', 'R', '73700 Farrell Mills', '22208-4943', 'South Joi', 'Sierra Leone');
INSERT INTO CUSTOMERS (id, first_name, last_name) values ('7cb9284a-90cc-4a82-8971-995f50b57a85', 'Todd', 'Kertzmann');
INSERT INTO CUSTOMER_IDENTIFIERS (customer_id, identifier_id, identifier_value) values ('7cb9284a-90cc-4a82-8971-995f50b57a85', 102, '355805014');
INSERT INTO CUSTOMER_IDENTIFIERS (customer_id, identifier_id, identifier_value) values ('7cb9284a-90cc-4a82-8971-995f50b57a85', 103, '115-440-49-56');
INSERT INTO CUSTOMER_ADDRESSES (address_id, customer_id, address_type, street_address, zip_code, city, country) values ('451782f3-749c-4343-8bbd-12a1e3e09e94', '7cb9284a-90cc-4a82-8971-995f50b57a85', 'R', '7436 Estella Row', '11968', 'New Lottie', 'Sweden');
INSERT INTO CUSTOMERS (id, first_name, last_name) values ('0e14fed5-7343-4195-a9ea-855876edbaba', 'Deane', 'Moen');
INSERT INTO CUSTOMER_IDENTIFIERS (customer_id, identifier_id, identifier_value) values ('0e14fed5-7343-4195-a9ea-855876edbaba', 102, '810843270');
INSERT INTO CUSTOMER_ADDRESSES (address_id, customer_id, address_type, street_address, zip_code, city, country) values ('7e066a50-7b9b-4705-bce4-709202ca5287', '0e14fed5-7343-4195-a9ea-855876edbaba', 'R', '32388 Alfreda Knolls', '98027', 'West Demetriustown', 'Hungary');
INSERT INTO CUSTOMERS (id, first_name, last_name) values ('6b758567-adef-440e-96df-48f5d6d7c481', 'Meggan', 'Schaefer');
INSERT INTO CUSTOMER_IDENTIFIERS (customer_id, identifier_id, identifier_value) values ('6b758567-adef-440e-96df-48f5d6d7c481', 102, '797698227');
INSERT INTO CUSTOMER_IDENTIFIERS (customer_id, identifier_id, identifier_value) values ('6b758567-adef-440e-96df-48f5d6d7c481', 103, '448-572-52-36');
INSERT INTO CUSTOMER_ADDRESSES (address_id, customer_id, address_type, street_address, zip_code, city, country) values ('0727f312-db73-4955-a1f9-8748201992b7', '6b758567-adef-440e-96df-48f5d6d7c481', 'R', '6199 King Unions', '85916', 'Port Cyrusland', 'Belarus');
INSERT INTO CUSTOMERS (id, first_name, last_name) values ('040969a7-0e07-4d41-9929-162d2d3de1e7', 'Shon', 'Vandervort');
INSERT INTO CUSTOMER_IDENTIFIERS (customer_id, identifier_id, identifier_value) values ('040969a7-0e07-4d41-9929-162d2d3de1e7', 102, '654771772');
INSERT INTO CUSTOMER_IDENTIFIERS (customer_id, identifier_id, identifier_value) values ('040969a7-0e07-4d41-9929-162d2d3de1e7', 103, '392-758-68-52');
INSERT INTO CUSTOMER_ADDRESSES (address_id, customer_id, address_type, street_address, zip_code, city, country) values ('ab91a2d8-7ecd-41e6-a202-9aa8a3add222', '040969a7-0e07-4d41-9929-162d2d3de1e7', 'R', '8922 Brendan Crest', '70352', 'Blandastad', 'United States Minor Outlying Islands');
INSERT INTO CUSTOMERS (id, first_name, last_name) values ('fde55a86-8045-432e-a976-53f70405c78a', 'Lieselotte', 'Jakubowski');
INSERT INTO CUSTOMER_IDENTIFIERS (customer_id, identifier_id, identifier_value) values ('fde55a86-8045-432e-a976-53f70405c78a', 101, '99365227280');
INSERT INTO CUSTOMER_IDENTIFIERS (customer_id, identifier_id, identifier_value) values ('fde55a86-8045-432e-a976-53f70405c78a', 102, '757529198');
INSERT INTO CUSTOMER_ADDRESSES (address_id, customer_id, address_type, street_address, zip_code, city, country) values ('caaf9ddb-0a0b-4649-86e7-4f8ca7c27b3b', 'fde55a86-8045-432e-a976-53f70405c78a', 'R', '225 Trantow Key', '83961-3141', 'Dicktown', 'Mozambique');
INSERT INTO CUSTOMERS (id, first_name, last_name) values ('a94a3281-9f4e-402e-bc07-976002c18644', 'Love', 'Friesen');
INSERT INTO CUSTOMER_IDENTIFIERS (customer_id, identifier_id, identifier_value) values ('a94a3281-9f4e-402e-bc07-976002c18644', 101, '79396154111');
INSERT INTO CUSTOMER_IDENTIFIERS (customer_id, identifier_id, identifier_value) values ('a94a3281-9f4e-402e-bc07-976002c18644', 103, '435-784-10-99');
INSERT INTO CUSTOMER_ADDRESSES (address_id, customer_id, address_type, street_address, zip_code, city, country) values ('53cabe37-0681-42ef-8d77-ac391fd67136', 'a94a3281-9f4e-402e-bc07-976002c18644', 'R', '52925 Williamson Track', '37418', 'West Rosemarie', 'Lao People''s Democratic Republic');
INSERT INTO CUSTOMERS (id, first_name, last_name) values ('81324ee8-d437-4436-ad74-1815d7f554ce', 'Nobuko', 'Walsh');
INSERT INTO CUSTOMER_IDENTIFIERS (customer_id, identifier_id, identifier_value) values ('81324ee8-d437-4436-ad74-1815d7f554ce', 103, '862-667-02-10');
INSERT INTO CUSTOMER_ADDRESSES (address_id, customer_id, address_type, street_address, zip_code, city, country) values ('2d08b7e1-56b1-43b9-bf3d-e2d269a9cb31', '81324ee8-d437-4436-ad74-1815d7f554ce', 'R', '417 Tobias Street', '91639-4003', 'Port Carley', 'Bhutan');
INSERT INTO CUSTOMERS (id, first_name, last_name) values ('71f53a15-e89d-445f-a3f3-3cebb4b2ebad', 'Forrest', 'Terry');
INSERT INTO CUSTOMER_IDENTIFIERS (customer_id, identifier_id, identifier_value) values ('71f53a15-e89d-445f-a3f3-3cebb4b2ebad', 102, '770904443');
INSERT INTO CUSTOMER_ADDRESSES (address_id, customer_id, address_type, street_address, zip_code, city, country) values ('950cbf7f-e2b2-408d-9ed3-820924f99ce0', '71f53a15-e89d-445f-a3f3-3cebb4b2ebad', 'R', '476 Curtis Ridge', '56846', 'West Terry', 'Norway');
INSERT INTO CUSTOMER_ADDRESSES (address_id, customer_id, address_type, street_address, zip_code, city, country) values ('6a316748-8bdd-4d25-8891-651cb04d8e35', '71f53a15-e89d-445f-a3f3-3cebb4b2ebad', 'M', '4663 Satterfield Plaza', '58404', 'Vernonborough', 'Central African Republic');
INSERT INTO CUSTOMERS (id, first_name, last_name) values ('759343c4-e5e3-4286-b66c-ea774320d400', 'Ryan', 'Robel');
INSERT INTO CUSTOMER_IDENTIFIERS (customer_id, identifier_id, identifier_value) values ('759343c4-e5e3-4286-b66c-ea774320d400', 101, '76731817186');
INSERT INTO CUSTOMER_IDENTIFIERS (customer_id, identifier_id, identifier_value) values ('759343c4-e5e3-4286-b66c-ea774320d400', 102, '813830548');
INSERT INTO CUSTOMER_ADDRESSES (address_id, customer_id, address_type, street_address, zip_code, city, country) values ('92ca00b4-ba34-44d5-b66d-f89d6febad1a', '759343c4-e5e3-4286-b66c-ea774320d400', 'R', '187 Moira Groves', '12600', 'Lake Hermilafort', 'Czech Republic');
INSERT INTO CUSTOMERS (id, first_name, last_name) values ('66a7ed26-1a42-43d3-ad90-4f15dfd055dc', 'Audria', 'Bartoletti');
INSERT INTO CUSTOMER_IDENTIFIERS (customer_id, identifier_id, identifier_value) values ('66a7ed26-1a42-43d3-ad90-4f15dfd055dc', 101, '24170476542');
INSERT INTO CUSTOMER_ADDRESSES (address_id, customer_id, address_type, street_address, zip_code, city, country) values ('b5e70727-dabf-4cc6-99d1-e39732f0e702', '66a7ed26-1a42-43d3-ad90-4f15dfd055dc', 'R', '8716 Abernathy Fields', '57487-6973', 'West Carlosstad', 'Cameroon');
INSERT INTO CUSTOMERS (id, first_name, last_name) values ('ee52b95d-3626-4fb0-b492-ee4b0516f211', 'Quincy', 'Weissnat');
INSERT INTO CUSTOMER_IDENTIFIERS (customer_id, identifier_id, identifier_value) values ('ee52b95d-3626-4fb0-b492-ee4b0516f211', 101, '88652171768');
INSERT INTO CUSTOMER_IDENTIFIERS (customer_id, identifier_id, identifier_value) values ('ee52b95d-3626-4fb0-b492-ee4b0516f211', 102, '183053164');
INSERT INTO CUSTOMER_ADDRESSES (address_id, customer_id, address_type, street_address, zip_code, city, country) values ('bee3943f-8e5c-489d-b2e8-186cce8cf8f0', 'ee52b95d-3626-4fb0-b492-ee4b0516f211', 'R', '1203 Veum Spring', '75837-9043', 'Lake Coltonshire', 'Madagascar');
INSERT INTO CUSTOMER_ADDRESSES (address_id, customer_id, address_type, street_address, zip_code, city, country) values ('53a929d8-9cc8-4baf-aa12-0b5ee8982632', 'ee52b95d-3626-4fb0-b492-ee4b0516f211', 'M', '14232 Rosalinda Club', '65996-6144', 'Port Lacy', 'Tonga');
INSERT INTO CUSTOMERS (id, first_name, last_name) values ('0e4b0cbf-e3f8-4f0f-b9fb-b8e12b3437e9', 'Exie', 'Beier');
INSERT INTO CUSTOMER_IDENTIFIERS (customer_id, identifier_id, identifier_value) values ('0e4b0cbf-e3f8-4f0f-b9fb-b8e12b3437e9', 102, '082141066');
INSERT INTO CUSTOMER_IDENTIFIERS (customer_id, identifier_id, identifier_value) values ('0e4b0cbf-e3f8-4f0f-b9fb-b8e12b3437e9', 103, '020-402-80-72');
INSERT INTO CUSTOMER_ADDRESSES (address_id, customer_id, address_type, street_address, zip_code, city, country) values ('58b51e6b-024d-4425-8415-a2e38074e6ca', '0e4b0cbf-e3f8-4f0f-b9fb-b8e12b3437e9', 'R', '955 Marvin Lodge', '70027-9631', 'North Maisha', 'Uruguay');
INSERT INTO CUSTOMER_ADDRESSES (address_id, customer_id, address_type, street_address, zip_code, city, country) values ('00c066e7-f9aa-4931-b9df-d758c8d0dcf8', '0e4b0cbf-e3f8-4f0f-b9fb-b8e12b3437e9', 'M', '8631 Fisher Orchard', '69665', 'Ryannmouth', 'Rwanda');
INSERT INTO CUSTOMERS (id, first_name, last_name) values ('0e86ef47-a739-4278-8aec-1382110e9790', 'Lupita', 'Fahey');
INSERT INTO CUSTOMER_IDENTIFIERS (customer_id, identifier_id, identifier_value) values ('0e86ef47-a739-4278-8aec-1382110e9790', 102, '480072920');
INSERT INTO CUSTOMER_ADDRESSES (address_id, customer_id, address_type, street_address, zip_code, city, country) values ('b13c0882-e920-45a6-84d2-733278c559cc', '0e86ef47-a739-4278-8aec-1382110e9790', 'R', '30453 Hayes Circles', '25914-4264', 'Garnetbury', 'Gabon');
INSERT INTO CUSTOMERS (id, first_name, last_name) values ('9e7acb06-2c44-49f2-a3ad-440eb6abb45d', 'Tabitha', 'Raynor');
INSERT INTO CUSTOMER_IDENTIFIERS (customer_id, identifier_id, identifier_value) values ('9e7acb06-2c44-49f2-a3ad-440eb6abb45d', 101, '95433857022');
INSERT INTO CUSTOMER_IDENTIFIERS (customer_id, identifier_id, identifier_value) values ('9e7acb06-2c44-49f2-a3ad-440eb6abb45d', 102, '335952760');
INSERT INTO CUSTOMER_IDENTIFIERS (customer_id, identifier_id, identifier_value) values ('9e7acb06-2c44-49f2-a3ad-440eb6abb45d', 103, '365-263-93-83');
INSERT INTO CUSTOMER_ADDRESSES (address_id, customer_id, address_type, street_address, zip_code, city, country) values ('962b717b-cc5d-4ffc-bfdc-126c02218ffd', '9e7acb06-2c44-49f2-a3ad-440eb6abb45d', 'R', '556 Beer Row', '72418', 'Lake Caren', 'Bhutan');
INSERT INTO CUSTOMERS (id, first_name, last_name) values ('dde642e6-5376-48d8-a04c-6a9e2c6659f2', 'Blake', 'Kohler');
INSERT INTO CUSTOMER_IDENTIFIERS (customer_id, identifier_id, identifier_value) values ('dde642e6-5376-48d8-a04c-6a9e2c6659f2', 101, '94284954891');
INSERT INTO CUSTOMER_ADDRESSES (address_id, customer_id, address_type, street_address, zip_code, city, country) values ('f352d609-b4ed-4d34-976f-f085866b9d3c', 'dde642e6-5376-48d8-a04c-6a9e2c6659f2', 'R', '52089 Emile Crossing', '40842-8284', 'Port Willian', 'Turkmenistan');
INSERT INTO CUSTOMER_ADDRESSES (address_id, customer_id, address_type, street_address, zip_code, city, country) values ('64acefc6-9882-44ab-944f-9e2fea7e826a', 'dde642e6-5376-48d8-a04c-6a9e2c6659f2', 'M', '8783 Cyril Station', '42450-0230', 'Port Minhshire', 'Mauritius');
INSERT INTO CUSTOMERS (id, first_name, last_name) values ('d5a628c1-c188-48f2-a587-9ddb5b00b7a2', 'Nicky', 'Keeling');
INSERT INTO CUSTOMER_IDENTIFIERS (customer_id, identifier_id, identifier_value) values ('d5a628c1-c188-48f2-a587-9ddb5b00b7a2', 103, '963-521-72-73');
INSERT INTO CUSTOMER_ADDRESSES (address_id, customer_id, address_type, street_address, zip_code, city, country) values ('a416a19a-6d4d-4f99-a390-4285b5e3d2b4', 'd5a628c1-c188-48f2-a587-9ddb5b00b7a2', 'R', '4809 Adams Crossing', '87641-8936', 'Lake Mellie', 'Slovenia');
INSERT INTO CUSTOMERS (id, first_name, last_name) values ('5506d6fe-9e7a-4876-8297-a3651a267cc4', 'Andreas', 'Treutel');
INSERT INTO CUSTOMER_IDENTIFIERS (customer_id, identifier_id, identifier_value) values ('5506d6fe-9e7a-4876-8297-a3651a267cc4', 101, '97208909401');
INSERT INTO CUSTOMER_IDENTIFIERS (customer_id, identifier_id, identifier_value) values ('5506d6fe-9e7a-4876-8297-a3651a267cc4', 102, '975485554');
INSERT INTO CUSTOMER_ADDRESSES (address_id, customer_id, address_type, street_address, zip_code, city, country) values ('ceb12d4d-66f6-4c33-bdab-a2408267df52', '5506d6fe-9e7a-4876-8297-a3651a267cc4', 'R', '14561 Sylvia Forge', '11075', 'Lake Derekshire', 'Botswana');
INSERT INTO CUSTOMERS (id, first_name, last_name) values ('76c0158d-c73b-4200-a850-dc0697b4f634', 'Myron', 'Deckow');
INSERT INTO CUSTOMER_IDENTIFIERS (customer_id, identifier_id, identifier_value) values ('76c0158d-c73b-4200-a850-dc0697b4f634', 101, '68657169168');
INSERT INTO CUSTOMER_ADDRESSES (address_id, customer_id, address_type, street_address, zip_code, city, country) values ('8052a831-65e6-4f5b-9825-7e1e6f4de6d9', '76c0158d-c73b-4200-a850-dc0697b4f634', 'R', '2622 Lowe Loaf', '55322', 'North Jani', 'Portugal');
INSERT INTO CUSTOMERS (id, first_name, last_name) values ('58f252f0-de43-4521-9b78-3df9ac623e69', 'Sadie', 'Runolfsson');
INSERT INTO CUSTOMER_IDENTIFIERS (customer_id, identifier_id, identifier_value) values ('58f252f0-de43-4521-9b78-3df9ac623e69', 101, '91984036930');
INSERT INTO CUSTOMER_IDENTIFIERS (customer_id, identifier_id, identifier_value) values ('58f252f0-de43-4521-9b78-3df9ac623e69', 102, '105895682');
INSERT INTO CUSTOMER_ADDRESSES (address_id, customer_id, address_type, street_address, zip_code, city, country) values ('7e2e3c6c-6cdb-4037-8525-5c03f2c1452a', '58f252f0-de43-4521-9b78-3df9ac623e69', 'R', '5730 Phyliss Parkway', '14124', 'Lake Feltonburgh', 'Saint Pierre and Miquelon');
INSERT INTO CUSTOMERS (id, first_name, last_name) values ('edd6cda6-2de5-4737-bfeb-41ad32d9fd44', 'Tiera', 'Senger');
INSERT INTO CUSTOMER_IDENTIFIERS (customer_id, identifier_id, identifier_value) values ('edd6cda6-2de5-4737-bfeb-41ad32d9fd44', 101, '81904862061');
INSERT INTO CUSTOMER_IDENTIFIERS (customer_id, identifier_id, identifier_value) values ('edd6cda6-2de5-4737-bfeb-41ad32d9fd44', 102, '487564844');
INSERT INTO CUSTOMER_IDENTIFIERS (customer_id, identifier_id, identifier_value) values ('edd6cda6-2de5-4737-bfeb-41ad32d9fd44', 103, '398-523-92-66');
INSERT INTO CUSTOMER_ADDRESSES (address_id, customer_id, address_type, street_address, zip_code, city, country) values ('5076851b-813b-4c73-aba3-1ca049b65a3e', 'edd6cda6-2de5-4737-bfeb-41ad32d9fd44', 'R', '47437 Schmidt Road', '65198', 'West Ken', 'Falkland Islands (Malvinas)');
INSERT INTO CUSTOMERS (id, first_name, last_name) values ('4800fa73-74d9-4f77-85b9-c8d4b9c55e38', 'Cristie', 'Trantow');
INSERT INTO CUSTOMER_IDENTIFIERS (customer_id, identifier_id, identifier_value) values ('4800fa73-74d9-4f77-85b9-c8d4b9c55e38', 101, '54978313906');
INSERT INTO CUSTOMER_ADDRESSES (address_id, customer_id, address_type, street_address, zip_code, city, country) values ('1e5987c4-c57d-4300-951b-9a7d4dc4e66f', '4800fa73-74d9-4f77-85b9-c8d4b9c55e38', 'R', '017 Hai Cliffs', '15972', 'Maryannaburgh', 'Sudan');
INSERT INTO CUSTOMER_ADDRESSES (address_id, customer_id, address_type, street_address, zip_code, city, country) values ('aff18f8f-a422-4bbe-bb4a-63364759b9b5', '4800fa73-74d9-4f77-85b9-c8d4b9c55e38', 'M', '1489 Toy Isle', '52278-8975', 'Floriaview', 'Cuba');
INSERT INTO CUSTOMERS (id, first_name, last_name) values ('313eb576-e628-4301-b505-a6510a8b19de', 'Hassan', 'Kuhn');
INSERT INTO CUSTOMER_IDENTIFIERS (customer_id, identifier_id, identifier_value) values ('313eb576-e628-4301-b505-a6510a8b19de', 101, '28060862604');
INSERT INTO CUSTOMER_IDENTIFIERS (customer_id, identifier_id, identifier_value) values ('313eb576-e628-4301-b505-a6510a8b19de', 103, '362-671-20-68');
INSERT INTO CUSTOMER_ADDRESSES (address_id, customer_id, address_type, street_address, zip_code, city, country) values ('d15fbf7a-294c-4edb-b471-e49556119831', '313eb576-e628-4301-b505-a6510a8b19de', 'R', '547 Altenwerth Lights', '35270-2627', 'East Raina', 'Sweden');
INSERT INTO CUSTOMERS (id, first_name, last_name) values ('3a72f29a-9a78-466d-846c-a81c010d9812', 'Amee', 'Cole');
INSERT INTO CUSTOMER_IDENTIFIERS (customer_id, identifier_id, identifier_value) values ('3a72f29a-9a78-466d-846c-a81c010d9812', 101, '65271087734');
INSERT INTO CUSTOMER_ADDRESSES (address_id, customer_id, address_type, street_address, zip_code, city, country) values ('1317476f-e03a-40c2-8415-33351d32201a', '3a72f29a-9a78-466d-846c-a81c010d9812', 'R', '74234 Candy Plaza', '17133-0301', 'Lake Joye', 'Argentina');
INSERT INTO CUSTOMERS (id, first_name, last_name) values ('2e29de5c-3150-4faf-b1f4-28fcb3b98051', 'Orlando', 'Kemmer');
INSERT INTO CUSTOMER_IDENTIFIERS (customer_id, identifier_id, identifier_value) values ('2e29de5c-3150-4faf-b1f4-28fcb3b98051', 101, '53465864017');
INSERT INTO CUSTOMER_IDENTIFIERS (customer_id, identifier_id, identifier_value) values ('2e29de5c-3150-4faf-b1f4-28fcb3b98051', 103, '639-363-64-16');
INSERT INTO CUSTOMER_ADDRESSES (address_id, customer_id, address_type, street_address, zip_code, city, country) values ('f88e7529-6583-4732-9cb6-cca2f1fa550e', '2e29de5c-3150-4faf-b1f4-28fcb3b98051', 'R', '8758 Larson Rue', '94797-4549', 'East Heribertofurt', 'South Africa');
INSERT INTO CUSTOMERS (id, first_name, last_name) values ('063f200d-806e-476b-bab1-533f1ff3d595', 'Glenn', 'Jones');
INSERT INTO CUSTOMER_IDENTIFIERS (customer_id, identifier_id, identifier_value) values ('063f200d-806e-476b-bab1-533f1ff3d595', 102, '277935286');
INSERT INTO CUSTOMER_IDENTIFIERS (customer_id, identifier_id, identifier_value) values ('063f200d-806e-476b-bab1-533f1ff3d595', 103, '096-897-14-49');
INSERT INTO CUSTOMER_ADDRESSES (address_id, customer_id, address_type, street_address, zip_code, city, country) values ('cf22afd4-4b67-4757-8ed2-1fffba2622f8', '063f200d-806e-476b-bab1-533f1ff3d595', 'R', '73236 Lissa Meadows', '91634', 'New Garrett', 'Greenland');
INSERT INTO CUSTOMERS (id, first_name, last_name) values ('edddd684-2ca9-4e80-bcb5-44301955f732', 'Malvina', 'Schoen');
INSERT INTO CUSTOMER_IDENTIFIERS (customer_id, identifier_id, identifier_value) values ('edddd684-2ca9-4e80-bcb5-44301955f732', 103, '771-776-11-26');
INSERT INTO CUSTOMER_ADDRESSES (address_id, customer_id, address_type, street_address, zip_code, city, country) values ('2b0e958b-dd51-4bed-b51f-035a73ba2f90', 'edddd684-2ca9-4e80-bcb5-44301955f732', 'R', '0509 Fernando Trace', '18823', 'Homenickfurt', 'Cocos (Keeling) Islands');
INSERT INTO CUSTOMERS (id, first_name, last_name) values ('25e76c3c-3a19-4383-b6a5-1d01c7f78938', 'Earlene', 'Gleichner');
INSERT INTO CUSTOMER_IDENTIFIERS (customer_id, identifier_id, identifier_value) values ('25e76c3c-3a19-4383-b6a5-1d01c7f78938', 103, '683-319-63-24');
INSERT INTO CUSTOMER_ADDRESSES (address_id, customer_id, address_type, street_address, zip_code, city, country) values ('e9bf1d12-8b66-438b-84a3-6be4053d7c4f', '25e76c3c-3a19-4383-b6a5-1d01c7f78938', 'R', '59756 Altha Stream', '60091-6808', 'East Alejandrinaburgh', 'Russian Federation');
INSERT INTO CUSTOMER_ADDRESSES (address_id, customer_id, address_type, street_address, zip_code, city, country) values ('bc072977-6111-479d-b7da-f8c41a08aaa6', '25e76c3c-3a19-4383-b6a5-1d01c7f78938', 'M', '48735 Simonis Turnpike', '81597', 'East Rudolphberg', 'Anguilla');
INSERT INTO CUSTOMERS (id, first_name, last_name) values ('9353874a-ea52-4c24-9183-0dc66d20ecb6', 'Lesha', 'Towne');
INSERT INTO CUSTOMER_IDENTIFIERS (customer_id, identifier_id, identifier_value) values ('9353874a-ea52-4c24-9183-0dc66d20ecb6', 102, '718418100');
INSERT INTO CUSTOMER_ADDRESSES (address_id, customer_id, address_type, street_address, zip_code, city, country) values ('346175f8-5412-47fb-b8c6-a655648a6579', '9353874a-ea52-4c24-9183-0dc66d20ecb6', 'R', '485 Sammie Circles', '47519-4463', 'McKenziemouth', 'Solomon Islands');
INSERT INTO CUSTOMERS (id, first_name, last_name) values ('fa2d6bd6-bd07-4728-bb7d-8c19768753fb', 'Keli', 'West');
INSERT INTO CUSTOMER_IDENTIFIERS (customer_id, identifier_id, identifier_value) values ('fa2d6bd6-bd07-4728-bb7d-8c19768753fb', 103, '849-308-83-68');
INSERT INTO CUSTOMER_ADDRESSES (address_id, customer_id, address_type, street_address, zip_code, city, country) values ('b29c5354-79b8-4a3c-b1fe-6375032863d5', 'fa2d6bd6-bd07-4728-bb7d-8c19768753fb', 'R', '9302 Galen Flats', '24461', 'Rodolfomouth', 'South Georgia and the South Sandwich Islands');
INSERT INTO CUSTOMERS (id, first_name, last_name) values ('4c20c3f9-cde8-4c8d-bc9a-08c7fca5c095', 'Lavette', 'Williamson');
INSERT INTO CUSTOMER_IDENTIFIERS (customer_id, identifier_id, identifier_value) values ('4c20c3f9-cde8-4c8d-bc9a-08c7fca5c095', 102, '957202003');
INSERT INTO CUSTOMER_ADDRESSES (address_id, customer_id, address_type, street_address, zip_code, city, country) values ('6448d9d7-238e-4711-bbcd-d8fb10c72e42', '4c20c3f9-cde8-4c8d-bc9a-08c7fca5c095', 'R', '52391 Bernard Club', '59277-1079', 'South Jacquelynview', 'Turks and Caicos Islands');
INSERT INTO CUSTOMERS (id, first_name, last_name) values ('d5409194-3440-4a46-9a0d-792bc48fb4f9', 'Debora', 'McDermott');
INSERT INTO CUSTOMER_IDENTIFIERS (customer_id, identifier_id, identifier_value) values ('d5409194-3440-4a46-9a0d-792bc48fb4f9', 101, '30579858263');
INSERT INTO CUSTOMER_IDENTIFIERS (customer_id, identifier_id, identifier_value) values ('d5409194-3440-4a46-9a0d-792bc48fb4f9', 102, '213031409');
INSERT INTO CUSTOMER_IDENTIFIERS (customer_id, identifier_id, identifier_value) values ('d5409194-3440-4a46-9a0d-792bc48fb4f9', 103, '623-874-72-76');
INSERT INTO CUSTOMER_ADDRESSES (address_id, customer_id, address_type, street_address, zip_code, city, country) values ('260838eb-c4b0-485d-a0ea-b052b94603f6', 'd5409194-3440-4a46-9a0d-792bc48fb4f9', 'R', '53025 Janiece Street', '34504', 'Watsicabury', 'Sweden');
INSERT INTO CUSTOMERS (id, first_name, last_name) values ('e96fc795-8ed9-4c05-8dfb-65f197d9e8a4', 'Olen', 'Armstrong');
INSERT INTO CUSTOMER_IDENTIFIERS (customer_id, identifier_id, identifier_value) values ('e96fc795-8ed9-4c05-8dfb-65f197d9e8a4', 102, '327736982');
INSERT INTO CUSTOMER_ADDRESSES (address_id, customer_id, address_type, street_address, zip_code, city, country) values ('c31f2778-fa3a-4fa5-992f-be55093af437', 'e96fc795-8ed9-4c05-8dfb-65f197d9e8a4', 'R', '970 Glover Plain', '08509', 'Lake Phungstad', 'Iraq');
INSERT INTO CUSTOMERS (id, first_name, last_name) values ('a5220462-4a05-40f7-ac9f-f734a29766da', 'Josephina', 'Conroy');
INSERT INTO CUSTOMER_IDENTIFIERS (customer_id, identifier_id, identifier_value) values ('a5220462-4a05-40f7-ac9f-f734a29766da', 101, '98618228110');
INSERT INTO CUSTOMER_IDENTIFIERS (customer_id, identifier_id, identifier_value) values ('a5220462-4a05-40f7-ac9f-f734a29766da', 103, '588-022-22-81');
INSERT INTO CUSTOMER_ADDRESSES (address_id, customer_id, address_type, street_address, zip_code, city, country) values ('67d24288-91ac-471d-90e8-b28a8cc38ae1', 'a5220462-4a05-40f7-ac9f-f734a29766da', 'R', '812 Brock Rest', '52934', 'North Lowell', 'Pitcairn Islands');
INSERT INTO CUSTOMERS (id, first_name, last_name) values ('3e402274-dd31-4a9e-a8e0-b858eb563456', 'Ruthe', 'Reilly');
INSERT INTO CUSTOMER_IDENTIFIERS (customer_id, identifier_id, identifier_value) values ('3e402274-dd31-4a9e-a8e0-b858eb563456', 102, '024220561');
INSERT INTO CUSTOMER_IDENTIFIERS (customer_id, identifier_id, identifier_value) values ('3e402274-dd31-4a9e-a8e0-b858eb563456', 103, '526-049-77-40');
INSERT INTO CUSTOMER_ADDRESSES (address_id, customer_id, address_type, street_address, zip_code, city, country) values ('9c3f29b4-dc4e-47ec-a15b-7153a7b3aa22', '3e402274-dd31-4a9e-a8e0-b858eb563456', 'R', '68196 Stiedemann Well', '61325-5596', 'Adamschester', 'Falkland Islands (Malvinas)');
INSERT INTO CUSTOMER_ADDRESSES (address_id, customer_id, address_type, street_address, zip_code, city, country) values ('600100bf-6027-42a8-ad04-194bb491ecd6', '3e402274-dd31-4a9e-a8e0-b858eb563456', 'M', '80416 Stacey Tunnel', '49994-6455', 'Emmerichhaven', 'China');
INSERT INTO CUSTOMERS (id, first_name, last_name) values ('84598bd5-0d2c-41d8-9fdb-e7b98a2bec77', 'Thao', 'Predovic');
INSERT INTO CUSTOMER_IDENTIFIERS (customer_id, identifier_id, identifier_value) values ('84598bd5-0d2c-41d8-9fdb-e7b98a2bec77', 103, '613-465-70-04');
INSERT INTO CUSTOMER_ADDRESSES (address_id, customer_id, address_type, street_address, zip_code, city, country) values ('571b048a-563d-4290-8ac8-80a384c6df9e', '84598bd5-0d2c-41d8-9fdb-e7b98a2bec77', 'R', '294 Weber Station', '11202', 'Kristoferfort', 'Guam');
INSERT INTO CUSTOMERS (id, first_name, last_name) values ('681817d3-8f0d-4963-a507-cb0194412094', 'Tonda', 'Schamberger');
INSERT INTO CUSTOMER_IDENTIFIERS (customer_id, identifier_id, identifier_value) values ('681817d3-8f0d-4963-a507-cb0194412094', 101, '49719956182');
INSERT INTO CUSTOMER_IDENTIFIERS (customer_id, identifier_id, identifier_value) values ('681817d3-8f0d-4963-a507-cb0194412094', 102, '313287520');
INSERT INTO CUSTOMER_IDENTIFIERS (customer_id, identifier_id, identifier_value) values ('681817d3-8f0d-4963-a507-cb0194412094', 103, '498-344-28-46');
INSERT INTO CUSTOMER_ADDRESSES (address_id, customer_id, address_type, street_address, zip_code, city, country) values ('2ba0be83-689c-436b-bc4e-ee0905809c77', '681817d3-8f0d-4963-a507-cb0194412094', 'R', '820 Esteban Branch', '85580', 'West Alfredhaven', 'Azerbaijan');
INSERT INTO CUSTOMER_ADDRESSES (address_id, customer_id, address_type, street_address, zip_code, city, country) values ('7c4be822-6f1c-46c1-87d7-4524e47c9de9', '681817d3-8f0d-4963-a507-cb0194412094', 'M', '247 Connelly Falls', '18075', 'Bentontown', 'Cameroon');
INSERT INTO CUSTOMERS (id, first_name, last_name) values ('f1ded587-29c1-4cc9-82c8-2d542617815f', 'Amee', 'Cole');
INSERT INTO CUSTOMER_IDENTIFIERS (customer_id, identifier_id, identifier_value) values ('f1ded587-29c1-4cc9-82c8-2d542617815f', 102, '928790207');
INSERT INTO CUSTOMER_IDENTIFIERS (customer_id, identifier_id, identifier_value) values ('f1ded587-29c1-4cc9-82c8-2d542617815f', 103, '987-693-30-31');
INSERT INTO CUSTOMER_ADDRESSES (address_id, customer_id, address_type, street_address, zip_code, city, country) values ('e8d650c7-0280-4742-a943-52214298004c', 'f1ded587-29c1-4cc9-82c8-2d542617815f', 'R', '68736 Ebert Junctions', '18981-2991', 'Johnsonborough', 'United States of America');
INSERT INTO CUSTOMERS (id, first_name, last_name) values ('ce078df2-fed4-4258-ba36-6b4e28ea3bf6', 'Joelle', 'Schneider');
INSERT INTO CUSTOMER_IDENTIFIERS (customer_id, identifier_id, identifier_value) values ('ce078df2-fed4-4258-ba36-6b4e28ea3bf6', 101, '19641493715');
INSERT INTO CUSTOMER_ADDRESSES (address_id, customer_id, address_type, street_address, zip_code, city, country) values ('9bcaf52f-6eaa-4514-96d5-f15024b4e235', 'ce078df2-fed4-4258-ba36-6b4e28ea3bf6', 'R', '256 Weimann Forge', '50241-1510', 'New Refugioville', 'Benin');
INSERT INTO CUSTOMER_ADDRESSES (address_id, customer_id, address_type, street_address, zip_code, city, country) values ('a59660a9-3e3f-4235-a087-cff5ce69ecf2', 'ce078df2-fed4-4258-ba36-6b4e28ea3bf6', 'M', '5236 Monty Ridge', '75029', 'Roryberg', 'New Caledonia');
INSERT INTO CUSTOMERS (id, first_name, last_name) values ('d5eda851-cebe-4aa4-baac-c9765b802205', 'Donnie', 'Gleason');
INSERT INTO CUSTOMER_IDENTIFIERS (customer_id, identifier_id, identifier_value) values ('d5eda851-cebe-4aa4-baac-c9765b802205', 102, '140147444');
INSERT INTO CUSTOMER_ADDRESSES (address_id, customer_id, address_type, street_address, zip_code, city, country) values ('cf6dcf50-fe3d-4513-9bc4-4f16a6236ac7', 'd5eda851-cebe-4aa4-baac-c9765b802205', 'R', '80289 Witting Shores', '86583-1230', 'Jakubowskiburgh', 'Guinea');
INSERT INTO CUSTOMERS (id, first_name, last_name) values ('9698c038-0232-4401-9fd8-8bd0ba232a17', 'Nicky', 'Pollich');
INSERT INTO CUSTOMER_IDENTIFIERS (customer_id, identifier_id, identifier_value) values ('9698c038-0232-4401-9fd8-8bd0ba232a17', 102, '724528699');
INSERT INTO CUSTOMER_IDENTIFIERS (customer_id, identifier_id, identifier_value) values ('9698c038-0232-4401-9fd8-8bd0ba232a17', 103, '246-224-52-52');
INSERT INTO CUSTOMER_ADDRESSES (address_id, customer_id, address_type, street_address, zip_code, city, country) values ('42aeec35-aefa-41b8-be93-8049ff6bc3cd', '9698c038-0232-4401-9fd8-8bd0ba232a17', 'R', '7513 Bernhard Locks', '33222-1825', 'Beerfort', 'Benin');
INSERT INTO CUSTOMER_ADDRESSES (address_id, customer_id, address_type, street_address, zip_code, city, country) values ('67f0a2e0-de37-41ab-a9aa-f7bf9b28a650', '9698c038-0232-4401-9fd8-8bd0ba232a17', 'M', '08384 Milo Inlet', '38777-3425', 'West Maryetta', 'Canada');
INSERT INTO CUSTOMERS (id, first_name, last_name) values ('95a5204e-d658-4709-af72-6676173a3aae', 'Natividad', 'Hahn');
INSERT INTO CUSTOMER_IDENTIFIERS (customer_id, identifier_id, identifier_value) values ('95a5204e-d658-4709-af72-6676173a3aae', 102, '121021814');
INSERT INTO CUSTOMER_ADDRESSES (address_id, customer_id, address_type, street_address, zip_code, city, country) values ('a674680f-e51b-4afb-8ede-e74c4ee3919d', '95a5204e-d658-4709-af72-6676173a3aae', 'R', '833 Heathcote Vista', '52651-4952', 'Elwandabury', 'Puerto Rico');
INSERT INTO CUSTOMERS (id, first_name, last_name) values ('a977624e-09bf-4261-bc91-91a2b02f594f', 'Michael', 'Ratke');
INSERT INTO CUSTOMER_IDENTIFIERS (customer_id, identifier_id, identifier_value) values ('a977624e-09bf-4261-bc91-91a2b02f594f', 102, '212760864');
INSERT INTO CUSTOMER_ADDRESSES (address_id, customer_id, address_type, street_address, zip_code, city, country) values ('af104393-96c1-47dc-8688-e6be8058b13c', 'a977624e-09bf-4261-bc91-91a2b02f594f', 'R', '995 Goldner Forest', '04002-5652', 'Port Lueborough', 'Svalbard & Jan Mayen Islands');
INSERT INTO CUSTOMERS (id, first_name, last_name) values ('bba3de0c-9c06-406c-9974-20158135c39a', 'Sidney', 'Kulas');
INSERT INTO CUSTOMER_IDENTIFIERS (customer_id, identifier_id, identifier_value) values ('bba3de0c-9c06-406c-9974-20158135c39a', 102, '897812315');
INSERT INTO CUSTOMER_IDENTIFIERS (customer_id, identifier_id, identifier_value) values ('bba3de0c-9c06-406c-9974-20158135c39a', 103, '231-500-71-50');
INSERT INTO CUSTOMER_ADDRESSES (address_id, customer_id, address_type, street_address, zip_code, city, country) values ('d5d176e6-3ae1-403d-9de0-a33fd153a550', 'bba3de0c-9c06-406c-9974-20158135c39a', 'R', '5481 O''Kon Walks', '86832-8055', 'Schuppeton', 'Mexico');
INSERT INTO CUSTOMER_ADDRESSES (address_id, customer_id, address_type, street_address, zip_code, city, country) values ('e362c0f4-eb63-420b-96a4-c66551457bb5', 'bba3de0c-9c06-406c-9974-20158135c39a', 'M', '22755 Alline Road', '06460', 'Gusikowskistad', 'Somalia');
INSERT INTO CUSTOMERS (id, first_name, last_name) values ('50279999-4495-444a-85bb-151f33714f14', 'Ma', 'Hackett');
INSERT INTO CUSTOMER_IDENTIFIERS (customer_id, identifier_id, identifier_value) values ('50279999-4495-444a-85bb-151f33714f14', 101, '59120107445');
INSERT INTO CUSTOMER_IDENTIFIERS (customer_id, identifier_id, identifier_value) values ('50279999-4495-444a-85bb-151f33714f14', 103, '674-613-93-30');
INSERT INTO CUSTOMER_ADDRESSES (address_id, customer_id, address_type, street_address, zip_code, city, country) values ('5cb27aaa-78a2-4937-a858-b03a1fdea571', '50279999-4495-444a-85bb-151f33714f14', 'R', '79413 Stepanie Dale', '97783-3485', 'Lake Charmain', 'Cameroon');
INSERT INTO CUSTOMERS (id, first_name, last_name) values ('22c541a4-bcf2-4f85-b7be-27de2c29f8ab', 'Dorsey', 'Windler');
INSERT INTO CUSTOMER_IDENTIFIERS (customer_id, identifier_id, identifier_value) values ('22c541a4-bcf2-4f85-b7be-27de2c29f8ab', 102, '862382815');
INSERT INTO CUSTOMER_IDENTIFIERS (customer_id, identifier_id, identifier_value) values ('22c541a4-bcf2-4f85-b7be-27de2c29f8ab', 103, '590-777-74-60');
INSERT INTO CUSTOMER_ADDRESSES (address_id, customer_id, address_type, street_address, zip_code, city, country) values ('c835bad4-132e-45f9-b96c-58ab34bd9de9', '22c541a4-bcf2-4f85-b7be-27de2c29f8ab', 'R', '1564 Greenfelder Hills', '24649-8156', 'East Numbersberg', 'Tajikistan');
INSERT INTO CUSTOMER_ADDRESSES (address_id, customer_id, address_type, street_address, zip_code, city, country) values ('71f9cd73-fb9e-4c0d-864d-21aeec7c6ff0', '22c541a4-bcf2-4f85-b7be-27de2c29f8ab', 'M', '980 Lindgren Mills', '84430-8441', 'North Karie', 'Uzbekistan');
INSERT INTO CUSTOMERS (id, first_name, last_name) values ('691dd892-0090-4691-be93-905fa4d8f938', 'Svetlana', 'Feest');
INSERT INTO CUSTOMER_IDENTIFIERS (customer_id, identifier_id, identifier_value) values ('691dd892-0090-4691-be93-905fa4d8f938', 101, '63045305196');
INSERT INTO CUSTOMER_IDENTIFIERS (customer_id, identifier_id, identifier_value) values ('691dd892-0090-4691-be93-905fa4d8f938', 102, '295095871');
INSERT INTO CUSTOMER_IDENTIFIERS (customer_id, identifier_id, identifier_value) values ('691dd892-0090-4691-be93-905fa4d8f938', 103, '121-566-45-73');
INSERT INTO CUSTOMER_ADDRESSES (address_id, customer_id, address_type, street_address, zip_code, city, country) values ('3c3cb23f-26fd-434e-b595-6ae2a4dc73c2', '691dd892-0090-4691-be93-905fa4d8f938', 'R', '398 Jacki Lock', '07885-0822', 'Ladawnbury', 'Algeria');
INSERT INTO CUSTOMER_ADDRESSES (address_id, customer_id, address_type, street_address, zip_code, city, country) values ('1b335e88-ffea-4312-a0c2-5f2cb58f1473', '691dd892-0090-4691-be93-905fa4d8f938', 'M', '5495 Prosacco Motorway', '17202', 'Port Adrianeview', 'Serbia');
INSERT INTO CUSTOMERS (id, first_name, last_name) values ('16b1c140-4d0e-4a54-bb6c-1a8beacb41ff', 'Damon', 'Mann');
INSERT INTO CUSTOMER_IDENTIFIERS (customer_id, identifier_id, identifier_value) values ('16b1c140-4d0e-4a54-bb6c-1a8beacb41ff', 101, '17865431783');
INSERT INTO CUSTOMER_IDENTIFIERS (customer_id, identifier_id, identifier_value) values ('16b1c140-4d0e-4a54-bb6c-1a8beacb41ff', 103, '952-771-14-68');
INSERT INTO CUSTOMER_ADDRESSES (address_id, customer_id, address_type, street_address, zip_code, city, country) values ('0d28fafc-2cbc-4c1b-bf12-50e59467f1a6', '16b1c140-4d0e-4a54-bb6c-1a8beacb41ff', 'R', '8508 Mallie Path', '91499', 'Padbergport', 'United States Minor Outlying Islands');
INSERT INTO CUSTOMERS (id, first_name, last_name) values ('c44fe34d-2db5-4928-8d1f-e3f393ff8d92', 'Mammie', 'Schmidt');
INSERT INTO CUSTOMER_IDENTIFIERS (customer_id, identifier_id, identifier_value) values ('c44fe34d-2db5-4928-8d1f-e3f393ff8d92', 101, '36382267116');
INSERT INTO CUSTOMER_IDENTIFIERS (customer_id, identifier_id, identifier_value) values ('c44fe34d-2db5-4928-8d1f-e3f393ff8d92', 102, '393440438');
INSERT INTO CUSTOMER_IDENTIFIERS (customer_id, identifier_id, identifier_value) values ('c44fe34d-2db5-4928-8d1f-e3f393ff8d92', 103, '168-987-22-08');
INSERT INTO CUSTOMER_ADDRESSES (address_id, customer_id, address_type, street_address, zip_code, city, country) values ('359afed5-3029-4655-935e-8bf79e1198ae', 'c44fe34d-2db5-4928-8d1f-e3f393ff8d92', 'R', '67258 Hudson Forges', '34792', 'West Talithafort', 'Iran');
INSERT INTO CUSTOMERS (id, first_name, last_name) values ('3ae7fdba-2e6f-47c1-a26d-9dcbd710a53c', 'Patsy', 'Bosco');
INSERT INTO CUSTOMER_IDENTIFIERS (customer_id, identifier_id, identifier_value) values ('3ae7fdba-2e6f-47c1-a26d-9dcbd710a53c', 103, '370-313-49-78');
INSERT INTO CUSTOMER_ADDRESSES (address_id, customer_id, address_type, street_address, zip_code, city, country) values ('de1750dc-a670-4399-bf35-46806e19bb29', '3ae7fdba-2e6f-47c1-a26d-9dcbd710a53c', 'R', '29572 McGlynn Squares', '50805', 'Chasside', 'Dominica');
INSERT INTO CUSTOMERS (id, first_name, last_name) values ('6fbb94d8-fb13-4438-9678-a9306f0ea357', 'Emery', 'Dietrich');
INSERT INTO CUSTOMER_IDENTIFIERS (customer_id, identifier_id, identifier_value) values ('6fbb94d8-fb13-4438-9678-a9306f0ea357', 101, '19608224795');
INSERT INTO CUSTOMER_IDENTIFIERS (customer_id, identifier_id, identifier_value) values ('6fbb94d8-fb13-4438-9678-a9306f0ea357', 103, '602-650-92-02');
INSERT INTO CUSTOMER_ADDRESSES (address_id, customer_id, address_type, street_address, zip_code, city, country) values ('6a7a9672-96f0-4511-acec-a4bd7edc7c9a', '6fbb94d8-fb13-4438-9678-a9306f0ea357', 'R', '4607 Ngan Fields', '22417', 'Binsshire', 'Afghanistan');
INSERT INTO CUSTOMERS (id, first_name, last_name) values ('084c1fcd-7e4e-4548-bd83-7c5a67d9d2c9', 'Loren', 'Kiehn');
INSERT INTO CUSTOMER_IDENTIFIERS (customer_id, identifier_id, identifier_value) values ('084c1fcd-7e4e-4548-bd83-7c5a67d9d2c9', 102, '528180558');
INSERT INTO CUSTOMER_ADDRESSES (address_id, customer_id, address_type, street_address, zip_code, city, country) values ('dec4681a-e9c5-46af-aaaa-0b85516578a0', '084c1fcd-7e4e-4548-bd83-7c5a67d9d2c9', 'R', '19356 Tomas Junction', '87240', 'Jakubowskihaven', 'Romania');
INSERT INTO CUSTOMERS (id, first_name, last_name) values ('56993c4d-e4d8-4408-b4de-8d631b1455cf', 'Edgardo', 'Lowe');
INSERT INTO CUSTOMER_IDENTIFIERS (customer_id, identifier_id, identifier_value) values ('56993c4d-e4d8-4408-b4de-8d631b1455cf', 101, '36011209074');
INSERT INTO CUSTOMER_IDENTIFIERS (customer_id, identifier_id, identifier_value) values ('56993c4d-e4d8-4408-b4de-8d631b1455cf', 102, '891205077');
INSERT INTO CUSTOMER_IDENTIFIERS (customer_id, identifier_id, identifier_value) values ('56993c4d-e4d8-4408-b4de-8d631b1455cf', 103, '975-164-74-34');
INSERT INTO CUSTOMER_ADDRESSES (address_id, customer_id, address_type, street_address, zip_code, city, country) values ('fa997b59-7ef8-4e66-ba7e-9127f134644b', '56993c4d-e4d8-4408-b4de-8d631b1455cf', 'R', '9524 Barbera Fall', '70828', 'Stoltenbergton', 'Guatemala');
INSERT INTO CUSTOMERS (id, first_name, last_name) values ('24e569c9-c9a5-4704-b5d8-6cb857fa5e57', 'Hortensia', 'Schinner');
INSERT INTO CUSTOMER_IDENTIFIERS (customer_id, identifier_id, identifier_value) values ('24e569c9-c9a5-4704-b5d8-6cb857fa5e57', 101, '54368023802');
INSERT INTO CUSTOMER_IDENTIFIERS (customer_id, identifier_id, identifier_value) values ('24e569c9-c9a5-4704-b5d8-6cb857fa5e57', 103, '953-127-43-29');
INSERT INTO CUSTOMER_ADDRESSES (address_id, customer_id, address_type, street_address, zip_code, city, country) values ('22bc5e95-7d72-45c7-91d0-3aaee4f52c1b', '24e569c9-c9a5-4704-b5d8-6cb857fa5e57', 'R', '50078 Marchelle Spring', '95898-4391', 'North Michelle', 'Uganda');
INSERT INTO CUSTOMER_ADDRESSES (address_id, customer_id, address_type, street_address, zip_code, city, country) values ('c56eb338-999e-49a6-b242-836e534dca75', '24e569c9-c9a5-4704-b5d8-6cb857fa5e57', 'M', '978 Okuneva Roads', '18845-4767', 'Lake Randy', 'Cook Islands');
INSERT INTO CUSTOMERS (id, first_name, last_name) values ('6e75018f-3528-47d2-972c-5a2fe40fdac3', 'Nikki', 'Rau');
INSERT INTO CUSTOMER_IDENTIFIERS (customer_id, identifier_id, identifier_value) values ('6e75018f-3528-47d2-972c-5a2fe40fdac3', 101, '96766168118');
INSERT INTO CUSTOMER_ADDRESSES (address_id, customer_id, address_type, street_address, zip_code, city, country) values ('e0cb124c-5eb3-4256-a878-f17f9a903453', '6e75018f-3528-47d2-972c-5a2fe40fdac3', 'R', '313 Breitenberg Coves', '29471', 'Klingland', 'Democratic People''s Republic of Korea');
INSERT INTO CUSTOMER_ADDRESSES (address_id, customer_id, address_type, street_address, zip_code, city, country) values ('e8047a68-6cf4-4255-8c5e-277fba54f994', '6e75018f-3528-47d2-972c-5a2fe40fdac3', 'M', '4639 Ismael Drive', '94387', 'Monahanmouth', 'Belgium');
INSERT INTO CUSTOMERS (id, first_name, last_name) values ('c771a1ad-b7e6-4604-8d49-26c7b5965ef8', 'Regena', 'Thompson');
INSERT INTO CUSTOMER_IDENTIFIERS (customer_id, identifier_id, identifier_value) values ('c771a1ad-b7e6-4604-8d49-26c7b5965ef8', 103, '929-794-44-25');
INSERT INTO CUSTOMER_ADDRESSES (address_id, customer_id, address_type, street_address, zip_code, city, country) values ('0935e556-62e3-45d3-9a63-d6d3b7cacecd', 'c771a1ad-b7e6-4604-8d49-26c7b5965ef8', 'R', '24039 Shannon Glen', '97453-7441', 'West Isabelle', 'Nicaragua');
INSERT INTO CUSTOMERS (id, first_name, last_name) values ('42ec969f-93c8-494c-9940-4da5503df70a', 'Isabel', 'Abbott');
INSERT INTO CUSTOMER_IDENTIFIERS (customer_id, identifier_id, identifier_value) values ('42ec969f-93c8-494c-9940-4da5503df70a', 102, '441759822');
INSERT INTO CUSTOMER_IDENTIFIERS (customer_id, identifier_id, identifier_value) values ('42ec969f-93c8-494c-9940-4da5503df70a', 103, '155-601-23-91');
INSERT INTO CUSTOMER_ADDRESSES (address_id, customer_id, address_type, street_address, zip_code, city, country) values ('e325ce29-90a4-4656-83ae-98cbca2fb6b3', '42ec969f-93c8-494c-9940-4da5503df70a', 'R', '05189 Titus Plains', '17015-3913', 'East Nedra', 'Singapore');
INSERT INTO CUSTOMERS (id, first_name, last_name) values ('9ef35566-5837-4bdc-961e-50c8f20ecd4a', 'Brittni', 'Flatley');
INSERT INTO CUSTOMER_IDENTIFIERS (customer_id, identifier_id, identifier_value) values ('9ef35566-5837-4bdc-961e-50c8f20ecd4a', 102, '474188636');
INSERT INTO CUSTOMER_ADDRESSES (address_id, customer_id, address_type, street_address, zip_code, city, country) values ('4c2b54a9-020b-4aef-9f11-6fca25c1f06a', '9ef35566-5837-4bdc-961e-50c8f20ecd4a', 'R', '81291 Dominique Land', '98399', 'Rippinmouth', 'Gabon');
INSERT INTO CUSTOMER_ADDRESSES (address_id, customer_id, address_type, street_address, zip_code, city, country) values ('f5f5406c-12a5-4e22-9061-784ba0854bad', '9ef35566-5837-4bdc-961e-50c8f20ecd4a', 'M', '39726 Hyman Flats', '67002-3117', 'East Oswaldo', 'Saint Kitts and Nevis');
INSERT INTO CUSTOMERS (id, first_name, last_name) values ('3b89c945-e91a-4a4e-9129-bf78589241de', 'Jermaine', 'Bartell');
INSERT INTO CUSTOMER_IDENTIFIERS (customer_id, identifier_id, identifier_value) values ('3b89c945-e91a-4a4e-9129-bf78589241de', 102, '472837264');
INSERT INTO CUSTOMER_IDENTIFIERS (customer_id, identifier_id, identifier_value) values ('3b89c945-e91a-4a4e-9129-bf78589241de', 103, '782-353-61-16');
INSERT INTO CUSTOMER_ADDRESSES (address_id, customer_id, address_type, street_address, zip_code, city, country) values ('b4370fd1-f59b-48e4-a311-80ecefaf4d9a', '3b89c945-e91a-4a4e-9129-bf78589241de', 'R', '9385 Nader Springs', '69534', 'Walkermouth', 'Georgia');
INSERT INTO CUSTOMERS (id, first_name, last_name) values ('db9634d4-6878-4b78-a690-2623d7a80c45', 'Jason', 'Walsh');
INSERT INTO CUSTOMER_IDENTIFIERS (customer_id, identifier_id, identifier_value) values ('db9634d4-6878-4b78-a690-2623d7a80c45', 103, '626-401-78-38');
INSERT INTO CUSTOMER_ADDRESSES (address_id, customer_id, address_type, street_address, zip_code, city, country) values ('e1d330f7-bd12-4560-828c-6178fb2f15ed', 'db9634d4-6878-4b78-a690-2623d7a80c45', 'R', '63956 Tyrone Extension', '35952', 'Fritzmouth', 'Ghana');
INSERT INTO CUSTOMER_ADDRESSES (address_id, customer_id, address_type, street_address, zip_code, city, country) values ('f94fd069-5fc9-44af-8d3a-9f0b5eafbe85', 'db9634d4-6878-4b78-a690-2623d7a80c45', 'M', '356 Antonio Cape', '77175-9324', 'Daughertyburgh', 'Syrian Arab Republic');
INSERT INTO CUSTOMERS (id, first_name, last_name) values ('604f20ee-a073-406d-b743-d3ae6c380b08', 'Mikel', 'Dickens');
INSERT INTO CUSTOMER_IDENTIFIERS (customer_id, identifier_id, identifier_value) values ('604f20ee-a073-406d-b743-d3ae6c380b08', 101, '60551243271');
INSERT INTO CUSTOMER_IDENTIFIERS (customer_id, identifier_id, identifier_value) values ('604f20ee-a073-406d-b743-d3ae6c380b08', 103, '161-818-24-04');
INSERT INTO CUSTOMER_ADDRESSES (address_id, customer_id, address_type, street_address, zip_code, city, country) values ('d730e68e-e63e-412a-b8e1-1494a0382222', '604f20ee-a073-406d-b743-d3ae6c380b08', 'R', '343 Mosciski Expressway', '38500-4594', 'Rolfsontown', 'Svalbard & Jan Mayen Islands');
INSERT INTO CUSTOMER_ADDRESSES (address_id, customer_id, address_type, street_address, zip_code, city, country) values ('d1b4fc48-1370-4e80-8530-07d6d81bbb8d', '604f20ee-a073-406d-b743-d3ae6c380b08', 'M', '368 Wilburn Trail', '00553', 'Walshside', 'Malawi');
INSERT INTO CUSTOMERS (id, first_name, last_name) values ('e3dc8f80-8758-4e3b-85ab-4f6678017af2', 'Sharri', 'Hilpert');
INSERT INTO CUSTOMER_IDENTIFIERS (customer_id, identifier_id, identifier_value) values ('e3dc8f80-8758-4e3b-85ab-4f6678017af2', 102, '697631298');
INSERT INTO CUSTOMER_IDENTIFIERS (customer_id, identifier_id, identifier_value) values ('e3dc8f80-8758-4e3b-85ab-4f6678017af2', 103, '031-376-15-46');
INSERT INTO CUSTOMER_ADDRESSES (address_id, customer_id, address_type, street_address, zip_code, city, country) values ('efee7227-1ce5-43b5-8068-b6e75a746391', 'e3dc8f80-8758-4e3b-85ab-4f6678017af2', 'R', '6709 Kit Wells', '57335', 'South Lamontborough', 'Libyan Arab Jamahiriya');
INSERT INTO CUSTOMERS (id, first_name, last_name) values ('c3c949a6-25e0-4327-a98b-f170998761aa', 'Porter', 'Kuvalis');
INSERT INTO CUSTOMER_IDENTIFIERS (customer_id, identifier_id, identifier_value) values ('c3c949a6-25e0-4327-a98b-f170998761aa', 102, '703596294');
INSERT INTO CUSTOMER_ADDRESSES (address_id, customer_id, address_type, street_address, zip_code, city, country) values ('f6788011-366e-43ea-b7d4-1c98f4342f20', 'c3c949a6-25e0-4327-a98b-f170998761aa', 'R', '8652 Daugherty Vista', '83774', 'Port Mark', 'Philippines');
INSERT INTO CUSTOMERS (id, first_name, last_name) values ('db8aa8c8-b38d-4c16-b369-a6da838b44b9', 'Fawn', 'Homenick');
INSERT INTO CUSTOMER_IDENTIFIERS (customer_id, identifier_id, identifier_value) values ('db8aa8c8-b38d-4c16-b369-a6da838b44b9', 101, '40718014035');
INSERT INTO CUSTOMER_ADDRESSES (address_id, customer_id, address_type, street_address, zip_code, city, country) values ('fcd773f6-f057-4d63-9a40-5ddca14f5765', 'db8aa8c8-b38d-4c16-b369-a6da838b44b9', 'R', '496 Welch Key', '79567', 'Wolffport', 'Niue');
INSERT INTO CUSTOMERS (id, first_name, last_name) values ('e1ae9c8d-aabb-4eb6-bc79-15297112a454', 'Jutta', 'Upton');
INSERT INTO CUSTOMER_IDENTIFIERS (customer_id, identifier_id, identifier_value) values ('e1ae9c8d-aabb-4eb6-bc79-15297112a454', 103, '640-029-47-99');
INSERT INTO CUSTOMER_ADDRESSES (address_id, customer_id, address_type, street_address, zip_code, city, country) values ('0eec693c-c595-4eb9-a431-b14e02ac0e07', 'e1ae9c8d-aabb-4eb6-bc79-15297112a454', 'R', '99543 Buckridge Circles', '16947-5295', 'New Kraigburgh', 'Canada');
INSERT INTO CUSTOMERS (id, first_name, last_name) values ('4a956793-0c52-4470-8f03-a70bc3d54c04', 'Mason', 'Lemke');
INSERT INTO CUSTOMER_IDENTIFIERS (customer_id, identifier_id, identifier_value) values ('4a956793-0c52-4470-8f03-a70bc3d54c04', 101, '69477411705');
INSERT INTO CUSTOMER_IDENTIFIERS (customer_id, identifier_id, identifier_value) values ('4a956793-0c52-4470-8f03-a70bc3d54c04', 102, '342566592');
INSERT INTO CUSTOMER_ADDRESSES (address_id, customer_id, address_type, street_address, zip_code, city, country) values ('db5bc550-2db4-4d6d-b653-5648c149d794', '4a956793-0c52-4470-8f03-a70bc3d54c04', 'R', '39029 Gaston Curve', '51012-2206', 'Lorineland', 'Guinea');
INSERT INTO CUSTOMERS (id, first_name, last_name) values ('61bc46f8-7fd6-4f88-b91f-054e3c3b48d4', 'Jaime', 'Shanahan');
INSERT INTO CUSTOMER_IDENTIFIERS (customer_id, identifier_id, identifier_value) values ('61bc46f8-7fd6-4f88-b91f-054e3c3b48d4', 101, '23287653920');
INSERT INTO CUSTOMER_IDENTIFIERS (customer_id, identifier_id, identifier_value) values ('61bc46f8-7fd6-4f88-b91f-054e3c3b48d4', 102, '626145991');
INSERT INTO CUSTOMER_IDENTIFIERS (customer_id, identifier_id, identifier_value) values ('61bc46f8-7fd6-4f88-b91f-054e3c3b48d4', 103, '719-808-64-84');
INSERT INTO CUSTOMER_ADDRESSES (address_id, customer_id, address_type, street_address, zip_code, city, country) values ('e8fa5b54-2739-49e4-841f-e279ae901ea3', '61bc46f8-7fd6-4f88-b91f-054e3c3b48d4', 'R', '909 Zulauf Parkway', '61332', 'Britanychester', 'Saint Barthelemy');
INSERT INTO CUSTOMERS (id, first_name, last_name) values ('f3e4bea7-3de7-49dc-aaf6-37908624e879', 'Reginald', 'Lehner');
INSERT INTO CUSTOMER_IDENTIFIERS (customer_id, identifier_id, identifier_value) values ('f3e4bea7-3de7-49dc-aaf6-37908624e879', 103, '153-949-91-31');
INSERT INTO CUSTOMER_ADDRESSES (address_id, customer_id, address_type, street_address, zip_code, city, country) values ('101aaa65-6a50-4447-8efe-fee156177a38', 'f3e4bea7-3de7-49dc-aaf6-37908624e879', 'R', '33465 Feeney Parkways', '35709', 'Aufderharshire', 'Egypt');
INSERT INTO CUSTOMERS (id, first_name, last_name) values ('8e04be32-dfc9-432e-8352-365fc3e3c787', 'Dominique', 'Mohr');
INSERT INTO CUSTOMER_IDENTIFIERS (customer_id, identifier_id, identifier_value) values ('8e04be32-dfc9-432e-8352-365fc3e3c787', 101, '87641459063');
INSERT INTO CUSTOMER_IDENTIFIERS (customer_id, identifier_id, identifier_value) values ('8e04be32-dfc9-432e-8352-365fc3e3c787', 102, '208011992');
INSERT INTO CUSTOMER_ADDRESSES (address_id, customer_id, address_type, street_address, zip_code, city, country) values ('30f421cc-32bd-4400-8b0f-d5ea589a1285', '8e04be32-dfc9-432e-8352-365fc3e3c787', 'R', '44050 Torphy Track', '29639', 'Jaskolskifurt', 'Isle of Man');
INSERT INTO CUSTOMER_ADDRESSES (address_id, customer_id, address_type, street_address, zip_code, city, country) values ('79bdb8e8-2f74-48aa-ae98-c8cacda64f1f', '8e04be32-dfc9-432e-8352-365fc3e3c787', 'M', '3597 Mitchell Rapids', '30132', 'Fisherberg', 'South Georgia and the South Sandwich Islands');
INSERT INTO CUSTOMERS (id, first_name, last_name) values ('a1025260-f8e1-4877-b7c1-cc3e2c3e914b', 'Arline', 'Borer');
INSERT INTO CUSTOMER_IDENTIFIERS (customer_id, identifier_id, identifier_value) values ('a1025260-f8e1-4877-b7c1-cc3e2c3e914b', 101, '04106377912');
INSERT INTO CUSTOMER_IDENTIFIERS (customer_id, identifier_id, identifier_value) values ('a1025260-f8e1-4877-b7c1-cc3e2c3e914b', 103, '843-687-59-70');
INSERT INTO CUSTOMER_ADDRESSES (address_id, customer_id, address_type, street_address, zip_code, city, country) values ('9e3fd9b0-4732-4cbf-9556-e86ca737dcf6', 'a1025260-f8e1-4877-b7c1-cc3e2c3e914b', 'R', '80827 Koelpin Lake', '20606', 'Sondramouth', 'New Caledonia');
INSERT INTO CUSTOMERS (id, first_name, last_name) values ('cd6ad54e-ea18-4c1c-a820-1352a2d8a5d8', 'Kirby', 'Wiza');
INSERT INTO CUSTOMER_IDENTIFIERS (customer_id, identifier_id, identifier_value) values ('cd6ad54e-ea18-4c1c-a820-1352a2d8a5d8', 103, '918-194-56-55');
INSERT INTO CUSTOMER_ADDRESSES (address_id, customer_id, address_type, street_address, zip_code, city, country) values ('3ee6351d-b655-4ded-8a52-8632e14656b6', 'cd6ad54e-ea18-4c1c-a820-1352a2d8a5d8', 'R', '95417 Pearl Squares', '41449', 'East Thuyburgh', 'Pitcairn Islands');
INSERT INTO CUSTOMERS (id, first_name, last_name) values ('ea5a5871-2648-4aaf-b491-9db8a1b9082f', 'Kelle', 'Herman');
INSERT INTO CUSTOMER_IDENTIFIERS (customer_id, identifier_id, identifier_value) values ('ea5a5871-2648-4aaf-b491-9db8a1b9082f', 101, '85744101668');
INSERT INTO CUSTOMER_IDENTIFIERS (customer_id, identifier_id, identifier_value) values ('ea5a5871-2648-4aaf-b491-9db8a1b9082f', 103, '442-255-19-41');
INSERT INTO CUSTOMER_ADDRESSES (address_id, customer_id, address_type, street_address, zip_code, city, country) values ('73e651ba-c5a5-454a-bbb0-ea20a028a4fd', 'ea5a5871-2648-4aaf-b491-9db8a1b9082f', 'R', '5108 Morissette Pass', '02628-9180', 'South Forest', 'Chad');
INSERT INTO CUSTOMER_ADDRESSES (address_id, customer_id, address_type, street_address, zip_code, city, country) values ('03fa5956-a1b3-41db-b579-05bc6b653e85', 'ea5a5871-2648-4aaf-b491-9db8a1b9082f', 'M', '520 Abernathy Divide', '18390', 'West Marilynn', 'Venezuela');
INSERT INTO CUSTOMERS (id, first_name, last_name) values ('91d58d63-6f41-4e62-9e19-bdbfd21e1944', 'Jerold', 'Romaguera');
INSERT INTO CUSTOMER_IDENTIFIERS (customer_id, identifier_id, identifier_value) values ('91d58d63-6f41-4e62-9e19-bdbfd21e1944', 103, '685-966-34-40');
INSERT INTO CUSTOMER_ADDRESSES (address_id, customer_id, address_type, street_address, zip_code, city, country) values ('64d870a6-18c4-44cf-9ed9-b89c698fb591', '91d58d63-6f41-4e62-9e19-bdbfd21e1944', 'R', '79572 Coy Course', '33312-8143', 'South Jonna', 'Senegal');
INSERT INTO CUSTOMERS (id, first_name, last_name) values ('ea343e18-3e2c-43f7-9089-2912a7539d8b', 'Ashley', 'Jenkins');
INSERT INTO CUSTOMER_IDENTIFIERS (customer_id, identifier_id, identifier_value) values ('ea343e18-3e2c-43f7-9089-2912a7539d8b', 103, '587-532-19-65');
INSERT INTO CUSTOMER_ADDRESSES (address_id, customer_id, address_type, street_address, zip_code, city, country) values ('72af8e6d-e158-4a90-9a99-fcbf30d00b0a', 'ea343e18-3e2c-43f7-9089-2912a7539d8b', 'R', '59098 Jakubowski Club', '22072-6674', 'Tedstad', 'Togo');
INSERT INTO CUSTOMERS (id, first_name, last_name) values ('ec2fab16-e36e-4cd5-a820-bb4ec9989d01', 'Mila', 'Grimes');
INSERT INTO CUSTOMER_IDENTIFIERS (customer_id, identifier_id, identifier_value) values ('ec2fab16-e36e-4cd5-a820-bb4ec9989d01', 101, '07715323741');
INSERT INTO CUSTOMER_IDENTIFIERS (customer_id, identifier_id, identifier_value) values ('ec2fab16-e36e-4cd5-a820-bb4ec9989d01', 103, '661-510-63-15');
INSERT INTO CUSTOMER_ADDRESSES (address_id, customer_id, address_type, street_address, zip_code, city, country) values ('2d872276-d65b-455b-9387-e117aa852ceb', 'ec2fab16-e36e-4cd5-a820-bb4ec9989d01', 'R', '120 Willard Spur', '77927', 'South Tomeka', 'Sudan');
INSERT INTO CUSTOMER_ADDRESSES (address_id, customer_id, address_type, street_address, zip_code, city, country) values ('7e096d3d-9015-4839-b601-3598d52dae39', 'ec2fab16-e36e-4cd5-a820-bb4ec9989d01', 'M', '9628 Jackelyn Field', '02667', 'South Bernardo', 'Gambia');
INSERT INTO CUSTOMERS (id, first_name, last_name) values ('82a65112-0518-4c37-a73c-f64532c17299', 'Brande', 'Runolfsson');
INSERT INTO CUSTOMER_IDENTIFIERS (customer_id, identifier_id, identifier_value) values ('82a65112-0518-4c37-a73c-f64532c17299', 103, '213-481-74-84');
INSERT INTO CUSTOMER_ADDRESSES (address_id, customer_id, address_type, street_address, zip_code, city, country) values ('0a379e1c-0814-4ab3-8dd1-0d137b15012c', '82a65112-0518-4c37-a73c-f64532c17299', 'R', '699 Alva Junctions', '50046-9217', 'East Adrian', 'Saint Kitts and Nevis');
INSERT INTO CUSTOMERS (id, first_name, last_name) values ('f4614ae5-fddb-40d3-aaad-6fe27aafc434', 'Dewey', 'Mante');
INSERT INTO CUSTOMER_IDENTIFIERS (customer_id, identifier_id, identifier_value) values ('f4614ae5-fddb-40d3-aaad-6fe27aafc434', 101, '72151469220');
INSERT INTO CUSTOMER_IDENTIFIERS (customer_id, identifier_id, identifier_value) values ('f4614ae5-fddb-40d3-aaad-6fe27aafc434', 102, '088022283');
INSERT INTO CUSTOMER_IDENTIFIERS (customer_id, identifier_id, identifier_value) values ('f4614ae5-fddb-40d3-aaad-6fe27aafc434', 103, '728-779-40-51');
INSERT INTO CUSTOMER_ADDRESSES (address_id, customer_id, address_type, street_address, zip_code, city, country) values ('aa0723fa-d73e-44a0-84b4-e5203f3f9fc0', 'f4614ae5-fddb-40d3-aaad-6fe27aafc434', 'R', '54850 Raphael Burg', '84413-4584', 'South Mitchel', 'Costa Rica');
INSERT INTO CUSTOMERS (id, first_name, last_name) values ('2c51fa5a-c020-427f-99d9-a71a02bf1907', 'Reita', 'Schmitt');
INSERT INTO CUSTOMER_IDENTIFIERS (customer_id, identifier_id, identifier_value) values ('2c51fa5a-c020-427f-99d9-a71a02bf1907', 102, '279933046');
INSERT INTO CUSTOMER_IDENTIFIERS (customer_id, identifier_id, identifier_value) values ('2c51fa5a-c020-427f-99d9-a71a02bf1907', 103, '242-142-65-98');
INSERT INTO CUSTOMER_ADDRESSES (address_id, customer_id, address_type, street_address, zip_code, city, country) values ('de012ef9-6ea9-49c6-a052-58213dd8041e', '2c51fa5a-c020-427f-99d9-a71a02bf1907', 'R', '690 Kozey Inlet', '99612-3614', 'Lake Earletown', 'United Kingdom');
INSERT INTO CUSTOMERS (id, first_name, last_name) values ('e352fbc9-8ad6-44ea-8e75-e8797f1d6e27', 'Rex', 'Hoppe');
INSERT INTO CUSTOMER_IDENTIFIERS (customer_id, identifier_id, identifier_value) values ('e352fbc9-8ad6-44ea-8e75-e8797f1d6e27', 101, '81767135476');
INSERT INTO CUSTOMER_ADDRESSES (address_id, customer_id, address_type, street_address, zip_code, city, country) values ('35210e01-433a-4f92-90c0-8de11760c7f4', 'e352fbc9-8ad6-44ea-8e75-e8797f1d6e27', 'R', '29177 Dick Pass', '09004', 'North Bradford', 'Senegal');
INSERT INTO CUSTOMER_ADDRESSES (address_id, customer_id, address_type, street_address, zip_code, city, country) values ('d1704666-4b58-46cb-b948-e58e564e3e87', 'e352fbc9-8ad6-44ea-8e75-e8797f1d6e27', 'M', '64531 Joellen Turnpike', '68615', 'South Cole', 'Swaziland');
INSERT INTO CUSTOMERS (id, first_name, last_name) values ('995cf826-e69f-419a-9d5a-679985e72e6e', 'Vina', 'Rippin');
INSERT INTO CUSTOMER_IDENTIFIERS (customer_id, identifier_id, identifier_value) values ('995cf826-e69f-419a-9d5a-679985e72e6e', 102, '175474074');
INSERT INTO CUSTOMER_IDENTIFIERS (customer_id, identifier_id, identifier_value) values ('995cf826-e69f-419a-9d5a-679985e72e6e', 103, '030-736-15-04');
INSERT INTO CUSTOMER_ADDRESSES (address_id, customer_id, address_type, street_address, zip_code, city, country) values ('f665b970-bdae-464d-8368-2f0f72d0f79b', '995cf826-e69f-419a-9d5a-679985e72e6e', 'R', '94869 Shaunda Crescent', '52177-6308', 'New Jenniport', 'Comoros');
INSERT INTO CUSTOMERS (id, first_name, last_name) values ('7fddf50b-bf4b-405a-b67f-6342b8ecdcee', 'Sherill', 'Bins');
INSERT INTO CUSTOMER_IDENTIFIERS (customer_id, identifier_id, identifier_value) values ('7fddf50b-bf4b-405a-b67f-6342b8ecdcee', 101, '91787221426');
INSERT INTO CUSTOMER_IDENTIFIERS (customer_id, identifier_id, identifier_value) values ('7fddf50b-bf4b-405a-b67f-6342b8ecdcee', 102, '240833109');
INSERT INTO CUSTOMER_IDENTIFIERS (customer_id, identifier_id, identifier_value) values ('7fddf50b-bf4b-405a-b67f-6342b8ecdcee', 103, '815-121-61-45');
INSERT INTO CUSTOMER_ADDRESSES (address_id, customer_id, address_type, street_address, zip_code, city, country) values ('0fe1fa48-929e-4c9f-b840-b73279a3e416', '7fddf50b-bf4b-405a-b67f-6342b8ecdcee', 'R', '081 Han Circle', '17047', 'Hermannfurt', 'Cameroon');
INSERT INTO CUSTOMERS (id, first_name, last_name) values ('065a1f12-7122-4811-a87b-6f946a862df9', 'Charley', 'O''Connell');
INSERT INTO CUSTOMER_IDENTIFIERS (customer_id, identifier_id, identifier_value) values ('065a1f12-7122-4811-a87b-6f946a862df9', 101, '75800778806');
INSERT INTO CUSTOMER_IDENTIFIERS (customer_id, identifier_id, identifier_value) values ('065a1f12-7122-4811-a87b-6f946a862df9', 103, '253-647-40-72');
INSERT INTO CUSTOMER_ADDRESSES (address_id, customer_id, address_type, street_address, zip_code, city, country) values ('e9bc6db7-ceee-46c6-85cd-2d7203978854', '065a1f12-7122-4811-a87b-6f946a862df9', 'R', '47259 Koelpin Manors', '13586-0965', 'Goyettemouth', 'Syrian Arab Republic');
INSERT INTO CUSTOMER_ADDRESSES (address_id, customer_id, address_type, street_address, zip_code, city, country) values ('56f9a68f-1dc9-4d7d-a437-c5b476446e1a', '065a1f12-7122-4811-a87b-6f946a862df9', 'M', '82769 Chad Springs', '73804-0264', 'Port Ernestine', 'Morocco');
INSERT INTO CUSTOMERS (id, first_name, last_name) values ('3b1f301d-202b-4945-8eab-29da1a55dda3', 'Jarrod', 'Becker');
INSERT INTO CUSTOMER_IDENTIFIERS (customer_id, identifier_id, identifier_value) values ('3b1f301d-202b-4945-8eab-29da1a55dda3', 102, '724036455');
INSERT INTO CUSTOMER_ADDRESSES (address_id, customer_id, address_type, street_address, zip_code, city, country) values ('57dfccf8-0ee7-405b-991a-2f12962d1ec0', '3b1f301d-202b-4945-8eab-29da1a55dda3', 'R', '4024 Koelpin Lake', '43834', 'Lake Elenora', 'Bangladesh');
INSERT INTO CUSTOMERS (id, first_name, last_name) values ('6b1fe75f-55a3-47fb-aa13-0260d961ce43', 'Lucien', 'Greenfelder');
INSERT INTO CUSTOMER_IDENTIFIERS (customer_id, identifier_id, identifier_value) values ('6b1fe75f-55a3-47fb-aa13-0260d961ce43', 102, '003634175');
INSERT INTO CUSTOMER_ADDRESSES (address_id, customer_id, address_type, street_address, zip_code, city, country) values ('785afeb4-3bec-41a5-bb10-5753dfecd578', '6b1fe75f-55a3-47fb-aa13-0260d961ce43', 'R', '7933 Aundrea Ville', '63321', 'Ivonneland', 'Guyana');
INSERT INTO CUSTOMERS (id, first_name, last_name) values ('73a8a8e9-fa56-405e-8d44-a8bb3c840715', 'Curtis', 'Waelchi');
INSERT INTO CUSTOMER_IDENTIFIERS (customer_id, identifier_id, identifier_value) values ('73a8a8e9-fa56-405e-8d44-a8bb3c840715', 101, '16730627901');
INSERT INTO CUSTOMER_IDENTIFIERS (customer_id, identifier_id, identifier_value) values ('73a8a8e9-fa56-405e-8d44-a8bb3c840715', 103, '535-233-62-20');
INSERT INTO CUSTOMER_ADDRESSES (address_id, customer_id, address_type, street_address, zip_code, city, country) values ('c9ac2abc-c857-49ba-9ab9-52f9f65713ac', '73a8a8e9-fa56-405e-8d44-a8bb3c840715', 'R', '1323 Graig Alley', '60641-1761', 'Grimesland', 'Cape Verde');
INSERT INTO CUSTOMER_ADDRESSES (address_id, customer_id, address_type, street_address, zip_code, city, country) values ('242d6eb3-0149-4f55-b782-d7856f9b5835', '73a8a8e9-fa56-405e-8d44-a8bb3c840715', 'M', '4323 Candida Crossing', '97952', 'Lemkeside', 'Switzerland');
INSERT INTO CUSTOMERS (id, first_name, last_name) values ('963d60ac-2e5d-46e0-a329-c8368285aeba', 'Berry', 'Flatley');
INSERT INTO CUSTOMER_IDENTIFIERS (customer_id, identifier_id, identifier_value) values ('963d60ac-2e5d-46e0-a329-c8368285aeba', 103, '883-979-39-52');
INSERT INTO CUSTOMER_ADDRESSES (address_id, customer_id, address_type, street_address, zip_code, city, country) values ('8a213198-12bd-40ef-bbf1-58191d123de1', '963d60ac-2e5d-46e0-a329-c8368285aeba', 'R', '02794 Mann Fork', '95318', 'Lake Dennis', 'Russian Federation');
INSERT INTO CUSTOMERS (id, first_name, last_name) values ('fecdf017-a9cd-4597-9fd7-9e647ebac864', 'Joey', 'Erdman');
INSERT INTO CUSTOMER_IDENTIFIERS (customer_id, identifier_id, identifier_value) values ('fecdf017-a9cd-4597-9fd7-9e647ebac864', 103, '607-094-07-40');
INSERT INTO CUSTOMER_ADDRESSES (address_id, customer_id, address_type, street_address, zip_code, city, country) values ('a56b7a46-2d74-4c60-8a9f-c81af46dd920', 'fecdf017-a9cd-4597-9fd7-9e647ebac864', 'R', '58492 Darcey Gateway', '50927', 'Lincolnview', 'Djibouti');
INSERT INTO CUSTOMERS (id, first_name, last_name) values ('ec73795e-df9f-480d-ab30-589505e0f31b', 'Lashaun', 'Huels');
INSERT INTO CUSTOMER_IDENTIFIERS (customer_id, identifier_id, identifier_value) values ('ec73795e-df9f-480d-ab30-589505e0f31b', 101, '01024242573');
INSERT INTO CUSTOMER_IDENTIFIERS (customer_id, identifier_id, identifier_value) values ('ec73795e-df9f-480d-ab30-589505e0f31b', 102, '401914177');
INSERT INTO CUSTOMER_IDENTIFIERS (customer_id, identifier_id, identifier_value) values ('ec73795e-df9f-480d-ab30-589505e0f31b', 103, '940-501-34-55');
INSERT INTO CUSTOMER_ADDRESSES (address_id, customer_id, address_type, street_address, zip_code, city, country) values ('c8a3a3b7-425f-4065-9744-d2d97d64655a', 'ec73795e-df9f-480d-ab30-589505e0f31b', 'R', '421 Nolan Street', '13721', 'Lake Luzborough', 'Tokelau');
INSERT INTO CUSTOMERS (id, first_name, last_name) values ('d87bbd20-ac6f-4a85-81b1-f34ce88c570a', 'Marie', 'Breitenberg');
INSERT INTO CUSTOMER_IDENTIFIERS (customer_id, identifier_id, identifier_value) values ('d87bbd20-ac6f-4a85-81b1-f34ce88c570a', 102, '539090686');
INSERT INTO CUSTOMER_ADDRESSES (address_id, customer_id, address_type, street_address, zip_code, city, country) values ('ca0869bd-a998-4584-8fa3-eb4c8659fbfc', 'd87bbd20-ac6f-4a85-81b1-f34ce88c570a', 'R', '9265 Kerluke Plain', '48127-5992', 'Vonmouth', 'Burkina Faso');
INSERT INTO CUSTOMER_ADDRESSES (address_id, customer_id, address_type, street_address, zip_code, city, country) values ('40ca5eff-669b-48b1-afdd-526630d9eec5', 'd87bbd20-ac6f-4a85-81b1-f34ce88c570a', 'M', '7042 Dino Estate', '78506-5033', 'Rosariofort', 'Morocco');
INSERT INTO CUSTOMERS (id, first_name, last_name) values ('e2145f9e-e8ea-4e55-bf2c-26823e7daf87', 'Robbie', 'Runolfsson');
INSERT INTO CUSTOMER_IDENTIFIERS (customer_id, identifier_id, identifier_value) values ('e2145f9e-e8ea-4e55-bf2c-26823e7daf87', 102, '951777310');
INSERT INTO CUSTOMER_ADDRESSES (address_id, customer_id, address_type, street_address, zip_code, city, country) values ('68b2f36d-c399-4037-b9c9-6f37a7b843f4', 'e2145f9e-e8ea-4e55-bf2c-26823e7daf87', 'R', '84896 Prohaska Pike', '59523-9091', 'Lake Buddy', 'Afghanistan');
INSERT INTO CUSTOMER_ADDRESSES (address_id, customer_id, address_type, street_address, zip_code, city, country) values ('b7f383bb-c1bd-4ff1-80bd-003a147ca258', 'e2145f9e-e8ea-4e55-bf2c-26823e7daf87', 'M', '855 Wiza Rapids', '03717-8166', 'East Dustyfurt', 'Tanzania');
INSERT INTO CUSTOMERS (id, first_name, last_name) values ('49e04442-66b2-40ea-9bf1-66247d161287', 'Otto', 'Kuvalis');
INSERT INTO CUSTOMER_IDENTIFIERS (customer_id, identifier_id, identifier_value) values ('49e04442-66b2-40ea-9bf1-66247d161287', 101, '07666133315');
INSERT INTO CUSTOMER_IDENTIFIERS (customer_id, identifier_id, identifier_value) values ('49e04442-66b2-40ea-9bf1-66247d161287', 103, '388-137-06-53');
INSERT INTO CUSTOMER_ADDRESSES (address_id, customer_id, address_type, street_address, zip_code, city, country) values ('abfd7840-250c-440f-a636-667fa4e581ee', '49e04442-66b2-40ea-9bf1-66247d161287', 'R', '4919 Oralee Shore', '15295-9269', 'Jakubowskifort', 'Turkmenistan');
INSERT INTO CUSTOMERS (id, first_name, last_name) values ('9551d1ee-6619-4a0b-9f13-f301614ef6dd', 'Arden', 'Windler');
INSERT INTO CUSTOMER_IDENTIFIERS (customer_id, identifier_id, identifier_value) values ('9551d1ee-6619-4a0b-9f13-f301614ef6dd', 102, '395113153');
INSERT INTO CUSTOMER_ADDRESSES (address_id, customer_id, address_type, street_address, zip_code, city, country) values ('b4b2ef0b-3d87-482a-942b-938d84df9558', '9551d1ee-6619-4a0b-9f13-f301614ef6dd', 'R', '0340 Norberto Stream', '18722-1081', 'Isidroview', 'United Kingdom');
INSERT INTO CUSTOMER_ADDRESSES (address_id, customer_id, address_type, street_address, zip_code, city, country) values ('c8623803-d289-400a-9974-4ccb86db66a6', '9551d1ee-6619-4a0b-9f13-f301614ef6dd', 'M', '9421 Williamson Falls', '96692', 'New Trinidad', 'Finland');
INSERT INTO CUSTOMERS (id, first_name, last_name) values ('30dab431-e71c-4152-ac9b-c1a86cae0cb1', 'Roosevelt', 'Gleason');
INSERT INTO CUSTOMER_IDENTIFIERS (customer_id, identifier_id, identifier_value) values ('30dab431-e71c-4152-ac9b-c1a86cae0cb1', 103, '940-605-17-14');
INSERT INTO CUSTOMER_ADDRESSES (address_id, customer_id, address_type, street_address, zip_code, city, country) values ('ce3d87b9-0302-4492-a6fe-16aa8448f503', '30dab431-e71c-4152-ac9b-c1a86cae0cb1', 'R', '8712 Migdalia Row', '15885', 'Juanitafort', 'Cocos (Keeling) Islands');
INSERT INTO CUSTOMERS (id, first_name, last_name) values ('7507e166-ebc4-4dbb-a0d4-1f025ff4546f', 'Duncan', 'Kautzer');
INSERT INTO CUSTOMER_IDENTIFIERS (customer_id, identifier_id, identifier_value) values ('7507e166-ebc4-4dbb-a0d4-1f025ff4546f', 101, '45981577373');
INSERT INTO CUSTOMER_IDENTIFIERS (customer_id, identifier_id, identifier_value) values ('7507e166-ebc4-4dbb-a0d4-1f025ff4546f', 102, '238641965');
INSERT INTO CUSTOMER_IDENTIFIERS (customer_id, identifier_id, identifier_value) values ('7507e166-ebc4-4dbb-a0d4-1f025ff4546f', 103, '683-690-04-25');
INSERT INTO CUSTOMER_ADDRESSES (address_id, customer_id, address_type, street_address, zip_code, city, country) values ('8a9c6b65-f920-46d5-9633-1fd276861f1b', '7507e166-ebc4-4dbb-a0d4-1f025ff4546f', 'R', '6361 Columbus Plain', '26907', 'New Boyd', 'Democratic People''s Republic of Korea');
INSERT INTO CUSTOMER_ADDRESSES (address_id, customer_id, address_type, street_address, zip_code, city, country) values ('85daabe4-03dd-4cb8-98d3-7a8256808912', '7507e166-ebc4-4dbb-a0d4-1f025ff4546f', 'M', '3218 Beier Streets', '08106-3950', 'North Robbiemouth', 'Marshall Islands');
INSERT INTO CUSTOMERS (id, first_name, last_name) values ('373dc565-51e4-43ca-83b6-f85fcc29e158', 'Jessi', 'Hayes');
INSERT INTO CUSTOMER_IDENTIFIERS (customer_id, identifier_id, identifier_value) values ('373dc565-51e4-43ca-83b6-f85fcc29e158', 102, '555670878');
INSERT INTO CUSTOMER_ADDRESSES (address_id, customer_id, address_type, street_address, zip_code, city, country) values ('861d62f5-c15b-42bc-a0ba-19ecc5abbdbb', '373dc565-51e4-43ca-83b6-f85fcc29e158', 'R', '065 Ivelisse Drive', '94646', 'East Jodyfort', 'Fiji');
INSERT INTO CUSTOMERS (id, first_name, last_name) values ('713b5fba-9b4d-4ce6-b518-0c453d487c7a', 'Quinn', 'Hodkiewicz');
INSERT INTO CUSTOMER_IDENTIFIERS (customer_id, identifier_id, identifier_value) values ('713b5fba-9b4d-4ce6-b518-0c453d487c7a', 102, '054772755');
INSERT INTO CUSTOMER_IDENTIFIERS (customer_id, identifier_id, identifier_value) values ('713b5fba-9b4d-4ce6-b518-0c453d487c7a', 103, '617-149-89-66');
INSERT INTO CUSTOMER_ADDRESSES (address_id, customer_id, address_type, street_address, zip_code, city, country) values ('3dba1896-d262-4fd8-9bde-896511210ab8', '713b5fba-9b4d-4ce6-b518-0c453d487c7a', 'R', '28744 Jeremiah Tunnel', '70375-8185', 'East Sherice', 'Jersey');
INSERT INTO CUSTOMERS (id, first_name, last_name) values ('e1404047-602b-4aed-a89d-dca8eba0fc78', 'Kerry', 'Mosciski');
INSERT INTO CUSTOMER_IDENTIFIERS (customer_id, identifier_id, identifier_value) values ('e1404047-602b-4aed-a89d-dca8eba0fc78', 101, '93631697164');
INSERT INTO CUSTOMER_ADDRESSES (address_id, customer_id, address_type, street_address, zip_code, city, country) values ('c99cc88a-0a91-4b52-a49d-32bf3a5f00c3', 'e1404047-602b-4aed-a89d-dca8eba0fc78', 'R', '0011 Mueller Mews', '18489', 'Herbertfurt', 'Colombia');
INSERT INTO CUSTOMERS (id, first_name, last_name) values ('e1a1ff0d-7eee-4512-ad0e-4d9c4cbf7e12', 'Suzie', 'Pollich');
INSERT INTO CUSTOMER_IDENTIFIERS (customer_id, identifier_id, identifier_value) values ('e1a1ff0d-7eee-4512-ad0e-4d9c4cbf7e12', 102, '094421606');
INSERT INTO CUSTOMER_IDENTIFIERS (customer_id, identifier_id, identifier_value) values ('e1a1ff0d-7eee-4512-ad0e-4d9c4cbf7e12', 103, '218-309-61-99');
INSERT INTO CUSTOMER_ADDRESSES (address_id, customer_id, address_type, street_address, zip_code, city, country) values ('e0a37868-9839-4a51-b10c-d10015a59c80', 'e1a1ff0d-7eee-4512-ad0e-4d9c4cbf7e12', 'R', '7258 Gale Trail', '20828-9846', 'Rippinview', 'Mauritania');
INSERT INTO CUSTOMER_ADDRESSES (address_id, customer_id, address_type, street_address, zip_code, city, country) values ('0d09bbfd-84e1-4523-9193-a1cf4d35b26e', 'e1a1ff0d-7eee-4512-ad0e-4d9c4cbf7e12', 'M', '103 Durgan Rest', '13157-9862', 'Port Evangelineport', 'Bahrain');
INSERT INTO CUSTOMERS (id, first_name, last_name) values ('bcce5dd6-5805-47f7-a975-9e54efb682ac', 'Danny', 'Wunsch');
INSERT INTO CUSTOMER_IDENTIFIERS (customer_id, identifier_id, identifier_value) values ('bcce5dd6-5805-47f7-a975-9e54efb682ac', 102, '554506627');
INSERT INTO CUSTOMER_IDENTIFIERS (customer_id, identifier_id, identifier_value) values ('bcce5dd6-5805-47f7-a975-9e54efb682ac', 103, '539-274-97-71');
INSERT INTO CUSTOMER_ADDRESSES (address_id, customer_id, address_type, street_address, zip_code, city, country) values ('e7b8d571-388c-4a27-b14d-bc19787b2d18', 'bcce5dd6-5805-47f7-a975-9e54efb682ac', 'R', '50200 Luciana Port', '32604-0774', 'Tyeshaview', 'Christmas Island');
INSERT INTO CUSTOMERS (id, first_name, last_name) values ('84f3685c-1b4b-423b-a057-bc1a2afc8722', 'Jacquie', 'Nitzsche');
INSERT INTO CUSTOMER_IDENTIFIERS (customer_id, identifier_id, identifier_value) values ('84f3685c-1b4b-423b-a057-bc1a2afc8722', 101, '78001562591');
INSERT INTO CUSTOMER_IDENTIFIERS (customer_id, identifier_id, identifier_value) values ('84f3685c-1b4b-423b-a057-bc1a2afc8722', 102, '918186901');
INSERT INTO CUSTOMER_IDENTIFIERS (customer_id, identifier_id, identifier_value) values ('84f3685c-1b4b-423b-a057-bc1a2afc8722', 103, '662-262-57-19');
INSERT INTO CUSTOMER_ADDRESSES (address_id, customer_id, address_type, street_address, zip_code, city, country) values ('a24cb9be-500d-4cee-a9d1-54f6762c10f0', '84f3685c-1b4b-423b-a057-bc1a2afc8722', 'R', '5611 Kutch Union', '41417', 'Fredrickaton', 'Bouvet Island (Bouvetoya)');
INSERT INTO CUSTOMERS (id, first_name, last_name) values ('000d8d39-7f12-4220-9b38-5b91c7bd89b7', 'Kattie', 'Wilderman');
INSERT INTO CUSTOMER_IDENTIFIERS (customer_id, identifier_id, identifier_value) values ('000d8d39-7f12-4220-9b38-5b91c7bd89b7', 102, '007404423');
INSERT INTO CUSTOMER_IDENTIFIERS (customer_id, identifier_id, identifier_value) values ('000d8d39-7f12-4220-9b38-5b91c7bd89b7', 103, '946-384-58-37');
INSERT INTO CUSTOMER_ADDRESSES (address_id, customer_id, address_type, street_address, zip_code, city, country) values ('81aea675-7ac5-4b19-88b6-e9ca146a823d', '000d8d39-7f12-4220-9b38-5b91c7bd89b7', 'R', '84797 Shad Cliff', '06545-8009', 'East Ahmed', 'Chile');
INSERT INTO CUSTOMERS (id, first_name, last_name) values ('b2cc3e3c-14bb-464e-81e8-ceb87f417123', 'Alberto', 'Brekke');
INSERT INTO CUSTOMER_IDENTIFIERS (customer_id, identifier_id, identifier_value) values ('b2cc3e3c-14bb-464e-81e8-ceb87f417123', 101, '86545044648');
INSERT INTO CUSTOMER_IDENTIFIERS (customer_id, identifier_id, identifier_value) values ('b2cc3e3c-14bb-464e-81e8-ceb87f417123', 102, '185481680');
INSERT INTO CUSTOMER_ADDRESSES (address_id, customer_id, address_type, street_address, zip_code, city, country) values ('9cf8fef6-8975-40b0-9fce-770c80850ed4', 'b2cc3e3c-14bb-464e-81e8-ceb87f417123', 'R', '419 Effertz Junctions', '95053', 'Miriammouth', 'Antigua and Barbuda');
INSERT INTO CUSTOMERS (id, first_name, last_name) values ('824c65d2-f29c-47c5-b97c-2101e36b50ab', 'Maynard', 'McDermott');
INSERT INTO CUSTOMER_IDENTIFIERS (customer_id, identifier_id, identifier_value) values ('824c65d2-f29c-47c5-b97c-2101e36b50ab', 102, '956676968');
INSERT INTO CUSTOMER_ADDRESSES (address_id, customer_id, address_type, street_address, zip_code, city, country) values ('9d14bc65-6a6a-4f8a-b8f6-c09aabc10cdd', '824c65d2-f29c-47c5-b97c-2101e36b50ab', 'R', '00334 Luciano Stream', '85300-1046', 'Hortenciabury', 'Western Sahara');
INSERT INTO CUSTOMER_ADDRESSES (address_id, customer_id, address_type, street_address, zip_code, city, country) values ('47f7ec78-58d9-4c2e-8e36-a306cc80d84e', '824c65d2-f29c-47c5-b97c-2101e36b50ab', 'M', '221 Gislason Mount', '31604', 'Baileybury', 'Papua New Guinea');
INSERT INTO CUSTOMERS (id, first_name, last_name) values ('ea22dd00-f0cd-4c8c-8cba-f41bf1811af9', 'Dreama', 'McLaughlin');
INSERT INTO CUSTOMER_IDENTIFIERS (customer_id, identifier_id, identifier_value) values ('ea22dd00-f0cd-4c8c-8cba-f41bf1811af9', 102, '447960203');
INSERT INTO CUSTOMER_ADDRESSES (address_id, customer_id, address_type, street_address, zip_code, city, country) values ('29bf3f93-7641-486c-aee6-b830b72645f2', 'ea22dd00-f0cd-4c8c-8cba-f41bf1811af9', 'R', '8331 Yost Lane', '37162', 'Port Cecilchester', 'Botswana');
INSERT INTO CUSTOMER_ADDRESSES (address_id, customer_id, address_type, street_address, zip_code, city, country) values ('9b33213b-cdd9-44a3-8648-6d3e6440b5be', 'ea22dd00-f0cd-4c8c-8cba-f41bf1811af9', 'M', '925 Dwain Walk', '05521', 'Sandiburgh', 'Pitcairn Islands');
INSERT INTO CUSTOMERS (id, first_name, last_name) values ('bd4966ec-c25d-45d7-a938-5ad2e1d51d9c', 'Palma', 'Kunze');
INSERT INTO CUSTOMER_IDENTIFIERS (customer_id, identifier_id, identifier_value) values ('bd4966ec-c25d-45d7-a938-5ad2e1d51d9c', 101, '88765385908');
INSERT INTO CUSTOMER_IDENTIFIERS (customer_id, identifier_id, identifier_value) values ('bd4966ec-c25d-45d7-a938-5ad2e1d51d9c', 103, '605-152-94-24');
INSERT INTO CUSTOMER_ADDRESSES (address_id, customer_id, address_type, street_address, zip_code, city, country) values ('29daf0e0-514c-45f4-a9a3-1c9cd9e2bc6f', 'bd4966ec-c25d-45d7-a938-5ad2e1d51d9c', 'R', '796 Windler Vista', '98294-3077', 'South Jeanmariechester', 'Argentina');
INSERT INTO CUSTOMERS (id, first_name, last_name) values ('e646da85-ae71-4132-8dd4-45abe1919a72', 'Shauna', 'Marvin');
INSERT INTO CUSTOMER_IDENTIFIERS (customer_id, identifier_id, identifier_value) values ('e646da85-ae71-4132-8dd4-45abe1919a72', 101, '61778255784');
INSERT INTO CUSTOMER_IDENTIFIERS (customer_id, identifier_id, identifier_value) values ('e646da85-ae71-4132-8dd4-45abe1919a72', 102, '824108937');
INSERT INTO CUSTOMER_ADDRESSES (address_id, customer_id, address_type, street_address, zip_code, city, country) values ('9388257e-cb04-4cc5-a59c-0bbae5d5d7fb', 'e646da85-ae71-4132-8dd4-45abe1919a72', 'R', '9221 Rohan Manor', '83904', 'Rodriguezfurt', 'Mexico');
INSERT INTO CUSTOMERS (id, first_name, last_name) values ('345ab7f2-ca5e-4e9b-bcbe-93cf85ed6727', 'Belinda', 'Bednar');
INSERT INTO CUSTOMER_IDENTIFIERS (customer_id, identifier_id, identifier_value) values ('345ab7f2-ca5e-4e9b-bcbe-93cf85ed6727', 101, '89519979128');
INSERT INTO CUSTOMER_ADDRESSES (address_id, customer_id, address_type, street_address, zip_code, city, country) values ('4f64cb1f-4067-4181-9f28-b1213346a217', '345ab7f2-ca5e-4e9b-bcbe-93cf85ed6727', 'R', '01232 Eddy Mount', '50351', 'Pollichberg', 'Mexico');
INSERT INTO CUSTOMERS (id, first_name, last_name) values ('bf3edc89-9fc7-4b33-96e5-9edb0f76d3aa', 'Gilberto', 'Runte');
INSERT INTO CUSTOMER_IDENTIFIERS (customer_id, identifier_id, identifier_value) values ('bf3edc89-9fc7-4b33-96e5-9edb0f76d3aa', 101, '10103599681');
INSERT INTO CUSTOMER_IDENTIFIERS (customer_id, identifier_id, identifier_value) values ('bf3edc89-9fc7-4b33-96e5-9edb0f76d3aa', 103, '892-230-51-35');
INSERT INTO CUSTOMER_ADDRESSES (address_id, customer_id, address_type, street_address, zip_code, city, country) values ('7c760d20-c81d-4b03-8fe9-e9c8d701e7f1', 'bf3edc89-9fc7-4b33-96e5-9edb0f76d3aa', 'R', '67036 Lehner Street', '10267', 'Fredrichaven', 'Burkina Faso');
INSERT INTO CUSTOMER_ADDRESSES (address_id, customer_id, address_type, street_address, zip_code, city, country) values ('1bf91064-68d2-4548-b644-f16fc91ce1de', 'bf3edc89-9fc7-4b33-96e5-9edb0f76d3aa', 'M', '35493 Legros Park', '68546-9055', 'East Charley', 'Bhutan');
INSERT INTO CUSTOMERS (id, first_name, last_name) values ('aa0f2a6b-55a3-4c14-b7bf-4ef3f5dbe05f', 'Desmond', 'Hudson');
INSERT INTO CUSTOMER_IDENTIFIERS (customer_id, identifier_id, identifier_value) values ('aa0f2a6b-55a3-4c14-b7bf-4ef3f5dbe05f', 101, '67627342627');
INSERT INTO CUSTOMER_IDENTIFIERS (customer_id, identifier_id, identifier_value) values ('aa0f2a6b-55a3-4c14-b7bf-4ef3f5dbe05f', 102, '433021955');
INSERT INTO CUSTOMER_IDENTIFIERS (customer_id, identifier_id, identifier_value) values ('aa0f2a6b-55a3-4c14-b7bf-4ef3f5dbe05f', 103, '843-664-99-14');
INSERT INTO CUSTOMER_ADDRESSES (address_id, customer_id, address_type, street_address, zip_code, city, country) values ('d854b05f-033d-4acb-aa47-375289c1d94c', 'aa0f2a6b-55a3-4c14-b7bf-4ef3f5dbe05f', 'R', '534 DuBuque Parkway', '15328', 'Marentown', 'Hong Kong');
INSERT INTO CUSTOMERS (id, first_name, last_name) values ('b667b926-bf64-47f1-ad00-a662afb3b211', 'Jon', 'Schroeder');
INSERT INTO CUSTOMER_IDENTIFIERS (customer_id, identifier_id, identifier_value) values ('b667b926-bf64-47f1-ad00-a662afb3b211', 102, '704158536');
INSERT INTO CUSTOMER_ADDRESSES (address_id, customer_id, address_type, street_address, zip_code, city, country) values ('f8075040-f4bd-472d-b606-0f959bfb7d64', 'b667b926-bf64-47f1-ad00-a662afb3b211', 'R', '30607 Bethany Parkways', '68860-9011', 'Lynchburgh', 'Ethiopia');
INSERT INTO CUSTOMERS (id, first_name, last_name) values ('dd2c3111-1f39-4348-a9fa-7bc4a31ceac7', 'Elia', 'Bernier');
INSERT INTO CUSTOMER_IDENTIFIERS (customer_id, identifier_id, identifier_value) values ('dd2c3111-1f39-4348-a9fa-7bc4a31ceac7', 101, '47127298828');
INSERT INTO CUSTOMER_IDENTIFIERS (customer_id, identifier_id, identifier_value) values ('dd2c3111-1f39-4348-a9fa-7bc4a31ceac7', 103, '829-326-60-65');
INSERT INTO CUSTOMER_ADDRESSES (address_id, customer_id, address_type, street_address, zip_code, city, country) values ('a6eb0733-c21c-4ec7-822b-93c6804d8f7f', 'dd2c3111-1f39-4348-a9fa-7bc4a31ceac7', 'R', '830 Alda Views', '73135-8346', 'Lake Jessiechester', 'Macao');
INSERT INTO CUSTOMERS (id, first_name, last_name) values ('11cc8e3c-1040-409f-b3ca-9af3d3a30377', 'Cordia', 'Waters');
INSERT INTO CUSTOMER_IDENTIFIERS (customer_id, identifier_id, identifier_value) values ('11cc8e3c-1040-409f-b3ca-9af3d3a30377', 102, '612518041');
INSERT INTO CUSTOMER_IDENTIFIERS (customer_id, identifier_id, identifier_value) values ('11cc8e3c-1040-409f-b3ca-9af3d3a30377', 103, '744-314-04-28');
INSERT INTO CUSTOMER_ADDRESSES (address_id, customer_id, address_type, street_address, zip_code, city, country) values ('52be47e7-78dc-4bfb-9866-f8dbaa35de31', '11cc8e3c-1040-409f-b3ca-9af3d3a30377', 'R', '4351 Jonathan Mountains', '86054', 'Lake Lesleyville', 'Norway');
INSERT INTO CUSTOMERS (id, first_name, last_name) values ('2882c475-ad34-43a8-8835-0ed066c94e0b', 'Marlon', 'Powlowski');
INSERT INTO CUSTOMER_IDENTIFIERS (customer_id, identifier_id, identifier_value) values ('2882c475-ad34-43a8-8835-0ed066c94e0b', 103, '815-506-83-07');
INSERT INTO CUSTOMER_ADDRESSES (address_id, customer_id, address_type, street_address, zip_code, city, country) values ('186d10e8-1e35-4e00-8674-9926741a8618', '2882c475-ad34-43a8-8835-0ed066c94e0b', 'R', '8695 Edgar Rest', '49543', 'Port Dannieburgh', 'Portugal');
INSERT INTO CUSTOMER_ADDRESSES (address_id, customer_id, address_type, street_address, zip_code, city, country) values ('53d6a6f3-97eb-4253-826e-2c35f4f7fd97', '2882c475-ad34-43a8-8835-0ed066c94e0b', 'M', '53311 Schroeder Views', '71028-7379', 'Rickfort', 'Tuvalu');
INSERT INTO CUSTOMERS (id, first_name, last_name) values ('8a35687c-b877-4f55-9eec-546e7f3fbd5a', 'Lashawn', 'Lesch');
INSERT INTO CUSTOMER_IDENTIFIERS (customer_id, identifier_id, identifier_value) values ('8a35687c-b877-4f55-9eec-546e7f3fbd5a', 101, '71278210814');
INSERT INTO CUSTOMER_IDENTIFIERS (customer_id, identifier_id, identifier_value) values ('8a35687c-b877-4f55-9eec-546e7f3fbd5a', 102, '890692692');
INSERT INTO CUSTOMER_IDENTIFIERS (customer_id, identifier_id, identifier_value) values ('8a35687c-b877-4f55-9eec-546e7f3fbd5a', 103, '784-788-70-69');
INSERT INTO CUSTOMER_ADDRESSES (address_id, customer_id, address_type, street_address, zip_code, city, country) values ('e6ffeb74-889d-4f3f-bd41-b30865f111be', '8a35687c-b877-4f55-9eec-546e7f3fbd5a', 'R', '31328 Rashad Course', '14287-3032', 'Lake Marciview', 'Tonga');
INSERT INTO CUSTOMERS (id, first_name, last_name) values ('14a24cc0-2128-4262-98cb-54c83190bf45', 'Lashaunda', 'Goyette');
INSERT INTO CUSTOMER_IDENTIFIERS (customer_id, identifier_id, identifier_value) values ('14a24cc0-2128-4262-98cb-54c83190bf45', 102, '224777820');
INSERT INTO CUSTOMER_IDENTIFIERS (customer_id, identifier_id, identifier_value) values ('14a24cc0-2128-4262-98cb-54c83190bf45', 103, '419-464-20-85');
INSERT INTO CUSTOMER_ADDRESSES (address_id, customer_id, address_type, street_address, zip_code, city, country) values ('01699244-37f5-4bd5-9417-9d16dca7fc16', '14a24cc0-2128-4262-98cb-54c83190bf45', 'R', '316 Simona Stravenue', '82874-3795', 'Ryanshire', 'Yemen');
INSERT INTO CUSTOMERS (id, first_name, last_name) values ('a55e7250-42aa-42ca-ba47-6aaad0b2f819', 'Lena', 'Botsford');
INSERT INTO CUSTOMER_IDENTIFIERS (customer_id, identifier_id, identifier_value) values ('a55e7250-42aa-42ca-ba47-6aaad0b2f819', 103, '719-459-07-64');
INSERT INTO CUSTOMER_ADDRESSES (address_id, customer_id, address_type, street_address, zip_code, city, country) values ('09da6e6c-8621-4f8a-81f4-3ab7a00277be', 'a55e7250-42aa-42ca-ba47-6aaad0b2f819', 'R', '250 Stefani Falls', '37922-6791', 'Lake Arthurberg', 'Ukraine');
INSERT INTO CUSTOMERS (id, first_name, last_name) values ('93b43e44-7d5d-4769-b4cb-85a93a58bc2d', 'Sherril', 'Heidenreich');
INSERT INTO CUSTOMER_IDENTIFIERS (customer_id, identifier_id, identifier_value) values ('93b43e44-7d5d-4769-b4cb-85a93a58bc2d', 101, '89512464751');
INSERT INTO CUSTOMER_IDENTIFIERS (customer_id, identifier_id, identifier_value) values ('93b43e44-7d5d-4769-b4cb-85a93a58bc2d', 102, '934717769');
INSERT INTO CUSTOMER_ADDRESSES (address_id, customer_id, address_type, street_address, zip_code, city, country) values ('6c32db55-a3cb-4f67-a209-d3f2b0054c50', '93b43e44-7d5d-4769-b4cb-85a93a58bc2d', 'R', '21435 Ratke Oval', '49222', 'Violethaven', 'Central African Republic');
INSERT INTO CUSTOMER_ADDRESSES (address_id, customer_id, address_type, street_address, zip_code, city, country) values ('95db601b-9629-48f8-9e06-7d14e6524b3e', '93b43e44-7d5d-4769-b4cb-85a93a58bc2d', 'M', '169 Rempel Freeway', '70795', 'Hermannville', 'France');
INSERT INTO CUSTOMERS (id, first_name, last_name) values ('8f902f60-0c70-4ab4-acd1-292be3d2e84e', 'Catherina', 'Wintheiser');
INSERT INTO CUSTOMER_IDENTIFIERS (customer_id, identifier_id, identifier_value) values ('8f902f60-0c70-4ab4-acd1-292be3d2e84e', 101, '30185883196');
INSERT INTO CUSTOMER_IDENTIFIERS (customer_id, identifier_id, identifier_value) values ('8f902f60-0c70-4ab4-acd1-292be3d2e84e', 102, '760051119');
INSERT INTO CUSTOMER_ADDRESSES (address_id, customer_id, address_type, street_address, zip_code, city, country) values ('6665c295-3ee0-4aab-bb73-f28f88db6aef', '8f902f60-0c70-4ab4-acd1-292be3d2e84e', 'R', '902 Demarcus Island', '22628', 'Port Rositatown', 'Venezuela');
INSERT INTO CUSTOMER_ADDRESSES (address_id, customer_id, address_type, street_address, zip_code, city, country) values ('44b22c89-133e-4b1d-be19-d8a22f92fe5e', '8f902f60-0c70-4ab4-acd1-292be3d2e84e', 'M', '52229 Mills Causeway', '12583', 'Garretbury', 'Barbados');
INSERT INTO CUSTOMERS (id, first_name, last_name) values ('450b4d73-b85a-49a2-84d6-76e413588fb8', 'Nick', 'Collier');
INSERT INTO CUSTOMER_IDENTIFIERS (customer_id, identifier_id, identifier_value) values ('450b4d73-b85a-49a2-84d6-76e413588fb8', 102, '872665734');
INSERT INTO CUSTOMER_IDENTIFIERS (customer_id, identifier_id, identifier_value) values ('450b4d73-b85a-49a2-84d6-76e413588fb8', 103, '273-996-76-20');
INSERT INTO CUSTOMER_ADDRESSES (address_id, customer_id, address_type, street_address, zip_code, city, country) values ('11fc12c0-9afb-4620-82ee-e206843e192e', '450b4d73-b85a-49a2-84d6-76e413588fb8', 'R', '1906 Harris Summit', '17078-3234', 'West Leviport', 'Tajikistan');
INSERT INTO CUSTOMERS (id, first_name, last_name) values ('0da3a192-bc81-4b8f-82c5-8582eead7494', 'Albert', 'Nolan');
INSERT INTO CUSTOMER_IDENTIFIERS (customer_id, identifier_id, identifier_value) values ('0da3a192-bc81-4b8f-82c5-8582eead7494', 103, '596-615-80-18');
INSERT INTO CUSTOMER_ADDRESSES (address_id, customer_id, address_type, street_address, zip_code, city, country) values ('cfb87889-9f82-4482-82e1-543e8f94e7c9', '0da3a192-bc81-4b8f-82c5-8582eead7494', 'R', '78429 Santos Islands', '48161', 'New Ligia', 'Vanuatu');
INSERT INTO CUSTOMERS (id, first_name, last_name) values ('3cc0a530-bf0a-4d06-8d9b-1981b21ac069', 'Anthony', 'Connelly');
INSERT INTO CUSTOMER_IDENTIFIERS (customer_id, identifier_id, identifier_value) values ('3cc0a530-bf0a-4d06-8d9b-1981b21ac069', 102, '887002222');
INSERT INTO CUSTOMER_IDENTIFIERS (customer_id, identifier_id, identifier_value) values ('3cc0a530-bf0a-4d06-8d9b-1981b21ac069', 103, '290-163-80-81');
INSERT INTO CUSTOMER_ADDRESSES (address_id, customer_id, address_type, street_address, zip_code, city, country) values ('8612b069-bf91-48e5-8331-c8eb25e125db', '3cc0a530-bf0a-4d06-8d9b-1981b21ac069', 'R', '985 Dave Parks', '94600', 'Laureltown', 'Palau');
INSERT INTO CUSTOMERS (id, first_name, last_name) values ('a8270bed-485a-4b46-bc1a-2ba9fa259f9c', 'Sandy', 'Thiel');
INSERT INTO CUSTOMER_IDENTIFIERS (customer_id, identifier_id, identifier_value) values ('a8270bed-485a-4b46-bc1a-2ba9fa259f9c', 103, '034-083-44-54');
INSERT INTO CUSTOMER_ADDRESSES (address_id, customer_id, address_type, street_address, zip_code, city, country) values ('f707fe37-92b7-4c73-b2f2-1db27043d973', 'a8270bed-485a-4b46-bc1a-2ba9fa259f9c', 'R', '155 Cierra Lodge', '06281-6284', 'Kochstad', 'Bhutan');
INSERT INTO CUSTOMERS (id, first_name, last_name) values ('efbe1992-cef0-4acf-9780-b1f7fe967dff', 'Mose', 'Murazik');
INSERT INTO CUSTOMER_IDENTIFIERS (customer_id, identifier_id, identifier_value) values ('efbe1992-cef0-4acf-9780-b1f7fe967dff', 101, '36046758838');
INSERT INTO CUSTOMER_IDENTIFIERS (customer_id, identifier_id, identifier_value) values ('efbe1992-cef0-4acf-9780-b1f7fe967dff', 103, '621-687-73-44');
INSERT INTO CUSTOMER_ADDRESSES (address_id, customer_id, address_type, street_address, zip_code, city, country) values ('596c57c3-7197-4fcf-bb3c-1f16903ebb9a', 'efbe1992-cef0-4acf-9780-b1f7fe967dff', 'R', '94332 Klein Vista', '98636-3721', 'Annamaeside', 'Croatia');
INSERT INTO CUSTOMERS (id, first_name, last_name) values ('fc7d01fa-13f0-49d2-822d-a7e562605750', 'Asa', 'Mitchell');
INSERT INTO CUSTOMER_IDENTIFIERS (customer_id, identifier_id, identifier_value) values ('fc7d01fa-13f0-49d2-822d-a7e562605750', 102, '428631243');
INSERT INTO CUSTOMER_ADDRESSES (address_id, customer_id, address_type, street_address, zip_code, city, country) values ('1fc23a3d-ad91-49c0-9d41-3b3150853109', 'fc7d01fa-13f0-49d2-822d-a7e562605750', 'R', '08591 Jeanene Drive', '39983', 'Goldnermouth', 'Russian Federation');
INSERT INTO CUSTOMERS (id, first_name, last_name) values ('d8048442-6e86-4c61-814a-5aa86a9b7e6a', 'Lloyd', 'Padberg');
INSERT INTO CUSTOMER_IDENTIFIERS (customer_id, identifier_id, identifier_value) values ('d8048442-6e86-4c61-814a-5aa86a9b7e6a', 102, '763077766');
INSERT INTO CUSTOMER_ADDRESSES (address_id, customer_id, address_type, street_address, zip_code, city, country) values ('efb1119f-af1d-468d-b9f2-b823f3c23bb5', 'd8048442-6e86-4c61-814a-5aa86a9b7e6a', 'R', '57667 Labadie Camp', '58478', 'North Nick', 'Myanmar');
INSERT INTO CUSTOMERS (id, first_name, last_name) values ('dbaf1632-6f44-4927-99df-73de32a5bdd6', 'Elbert', 'Swift');
INSERT INTO CUSTOMER_IDENTIFIERS (customer_id, identifier_id, identifier_value) values ('dbaf1632-6f44-4927-99df-73de32a5bdd6', 101, '01032128174');
INSERT INTO CUSTOMER_IDENTIFIERS (customer_id, identifier_id, identifier_value) values ('dbaf1632-6f44-4927-99df-73de32a5bdd6', 102, '292399698');
INSERT INTO CUSTOMER_IDENTIFIERS (customer_id, identifier_id, identifier_value) values ('dbaf1632-6f44-4927-99df-73de32a5bdd6', 103, '647-092-00-97');
INSERT INTO CUSTOMER_ADDRESSES (address_id, customer_id, address_type, street_address, zip_code, city, country) values ('5d8e678c-e758-4cfd-80ab-f7f85979f2de', 'dbaf1632-6f44-4927-99df-73de32a5bdd6', 'R', '90295 Romelia Locks', '43306', 'Port Roberto', 'Northern Mariana Islands');
INSERT INTO CUSTOMERS (id, first_name, last_name) values ('7613dab4-2fe0-465d-9778-0d53a602b871', 'Lavada', 'Christiansen');
INSERT INTO CUSTOMER_IDENTIFIERS (customer_id, identifier_id, identifier_value) values ('7613dab4-2fe0-465d-9778-0d53a602b871', 102, '617560536');
INSERT INTO CUSTOMER_ADDRESSES (address_id, customer_id, address_type, street_address, zip_code, city, country) values ('991c90e3-4f59-48f5-b631-8d3710f836d3', '7613dab4-2fe0-465d-9778-0d53a602b871', 'R', '74279 Janean Alley', '50695', 'Lukefort', 'Israel');
INSERT INTO CUSTOMERS (id, first_name, last_name) values ('ef618cc3-679c-420d-a93e-3efc2950eef2', 'Elfrieda', 'Bayer');
INSERT INTO CUSTOMER_IDENTIFIERS (customer_id, identifier_id, identifier_value) values ('ef618cc3-679c-420d-a93e-3efc2950eef2', 101, '05769802761');
INSERT INTO CUSTOMER_ADDRESSES (address_id, customer_id, address_type, street_address, zip_code, city, country) values ('38fe3a75-ac72-45cd-b729-a69fe3ac0632', 'ef618cc3-679c-420d-a93e-3efc2950eef2', 'R', '9543 Ken Forest', '75190', 'North Myongmouth', 'Lesotho');
INSERT INTO CUSTOMERS (id, first_name, last_name) values ('93b54457-ac61-4e8e-932d-dc53857babc1', 'Lanny', 'Powlowski');
INSERT INTO CUSTOMER_IDENTIFIERS (customer_id, identifier_id, identifier_value) values ('93b54457-ac61-4e8e-932d-dc53857babc1', 102, '126793877');
INSERT INTO CUSTOMER_ADDRESSES (address_id, customer_id, address_type, street_address, zip_code, city, country) values ('db34e422-2b8e-4d29-b116-db7a94ac80fa', '93b54457-ac61-4e8e-932d-dc53857babc1', 'R', '82478 Rosenbaum Harbors', '67811', 'Granthaven', 'Niue');
INSERT INTO CUSTOMERS (id, first_name, last_name) values ('0de0a12c-c960-436f-9e60-ec7323c1eea8', 'Janet', 'Kassulke');
INSERT INTO CUSTOMER_IDENTIFIERS (customer_id, identifier_id, identifier_value) values ('0de0a12c-c960-436f-9e60-ec7323c1eea8', 101, '39402785500');
INSERT INTO CUSTOMER_IDENTIFIERS (customer_id, identifier_id, identifier_value) values ('0de0a12c-c960-436f-9e60-ec7323c1eea8', 103, '203-607-23-42');
INSERT INTO CUSTOMER_ADDRESSES (address_id, customer_id, address_type, street_address, zip_code, city, country) values ('e276a55e-66d9-403e-af8c-c6ba8d975f85', '0de0a12c-c960-436f-9e60-ec7323c1eea8', 'R', '1423 Frances Mount', '33364-1070', 'Auerchester', 'Portugal');
INSERT INTO CUSTOMERS (id, first_name, last_name) values ('20eee989-d683-44d3-b53e-df8c9a75ff34', 'Elli', 'Purdy');
INSERT INTO CUSTOMER_IDENTIFIERS (customer_id, identifier_id, identifier_value) values ('20eee989-d683-44d3-b53e-df8c9a75ff34', 102, '783810533');
INSERT INTO CUSTOMER_ADDRESSES (address_id, customer_id, address_type, street_address, zip_code, city, country) values ('be03f76e-affc-45ea-8b64-85479cc49752', '20eee989-d683-44d3-b53e-df8c9a75ff34', 'R', '001 Bradtke Circles', '83488', 'South Virgil', 'Greenland');
INSERT INTO CUSTOMERS (id, first_name, last_name) values ('2f504a02-f760-43ea-9bf9-9aca533f87f9', 'Seymour', 'Harvey');
INSERT INTO CUSTOMER_IDENTIFIERS (customer_id, identifier_id, identifier_value) values ('2f504a02-f760-43ea-9bf9-9aca533f87f9', 101, '10732402582');
INSERT INTO CUSTOMER_ADDRESSES (address_id, customer_id, address_type, street_address, zip_code, city, country) values ('82bb519e-d735-4501-8843-10673204f52d', '2f504a02-f760-43ea-9bf9-9aca533f87f9', 'R', '356 Tromp Gardens', '76962', 'South Ozziebury', 'Bulgaria');
INSERT INTO CUSTOMERS (id, first_name, last_name) values ('314e7b5a-f458-4175-a886-a6d72a5b64e7', 'Kylee', 'Gulgowski');
INSERT INTO CUSTOMER_IDENTIFIERS (customer_id, identifier_id, identifier_value) values ('314e7b5a-f458-4175-a886-a6d72a5b64e7', 102, '544991367');
INSERT INTO CUSTOMER_IDENTIFIERS (customer_id, identifier_id, identifier_value) values ('314e7b5a-f458-4175-a886-a6d72a5b64e7', 103, '578-230-12-40');
INSERT INTO CUSTOMER_ADDRESSES (address_id, customer_id, address_type, street_address, zip_code, city, country) values ('ecabd68f-88b2-4131-a9df-b8573926d509', '314e7b5a-f458-4175-a886-a6d72a5b64e7', 'R', '706 Quigley Terrace', '80080-1437', 'Port Felix', 'Turkmenistan');
INSERT INTO CUSTOMERS (id, first_name, last_name) values ('e14a6b90-5859-42fc-952b-445d9bb48820', 'Shasta', 'Macejkovic');
INSERT INTO CUSTOMER_IDENTIFIERS (customer_id, identifier_id, identifier_value) values ('e14a6b90-5859-42fc-952b-445d9bb48820', 101, '30192430216');
INSERT INTO CUSTOMER_ADDRESSES (address_id, customer_id, address_type, street_address, zip_code, city, country) values ('317c49e9-db8e-430c-9689-fc9979ba0859', 'e14a6b90-5859-42fc-952b-445d9bb48820', 'R', '48066 Toby View', '24212-5648', 'Lefflerbury', 'Brazil');
INSERT INTO CUSTOMER_ADDRESSES (address_id, customer_id, address_type, street_address, zip_code, city, country) values ('3c6044ad-b41b-4f06-9366-3831ba160c56', 'e14a6b90-5859-42fc-952b-445d9bb48820', 'M', '577 Shields Street', '32862-4751', 'Stantontown', 'Ecuador');
INSERT INTO CUSTOMERS (id, first_name, last_name) values ('e94e945a-a5de-4e67-a2c9-c36dba0f5a1d', 'Andy', 'Morissette');
INSERT INTO CUSTOMER_IDENTIFIERS (customer_id, identifier_id, identifier_value) values ('e94e945a-a5de-4e67-a2c9-c36dba0f5a1d', 101, '55121959311');
INSERT INTO CUSTOMER_IDENTIFIERS (customer_id, identifier_id, identifier_value) values ('e94e945a-a5de-4e67-a2c9-c36dba0f5a1d', 102, '701383321');
INSERT INTO CUSTOMER_IDENTIFIERS (customer_id, identifier_id, identifier_value) values ('e94e945a-a5de-4e67-a2c9-c36dba0f5a1d', 103, '182-944-24-31');
INSERT INTO CUSTOMER_ADDRESSES (address_id, customer_id, address_type, street_address, zip_code, city, country) values ('ecc34af3-392f-43a4-9cd9-b70473b511f8', 'e94e945a-a5de-4e67-a2c9-c36dba0f5a1d', 'R', '4560 Vernon Center', '48912-6967', 'Lake Royceton', 'Guatemala');
INSERT INTO CUSTOMERS (id, first_name, last_name) values ('3f12368e-b711-4419-a9d2-b85a5a5bbc5a', 'Angelia', 'Schneider');
INSERT INTO CUSTOMER_IDENTIFIERS (customer_id, identifier_id, identifier_value) values ('3f12368e-b711-4419-a9d2-b85a5a5bbc5a', 103, '828-925-44-04');
INSERT INTO CUSTOMER_ADDRESSES (address_id, customer_id, address_type, street_address, zip_code, city, country) values ('82d2a3aa-af01-418b-b7a7-373a0dbd6117', '3f12368e-b711-4419-a9d2-b85a5a5bbc5a', 'R', '847 Bruce Ranch', '32570-5521', 'Port Inga', 'Croatia');
INSERT INTO CUSTOMER_ADDRESSES (address_id, customer_id, address_type, street_address, zip_code, city, country) values ('12c7285e-8b0c-4dd2-9aae-ec4f766bfcf5', '3f12368e-b711-4419-a9d2-b85a5a5bbc5a', 'M', '469 Beier Freeway', '61482-1189', 'Gleasonland', 'Bahrain');
INSERT INTO CUSTOMERS (id, first_name, last_name) values ('ed9d3c7a-20b2-4926-bda1-57197d78fdb7', 'Mack', 'Nienow');
INSERT INTO CUSTOMER_IDENTIFIERS (customer_id, identifier_id, identifier_value) values ('ed9d3c7a-20b2-4926-bda1-57197d78fdb7', 101, '93065694924');
INSERT INTO CUSTOMER_IDENTIFIERS (customer_id, identifier_id, identifier_value) values ('ed9d3c7a-20b2-4926-bda1-57197d78fdb7', 102, '802465051');
INSERT INTO CUSTOMER_ADDRESSES (address_id, customer_id, address_type, street_address, zip_code, city, country) values ('4e560b6c-1b05-4650-b438-b251ce71eacf', 'ed9d3c7a-20b2-4926-bda1-57197d78fdb7', 'R', '1552 Aufderhar Ridges', '98629', 'North Chung', 'Uruguay');
INSERT INTO CUSTOMER_ADDRESSES (address_id, customer_id, address_type, street_address, zip_code, city, country) values ('e3c4168e-0599-4559-a927-6eb55ef77c37', 'ed9d3c7a-20b2-4926-bda1-57197d78fdb7', 'M', '6465 Dirk Causeway', '83171', 'Stepanieville', 'Portugal');
INSERT INTO CUSTOMERS (id, first_name, last_name) values ('79360baf-c0ab-46a1-92d1-0a0ff17bd7b2', 'Letty', 'Homenick');
INSERT INTO CUSTOMER_IDENTIFIERS (customer_id, identifier_id, identifier_value) values ('79360baf-c0ab-46a1-92d1-0a0ff17bd7b2', 102, '787495715');
INSERT INTO CUSTOMER_IDENTIFIERS (customer_id, identifier_id, identifier_value) values ('79360baf-c0ab-46a1-92d1-0a0ff17bd7b2', 103, '371-612-62-69');
INSERT INTO CUSTOMER_ADDRESSES (address_id, customer_id, address_type, street_address, zip_code, city, country) values ('4275f996-4779-4184-b6c4-719604b885c3', '79360baf-c0ab-46a1-92d1-0a0ff17bd7b2', 'R', '676 Block Views', '94012-5085', 'Hicklechester', 'Lebanon');
INSERT INTO CUSTOMER_ADDRESSES (address_id, customer_id, address_type, street_address, zip_code, city, country) values ('0ee35c82-7240-49db-b3b7-f6bdc610618e', '79360baf-c0ab-46a1-92d1-0a0ff17bd7b2', 'M', '593 Wintheiser Fork', '76598-5697', 'Jordanton', 'Denmark');
INSERT INTO CUSTOMERS (id, first_name, last_name) values ('bcdcb874-f01a-4189-8a4d-abb04469e7f5', 'Dwight', 'Miller');
INSERT INTO CUSTOMER_IDENTIFIERS (customer_id, identifier_id, identifier_value) values ('bcdcb874-f01a-4189-8a4d-abb04469e7f5', 101, '81394616657');
INSERT INTO CUSTOMER_ADDRESSES (address_id, customer_id, address_type, street_address, zip_code, city, country) values ('20865826-3adb-4680-a05c-6fca3fecd9de', 'bcdcb874-f01a-4189-8a4d-abb04469e7f5', 'R', '67235 Sipes Brook', '52435', 'Michalville', 'South Georgia and the South Sandwich Islands');
INSERT INTO CUSTOMERS (id, first_name, last_name) values ('c42dc456-4d94-401c-b38b-bd5af4bce1e5', 'Leonard', 'Koch');
INSERT INTO CUSTOMER_IDENTIFIERS (customer_id, identifier_id, identifier_value) values ('c42dc456-4d94-401c-b38b-bd5af4bce1e5', 103, '422-824-12-17');
INSERT INTO CUSTOMER_ADDRESSES (address_id, customer_id, address_type, street_address, zip_code, city, country) values ('f608ebbe-7964-4830-9859-6e67b1c7d748', 'c42dc456-4d94-401c-b38b-bd5af4bce1e5', 'R', '464 Melinda Springs', '68337', 'Weimannchester', 'Congo');
INSERT INTO CUSTOMERS (id, first_name, last_name) values ('b3377ff7-bf20-469a-a18a-ad5ac5f3ab58', 'Enoch', 'Bechtelar');
INSERT INTO CUSTOMER_IDENTIFIERS (customer_id, identifier_id, identifier_value) values ('b3377ff7-bf20-469a-a18a-ad5ac5f3ab58', 101, '81569149148');
INSERT INTO CUSTOMER_IDENTIFIERS (customer_id, identifier_id, identifier_value) values ('b3377ff7-bf20-469a-a18a-ad5ac5f3ab58', 103, '101-426-39-82');
INSERT INTO CUSTOMER_ADDRESSES (address_id, customer_id, address_type, street_address, zip_code, city, country) values ('52ed30e9-7322-4d49-84c8-8fb0ecfa7acd', 'b3377ff7-bf20-469a-a18a-ad5ac5f3ab58', 'R', '42717 Nolan Ville', '74172', 'Cordieport', 'Tonga');
INSERT INTO CUSTOMERS (id, first_name, last_name) values ('459e6874-2bbd-49b1-8699-03ff16f1391a', 'Clement', 'Deckow');
INSERT INTO CUSTOMER_IDENTIFIERS (customer_id, identifier_id, identifier_value) values ('459e6874-2bbd-49b1-8699-03ff16f1391a', 102, '970166762');
INSERT INTO CUSTOMER_IDENTIFIERS (customer_id, identifier_id, identifier_value) values ('459e6874-2bbd-49b1-8699-03ff16f1391a', 103, '215-879-89-88');
INSERT INTO CUSTOMER_ADDRESSES (address_id, customer_id, address_type, street_address, zip_code, city, country) values ('bb9b0b18-15fa-4692-a46c-352c7b1e53a6', '459e6874-2bbd-49b1-8699-03ff16f1391a', 'R', '4716 Keturah Passage', '00293-5382', 'Schroederstad', 'Congo');
INSERT INTO CUSTOMERS (id, first_name, last_name) values ('80f8e481-1cfc-47d5-9f28-24b0c6c91270', 'Joaquin', 'Schumm');
INSERT INTO CUSTOMER_IDENTIFIERS (customer_id, identifier_id, identifier_value) values ('80f8e481-1cfc-47d5-9f28-24b0c6c91270', 101, '12368288584');
INSERT INTO CUSTOMER_IDENTIFIERS (customer_id, identifier_id, identifier_value) values ('80f8e481-1cfc-47d5-9f28-24b0c6c91270', 103, '756-605-21-74');
INSERT INTO CUSTOMER_ADDRESSES (address_id, customer_id, address_type, street_address, zip_code, city, country) values ('e48664b8-e78f-49f4-b280-837b2d7bce36', '80f8e481-1cfc-47d5-9f28-24b0c6c91270', 'R', '69594 Bradtke Burgs', '37656', 'Kshlerintown', 'Hong Kong');
INSERT INTO CUSTOMERS (id, first_name, last_name) values ('c93577cb-4578-419e-9b8d-166e630b0fd4', 'Gwyneth', 'Goldner');
INSERT INTO CUSTOMER_IDENTIFIERS (customer_id, identifier_id, identifier_value) values ('c93577cb-4578-419e-9b8d-166e630b0fd4', 101, '98600043835');
INSERT INTO CUSTOMER_IDENTIFIERS (customer_id, identifier_id, identifier_value) values ('c93577cb-4578-419e-9b8d-166e630b0fd4', 102, '265357769');
INSERT INTO CUSTOMER_IDENTIFIERS (customer_id, identifier_id, identifier_value) values ('c93577cb-4578-419e-9b8d-166e630b0fd4', 103, '005-866-14-47');
INSERT INTO CUSTOMER_ADDRESSES (address_id, customer_id, address_type, street_address, zip_code, city, country) values ('68df8fda-d0aa-43b1-8466-c7fcb8cfc47b', 'c93577cb-4578-419e-9b8d-166e630b0fd4', 'R', '741 Fadel Garden', '00306-0233', 'Lake Willybury', 'Guinea');
INSERT INTO CUSTOMERS (id, first_name, last_name) values ('06bd4329-fa44-43f6-ac10-9d761623ecdf', 'Jared', 'Turner');
INSERT INTO CUSTOMER_IDENTIFIERS (customer_id, identifier_id, identifier_value) values ('06bd4329-fa44-43f6-ac10-9d761623ecdf', 102, '138967346');
INSERT INTO CUSTOMER_ADDRESSES (address_id, customer_id, address_type, street_address, zip_code, city, country) values ('ca6832f8-33f7-4cae-a1be-eb5246d791ee', '06bd4329-fa44-43f6-ac10-9d761623ecdf', 'R', '32110 Wilkinson Gardens', '91153', 'Opalview', 'Peru');
INSERT INTO CUSTOMERS (id, first_name, last_name) values ('258d5938-c307-4bbd-bdfa-61105e7bccfe', 'Phyliss', 'Turner');
INSERT INTO CUSTOMER_IDENTIFIERS (customer_id, identifier_id, identifier_value) values ('258d5938-c307-4bbd-bdfa-61105e7bccfe', 103, '718-598-19-55');
INSERT INTO CUSTOMER_ADDRESSES (address_id, customer_id, address_type, street_address, zip_code, city, country) values ('502c7a3f-c84a-4244-99ec-9cd4c80d9c17', '258d5938-c307-4bbd-bdfa-61105e7bccfe', 'R', '794 Ferry Garden', '05414-3952', 'Albertofurt', 'Syrian Arab Republic');
INSERT INTO CUSTOMER_ADDRESSES (address_id, customer_id, address_type, street_address, zip_code, city, country) values ('bcd78199-8631-4385-9e86-af319fbdbc78', '258d5938-c307-4bbd-bdfa-61105e7bccfe', 'M', '4092 Regan Brook', '37351', 'East Nida', 'French Guiana');
INSERT INTO CUSTOMERS (id, first_name, last_name) values ('33625245-e7ad-4e07-a3e1-4a780232dc4c', 'Linn', 'Marquardt');
INSERT INTO CUSTOMER_IDENTIFIERS (customer_id, identifier_id, identifier_value) values ('33625245-e7ad-4e07-a3e1-4a780232dc4c', 102, '630769309');
INSERT INTO CUSTOMER_ADDRESSES (address_id, customer_id, address_type, street_address, zip_code, city, country) values ('c8d5e94f-60de-45c8-bcd1-e29413ee9b43', '33625245-e7ad-4e07-a3e1-4a780232dc4c', 'R', '2111 Wisoky Mountain', '95084-7954', 'South Stevehaven', 'Fiji');
INSERT INTO CUSTOMERS (id, first_name, last_name) values ('44f0a6d4-51b5-477f-b5ec-12f05b75f27e', 'Brice', 'Roob');
INSERT INTO CUSTOMER_IDENTIFIERS (customer_id, identifier_id, identifier_value) values ('44f0a6d4-51b5-477f-b5ec-12f05b75f27e', 101, '91739726150');
INSERT INTO CUSTOMER_ADDRESSES (address_id, customer_id, address_type, street_address, zip_code, city, country) values ('b79d0d20-3d25-4d45-9c1a-cb5a6fe4fd61', '44f0a6d4-51b5-477f-b5ec-12f05b75f27e', 'R', '62093 Adalberto Summit', '34079', 'Laiview', 'Gabon');
INSERT INTO CUSTOMER_ADDRESSES (address_id, customer_id, address_type, street_address, zip_code, city, country) values ('b3954495-a977-4b2e-aa27-e12913901e46', '44f0a6d4-51b5-477f-b5ec-12f05b75f27e', 'M', '80769 Orville Stravenue', '46387-6412', 'South Patrickbury', 'Central African Republic');
INSERT INTO CUSTOMERS (id, first_name, last_name) values ('4fb105dd-47b2-443b-8b6a-4f2d94a335c6', 'Rena', 'Brakus');
INSERT INTO CUSTOMER_IDENTIFIERS (customer_id, identifier_id, identifier_value) values ('4fb105dd-47b2-443b-8b6a-4f2d94a335c6', 101, '50460160968');
INSERT INTO CUSTOMER_ADDRESSES (address_id, customer_id, address_type, street_address, zip_code, city, country) values ('e1c5189c-30ac-4358-977b-baf2df623b68', '4fb105dd-47b2-443b-8b6a-4f2d94a335c6', 'R', '2977 Edgar Drives', '71034', 'Juliusbury', 'Japan');
INSERT INTO CUSTOMER_ADDRESSES (address_id, customer_id, address_type, street_address, zip_code, city, country) values ('9495db66-6c32-413f-b590-03024ad72e63', '4fb105dd-47b2-443b-8b6a-4f2d94a335c6', 'M', '1888 Lyndon Prairie', '80353', 'Port Lenny', 'Austria');
INSERT INTO CUSTOMERS (id, first_name, last_name) values ('78d7c682-bed2-4d26-ac62-78f6c910e7f9', 'Elwood', 'O''Keefe');
INSERT INTO CUSTOMER_IDENTIFIERS (customer_id, identifier_id, identifier_value) values ('78d7c682-bed2-4d26-ac62-78f6c910e7f9', 103, '032-708-46-47');
INSERT INTO CUSTOMER_ADDRESSES (address_id, customer_id, address_type, street_address, zip_code, city, country) values ('1f978723-e993-461b-ac25-e755118422be', '78d7c682-bed2-4d26-ac62-78f6c910e7f9', 'R', '29481 Timmy Parkway', '55781', 'North Renay', 'Peru');
INSERT INTO CUSTOMERS (id, first_name, last_name) values ('30482f0f-5970-4305-80f6-1bb21d662009', 'Samuel', 'Gutmann');
INSERT INTO CUSTOMER_IDENTIFIERS (customer_id, identifier_id, identifier_value) values ('30482f0f-5970-4305-80f6-1bb21d662009', 101, '97294163590');
INSERT INTO CUSTOMER_IDENTIFIERS (customer_id, identifier_id, identifier_value) values ('30482f0f-5970-4305-80f6-1bb21d662009', 102, '768490309');
INSERT INTO CUSTOMER_ADDRESSES (address_id, customer_id, address_type, street_address, zip_code, city, country) values ('3dde127b-d5a0-43db-9709-8313178a019c', '30482f0f-5970-4305-80f6-1bb21d662009', 'R', '78119 Hodkiewicz Landing', '02877-5466', 'Sanashire', 'Norway');
INSERT INTO CUSTOMERS (id, first_name, last_name) values ('d2c0d834-4431-42c1-a5a9-f91063db68bd', 'Bree', 'Lueilwitz');
INSERT INTO CUSTOMER_IDENTIFIERS (customer_id, identifier_id, identifier_value) values ('d2c0d834-4431-42c1-a5a9-f91063db68bd', 102, '323869619');
INSERT INTO CUSTOMER_IDENTIFIERS (customer_id, identifier_id, identifier_value) values ('d2c0d834-4431-42c1-a5a9-f91063db68bd', 103, '734-553-48-53');
INSERT INTO CUSTOMER_ADDRESSES (address_id, customer_id, address_type, street_address, zip_code, city, country) values ('2e28827a-5cee-4c58-bc6e-d54dde3ee8e3', 'd2c0d834-4431-42c1-a5a9-f91063db68bd', 'R', '21329 Bins Avenue', '53893', 'Kshlerinmouth', 'San Marino');
INSERT INTO CUSTOMERS (id, first_name, last_name) values ('b898572f-3612-472b-a7ee-4cee7df9882a', 'Erin', 'Treutel');
INSERT INTO CUSTOMER_IDENTIFIERS (customer_id, identifier_id, identifier_value) values ('b898572f-3612-472b-a7ee-4cee7df9882a', 101, '27431984439');
INSERT INTO CUSTOMER_IDENTIFIERS (customer_id, identifier_id, identifier_value) values ('b898572f-3612-472b-a7ee-4cee7df9882a', 103, '377-524-28-15');
INSERT INTO CUSTOMER_ADDRESSES (address_id, customer_id, address_type, street_address, zip_code, city, country) values ('8635e8b2-c8bf-4647-b211-1ac1e63732ee', 'b898572f-3612-472b-a7ee-4cee7df9882a', 'R', '45379 Ignacio Junctions', '04754-3602', 'Isabelleshire', 'Liechtenstein');
INSERT INTO CUSTOMERS (id, first_name, last_name) values ('de9a32d6-5bae-43ff-bbae-a5654640c187', 'Robert', 'Nienow');
INSERT INTO CUSTOMER_IDENTIFIERS (customer_id, identifier_id, identifier_value) values ('de9a32d6-5bae-43ff-bbae-a5654640c187', 101, '87906385932');
INSERT INTO CUSTOMER_IDENTIFIERS (customer_id, identifier_id, identifier_value) values ('de9a32d6-5bae-43ff-bbae-a5654640c187', 103, '084-595-15-28');
INSERT INTO CUSTOMER_ADDRESSES (address_id, customer_id, address_type, street_address, zip_code, city, country) values ('7fa206c3-4deb-41bf-b350-adc6dd7f7d01', 'de9a32d6-5bae-43ff-bbae-a5654640c187', 'R', '886 Hayes Field', '50670-2344', 'New Oletaberg', 'Djibouti');
INSERT INTO CUSTOMERS (id, first_name, last_name) values ('9e2be6fc-1796-42fe-b29e-6046acf91501', 'Reynalda', 'Ullrich');
INSERT INTO CUSTOMER_IDENTIFIERS (customer_id, identifier_id, identifier_value) values ('9e2be6fc-1796-42fe-b29e-6046acf91501', 102, '452867050');
INSERT INTO CUSTOMER_ADDRESSES (address_id, customer_id, address_type, street_address, zip_code, city, country) values ('574956c4-6061-46aa-a59d-ede77b80c156', '9e2be6fc-1796-42fe-b29e-6046acf91501', 'R', '26199 Haag Garden', '97933', 'Hilllberg', 'Kyrgyz Republic');
INSERT INTO CUSTOMERS (id, first_name, last_name) values ('e1293777-130f-4763-b8f8-611250539baf', 'Stasia', 'Reynolds');
INSERT INTO CUSTOMER_IDENTIFIERS (customer_id, identifier_id, identifier_value) values ('e1293777-130f-4763-b8f8-611250539baf', 101, '08524365487');
INSERT INTO CUSTOMER_ADDRESSES (address_id, customer_id, address_type, street_address, zip_code, city, country) values ('799014a7-2950-40ad-9bd7-9de5b0c1cff3', 'e1293777-130f-4763-b8f8-611250539baf', 'R', '26407 Georgia Cape', '96372-3146', 'Metzstad', 'Nigeria');
INSERT INTO CUSTOMER_ADDRESSES (address_id, customer_id, address_type, street_address, zip_code, city, country) values ('071fbfdf-c7b1-4ebe-9f35-de052898df69', 'e1293777-130f-4763-b8f8-611250539baf', 'M', '754 Earleen Orchard', '64393', 'Port Samanthaside', 'Russian Federation');
INSERT INTO CUSTOMERS (id, first_name, last_name) values ('6af518fc-fe36-4a79-b6a8-71ae2650e488', 'Latina', 'Emmerich');
INSERT INTO CUSTOMER_IDENTIFIERS (customer_id, identifier_id, identifier_value) values ('6af518fc-fe36-4a79-b6a8-71ae2650e488', 101, '48000621868');
INSERT INTO CUSTOMER_IDENTIFIERS (customer_id, identifier_id, identifier_value) values ('6af518fc-fe36-4a79-b6a8-71ae2650e488', 102, '353116537');
INSERT INTO CUSTOMER_ADDRESSES (address_id, customer_id, address_type, street_address, zip_code, city, country) values ('5ad97fea-da5c-4dbb-9745-5defff14b347', '6af518fc-fe36-4a79-b6a8-71ae2650e488', 'R', '546 Kera Shore', '04233', 'West Emelda', 'Saint Barthelemy');
INSERT INTO CUSTOMERS (id, first_name, last_name) values ('7ff91a89-f045-44e5-80c4-4cb32de32b4a', 'Yvonne', 'Schuppe');
INSERT INTO CUSTOMER_IDENTIFIERS (customer_id, identifier_id, identifier_value) values ('7ff91a89-f045-44e5-80c4-4cb32de32b4a', 103, '968-519-03-65');
INSERT INTO CUSTOMER_ADDRESSES (address_id, customer_id, address_type, street_address, zip_code, city, country) values ('be6e7d47-4513-4bed-bbce-e89b79ae036e', '7ff91a89-f045-44e5-80c4-4cb32de32b4a', 'R', '14865 Kenny Ports', '82614', 'Lashaundabury', 'Nicaragua');
INSERT INTO CUSTOMERS (id, first_name, last_name) values ('1755fc78-8663-4d11-8fce-9a5493aa6a05', 'Tomi', 'Berge');
INSERT INTO CUSTOMER_IDENTIFIERS (customer_id, identifier_id, identifier_value) values ('1755fc78-8663-4d11-8fce-9a5493aa6a05', 101, '36577108706');
INSERT INTO CUSTOMER_IDENTIFIERS (customer_id, identifier_id, identifier_value) values ('1755fc78-8663-4d11-8fce-9a5493aa6a05', 103, '223-486-55-74');
INSERT INTO CUSTOMER_ADDRESSES (address_id, customer_id, address_type, street_address, zip_code, city, country) values ('ac995e4f-7604-4b0e-a613-68b9c484acb6', '1755fc78-8663-4d11-8fce-9a5493aa6a05', 'R', '480 Leif Curve', '23396', 'Lake Gus', 'Congo');
INSERT INTO CUSTOMERS (id, first_name, last_name) values ('c87f9528-4c05-43c8-ae47-3c058a056029', 'Lynette', 'Gusikowski');
INSERT INTO CUSTOMER_IDENTIFIERS (customer_id, identifier_id, identifier_value) values ('c87f9528-4c05-43c8-ae47-3c058a056029', 102, '891758609');
INSERT INTO CUSTOMER_ADDRESSES (address_id, customer_id, address_type, street_address, zip_code, city, country) values ('dd7cd0f3-4888-4473-a104-700b2f63a1b3', 'c87f9528-4c05-43c8-ae47-3c058a056029', 'R', '50687 Marco Trail', '83501', 'Huelston', 'Congo');
INSERT INTO CUSTOMERS (id, first_name, last_name) values ('987008ec-052e-405a-b7a5-ebe23a1be565', 'Carole', 'Rice');
INSERT INTO CUSTOMER_IDENTIFIERS (customer_id, identifier_id, identifier_value) values ('987008ec-052e-405a-b7a5-ebe23a1be565', 102, '929439594');
INSERT INTO CUSTOMER_ADDRESSES (address_id, customer_id, address_type, street_address, zip_code, city, country) values ('2e0f505c-6ae5-4a95-a2b3-54132ef8c56c', '987008ec-052e-405a-b7a5-ebe23a1be565', 'R', '49851 McGlynn Club', '13476-5834', 'South Tranberg', 'Seychelles');
INSERT INTO CUSTOMERS (id, first_name, last_name) values ('5f1e9dbf-5ae2-44a7-8d0e-407e5ce06676', 'Melonie', 'McDermott');
INSERT INTO CUSTOMER_IDENTIFIERS (customer_id, identifier_id, identifier_value) values ('5f1e9dbf-5ae2-44a7-8d0e-407e5ce06676', 103, '941-565-69-57');
INSERT INTO CUSTOMER_ADDRESSES (address_id, customer_id, address_type, street_address, zip_code, city, country) values ('209a437b-27b9-47aa-ad34-8ebaf3171ad8', '5f1e9dbf-5ae2-44a7-8d0e-407e5ce06676', 'R', '6804 Cassy Brook', '58619-4493', 'Lake Darius', 'Comoros');
INSERT INTO CUSTOMER_ADDRESSES (address_id, customer_id, address_type, street_address, zip_code, city, country) values ('91765f9e-1ef8-4019-9eae-2dac9f1cf79c', '5f1e9dbf-5ae2-44a7-8d0e-407e5ce06676', 'M', '1100 Kovacek Landing', '44790', 'Ronnaborough', 'Greenland');
INSERT INTO CUSTOMERS (id, first_name, last_name) values ('25439ebc-6be0-4f6e-9ed2-02bb3cb030c1', 'Leeanne', 'Carroll');
INSERT INTO CUSTOMER_IDENTIFIERS (customer_id, identifier_id, identifier_value) values ('25439ebc-6be0-4f6e-9ed2-02bb3cb030c1', 102, '174627070');
INSERT INTO CUSTOMER_ADDRESSES (address_id, customer_id, address_type, street_address, zip_code, city, country) values ('dcac81db-480a-4afc-baa5-25cfc6c88fb7', '25439ebc-6be0-4f6e-9ed2-02bb3cb030c1', 'R', '011 Isreal Oval', '71330-6672', 'Florencioshire', 'Congo');
INSERT INTO CUSTOMERS (id, first_name, last_name) values ('d967e65b-b563-4705-ace1-acbf7a88095b', 'Lyla', 'King');
INSERT INTO CUSTOMER_IDENTIFIERS (customer_id, identifier_id, identifier_value) values ('d967e65b-b563-4705-ace1-acbf7a88095b', 102, '083650269');
INSERT INTO CUSTOMER_IDENTIFIERS (customer_id, identifier_id, identifier_value) values ('d967e65b-b563-4705-ace1-acbf7a88095b', 103, '193-362-73-36');
INSERT INTO CUSTOMER_ADDRESSES (address_id, customer_id, address_type, street_address, zip_code, city, country) values ('547fbd22-f80e-4fb4-86b6-e5816be202ba', 'd967e65b-b563-4705-ace1-acbf7a88095b', 'R', '582 Paulina Spurs', '98986-1247', 'Lesborough', 'Romania');
INSERT INTO CUSTOMER_ADDRESSES (address_id, customer_id, address_type, street_address, zip_code, city, country) values ('421ef9c9-52ad-49ac-b8c5-7bc8a91dd211', 'd967e65b-b563-4705-ace1-acbf7a88095b', 'M', '63717 Kulas Forge', '99882', 'Lenborough', 'Niger');
INSERT INTO CUSTOMERS (id, first_name, last_name) values ('9fd38bd7-5edc-4888-9220-0e25582c995c', 'Erwin', 'Mills');
INSERT INTO CUSTOMER_IDENTIFIERS (customer_id, identifier_id, identifier_value) values ('9fd38bd7-5edc-4888-9220-0e25582c995c', 102, '672974715');
INSERT INTO CUSTOMER_ADDRESSES (address_id, customer_id, address_type, street_address, zip_code, city, country) values ('beb3301a-4291-4c82-bed4-63fb247091da', '9fd38bd7-5edc-4888-9220-0e25582c995c', 'R', '24412 Lino Port', '73347-8993', 'East Alfreda', 'Saint Martin');
INSERT INTO CUSTOMERS (id, first_name, last_name) values ('f9cddb25-97be-4262-b504-02e14b0c93d7', 'Adrien', 'Renner');
INSERT INTO CUSTOMER_IDENTIFIERS (customer_id, identifier_id, identifier_value) values ('f9cddb25-97be-4262-b504-02e14b0c93d7', 101, '16292834809');
INSERT INTO CUSTOMER_IDENTIFIERS (customer_id, identifier_id, identifier_value) values ('f9cddb25-97be-4262-b504-02e14b0c93d7', 103, '178-775-32-22');
INSERT INTO CUSTOMER_ADDRESSES (address_id, customer_id, address_type, street_address, zip_code, city, country) values ('122a72c2-706a-4907-a72c-f41e1e44e058', 'f9cddb25-97be-4262-b504-02e14b0c93d7', 'R', '13608 Shenika Junctions', '58370', 'Lake Krisshire', 'Zimbabwe');
INSERT INTO CUSTOMERS (id, first_name, last_name) values ('343a786a-7b7e-4def-b9ad-6162d433b1bd', 'Felix', 'Cruickshank');
INSERT INTO CUSTOMER_IDENTIFIERS (customer_id, identifier_id, identifier_value) values ('343a786a-7b7e-4def-b9ad-6162d433b1bd', 101, '51892420622');
INSERT INTO CUSTOMER_ADDRESSES (address_id, customer_id, address_type, street_address, zip_code, city, country) values ('21600682-6467-4f4b-8a78-9b26be91e8ee', '343a786a-7b7e-4def-b9ad-6162d433b1bd', 'R', '83802 Rodrigo Fall', '39306', 'McLaughlinchester', 'Nicaragua');
INSERT INTO CUSTOMER_ADDRESSES (address_id, customer_id, address_type, street_address, zip_code, city, country) values ('015a6715-0be3-43b7-8560-b0dcd3a395f9', '343a786a-7b7e-4def-b9ad-6162d433b1bd', 'M', '156 Ruthie Mall', '46098', 'Schmidthaven', 'Nigeria');
INSERT INTO CUSTOMERS (id, first_name, last_name) values ('4587216d-c63a-4137-9d16-725e262981bf', 'Yuko', 'Mosciski');
INSERT INTO CUSTOMER_IDENTIFIERS (customer_id, identifier_id, identifier_value) values ('4587216d-c63a-4137-9d16-725e262981bf', 101, '33882517634');
INSERT INTO CUSTOMER_IDENTIFIERS (customer_id, identifier_id, identifier_value) values ('4587216d-c63a-4137-9d16-725e262981bf', 102, '438539703');
INSERT INTO CUSTOMER_ADDRESSES (address_id, customer_id, address_type, street_address, zip_code, city, country) values ('ebe97163-7ae1-4366-ad89-c323f24cc3ea', '4587216d-c63a-4137-9d16-725e262981bf', 'R', '464 Luigi Underpass', '18594-3505', 'Port Jenatown', 'Australia');
INSERT INTO CUSTOMERS (id, first_name, last_name) values ('507c002c-5fda-4fd1-aa51-7debe88bcd86', 'Angelique', 'Stamm');
INSERT INTO CUSTOMER_IDENTIFIERS (customer_id, identifier_id, identifier_value) values ('507c002c-5fda-4fd1-aa51-7debe88bcd86', 101, '00963203699');
INSERT INTO CUSTOMER_IDENTIFIERS (customer_id, identifier_id, identifier_value) values ('507c002c-5fda-4fd1-aa51-7debe88bcd86', 103, '759-218-77-12');
INSERT INTO CUSTOMER_ADDRESSES (address_id, customer_id, address_type, street_address, zip_code, city, country) values ('941f49b6-76be-4295-8ca7-9cc8b683a234', '507c002c-5fda-4fd1-aa51-7debe88bcd86', 'R', '2000 Hai Estates', '08360', 'Strackeville', 'Greenland');
INSERT INTO CUSTOMERS (id, first_name, last_name) values ('6899c19d-7025-45fa-a0a9-e914b40de38a', 'Alberto', 'Medhurst');
INSERT INTO CUSTOMER_IDENTIFIERS (customer_id, identifier_id, identifier_value) values ('6899c19d-7025-45fa-a0a9-e914b40de38a', 101, '63114005137');
INSERT INTO CUSTOMER_IDENTIFIERS (customer_id, identifier_id, identifier_value) values ('6899c19d-7025-45fa-a0a9-e914b40de38a', 102, '325786720');
INSERT INTO CUSTOMER_IDENTIFIERS (customer_id, identifier_id, identifier_value) values ('6899c19d-7025-45fa-a0a9-e914b40de38a', 103, '563-284-78-70');
INSERT INTO CUSTOMER_ADDRESSES (address_id, customer_id, address_type, street_address, zip_code, city, country) values ('139c8d91-508b-42b3-af3b-0df2936bfb4a', '6899c19d-7025-45fa-a0a9-e914b40de38a', 'R', '46405 Rath Valleys', '24641-2305', 'Eduardotown', 'Pakistan');
INSERT INTO CUSTOMERS (id, first_name, last_name) values ('db240c57-ded2-492e-a5a3-c217428d203b', 'Kathern', 'Stamm');
INSERT INTO CUSTOMER_IDENTIFIERS (customer_id, identifier_id, identifier_value) values ('db240c57-ded2-492e-a5a3-c217428d203b', 101, '88331119566');
INSERT INTO CUSTOMER_ADDRESSES (address_id, customer_id, address_type, street_address, zip_code, city, country) values ('54f84dac-da00-4fd9-8ccb-a3a1d957bf61', 'db240c57-ded2-492e-a5a3-c217428d203b', 'R', '215 Curt Square', '13697', 'Willmsmouth', 'New Caledonia');
INSERT INTO CUSTOMER_ADDRESSES (address_id, customer_id, address_type, street_address, zip_code, city, country) values ('2d746acd-c885-490c-b9b0-392c28dd62fe', 'db240c57-ded2-492e-a5a3-c217428d203b', 'M', '2313 Joseph Heights', '79973-7644', 'Port Dyan', 'Qatar');
